MES,ID_EMPRESA,ID_CONTA_CONTABIL,DRE_TECWAY
01/2022,6,3.1.01.01.000002,499.98153
01/2022,6,3.1.01.01.000003,0.0
01/2022,6,3.1.02.02.000002,-9.99963
01/2022,6,3.1.02.02.000003,-8.24997
01/2022,6,3.1.02.02.000004,-37.99984
01/2022,6,3.1.02.02.000009,0.0
01/2022,6,3.1.02.02.000010,0.0
01/2022,6,3.1.03.02.000003,0.0
01/2022,6,4.1.01.01.000001,-83.71376
01/2022,6,4.1.01.01.000002,0.0
01/2022,6,4.1.01.01.000003,0.0
01/2022,6,4.1.01.01.000009,0.0
01/2022,6,4.1.01.02.000001,-23.06697
01/2022,6,4.1.01.02.000002,-6.32685
01/2022,6,4.1.01.02.000003,-0.49658
01/2022,6,4.1.01.02.000004,0.0
01/2022,6,4.1.01.02.000006,0.0
01/2022,6,4.1.01.02.000007,0.0
01/2022,6,4.1.01.03.000001,-4.08
01/2022,6,4.1.01.03.000003,0.0
01/2022,6,4.1.01.03.000004,0.0
01/2022,6,4.1.01.03.000006,-0.426
01/2022,6,4.1.01.03.000009,0.0
01/2022,6,4.1.01.03.000010,0.0
01/2022,6,4.1.01.04.000004,0.0
01/2022,6,4.1.01.05.000001,0.0
01/2022,6,4.1.01.05.000002,0.0
01/2022,6,4.1.01.05.000003,0.0
01/2022,6,4.1.01.05.000006,-244.41165
01/2022,6,4.1.01.06.000001,0.0
01/2022,6,4.1.01.06.000002,0.0
01/2022,6,4.1.01.06.000004,-11.39
01/2022,6,4.1.01.07.000007,0.0
01/2022,6,4.1.01.07.000012,0.0
01/2022,6,4.1.01.07.000013,0.0
01/2022,6,4.1.01.07.000014,0.0
01/2022,6,4.1.01.08.000001,0.0
01/2022,6,4.1.01.08.000004,-2.50879
01/2022,6,4.1.01.08.000005,0.0
01/2022,6,4.1.01.08.000006,0.0
01/2022,6,4.1.01.11.000002,0.0
01/2022,6,4.1.01.11.000008,0.0
01/2022,6,4.1.01.11.000009,0.0
01/2022,6,4.1.01.11.000025,0.0
01/2022,6,5.1.01.01.000001,0.0
01/2022,6,5.1.01.01.000003,0.0
01/2022,6,5.1.01.01.000004,0.0
01/2022,6,5.1.01.02.000001,0.0
01/2022,6,5.1.01.02.000002,0.0
01/2022,6,5.1.01.02.000004,0.0
01/2022,6,5.1.01.02.000005,0.0
01/2022,6,5.1.01.02.000007,0.0
01/2022,6,5.1.01.03.000001,0.0
01/2022,6,5.1.01.03.000004,0.0
01/2022,6,5.1.01.03.000006,0.0
01/2022,6,5.1.01.03.000009,0.0
01/2022,6,5.1.01.03.000010,0.0
01/2022,6,5.1.01.04.000001,0.0
01/2022,6,5.1.01.04.000002,0.0
01/2022,6,5.1.01.04.000004,0.0
01/2022,6,5.1.01.05.000001,0.0
01/2022,6,5.1.01.05.000002,0.0
01/2022,6,5.1.01.05.000006,0.0
01/2022,6,5.1.01.06.000004,0.0
01/2022,6,5.1.01.06.000007,0.0
01/2022,6,5.1.01.07.000007,0.0
01/2022,6,5.1.01.07.000012,0.0
01/2022,6,5.1.01.08.000001,0.0
01/2022,6,5.1.01.08.000004,0.0
01/2022,6,5.1.01.08.000005,0.0
01/2022,6,5.1.01.11.000001,0.0
01/2022,6,5.1.01.11.000002,0.0
01/2022,6,5.1.01.11.000005,-1.0
01/2022,6,5.1.01.11.000006,0.0
01/2022,6,5.1.01.11.000007,0.0
01/2022,6,5.1.01.11.000008,0.0
01/2022,6,5.1.01.11.000009,0.0
01/2022,6,5.1.01.11.000012,0.0
01/2022,6,5.1.01.11.000014,0.0
01/2022,6,5.1.01.11.000015,0.0
01/2022,6,5.1.01.11.000016,0.0
01/2022,6,5.1.01.11.000017,0.0
01/2022,6,5.1.01.11.000021,0.0
01/2022,6,5.1.01.11.000022,0.0
01/2022,6,5.1.01.11.000025,0.0
01/2022,6,5.1.01.11.000027,0.0
01/2022,6,5.1.01.12.000001,-1.12325
01/2022,6,5.1.01.12.000009,0.0
01/2022,6,5.1.01.12.000011,-0.05728
01/2022,6,5.1.01.12.000020,-0.00099
01/2022,6,5.1.03.01.000004,-261.55649
01/2022,6,5.1.04.01.000001,-0.003
01/2022,6,5.1.04.01.000004,-1.32516
01/2022,6,5.1.04.01.000005,0.0
01/2022,6,5.1.04.01.000006,-0.00078
01/2022,6,5.1.04.01.000013,0.0
01/2022,6,5.1.04.01.000014,0.0
01/2022,6,5.1.04.02.000001,0.01637
01/2022,6,5.1.04.02.000002,0.0
01/2022,999,3.1.01.01.000002,0.0
01/2022,999,3.1.01.01.000003,18.166
01/2022,999,3.1.01.01.000004,27.50361
01/2022,999,3.1.01.01.000006,0.0
01/2022,999,3.1.01.01.000008,0.0
01/2022,999,3.1.01.01.000009,75.0
01/2022,999,3.1.01.01.000010,0.0
01/2022,999,3.1.01.01.000011,0.0
01/2022,999,3.1.01.01.000012,72.35
01/2022,999,3.1.01.01.000013,5969.69759
01/2022,999,3.1.02.01.000001,0.0
01/2022,999,3.1.02.02.000005,-3.12
01/2022,999,3.1.02.02.000008,-14.976
01/2022,999,3.1.02.02.000010,-0.73081
01/2022,999,3.1.02.02.000011,-2.028
01/2022,999,3.1.02.02.000012,-9.36
01/2022,999,3.1.02.02.000013,-0.24645
01/2022,999,3.1.02.02.000014,-0.12322
01/2022,999,3.1.03.01.000007,0.0
01/2022,999,3.1.03.01.000011,0.0
01/2022,999,3.1.03.02.000003,0.0
01/2022,999,3.2.01.01.000001,1058.0
01/2022,999,3.2.01.01.000005,0.0
01/2022,999,3.2.01.02.000001,0.0
01/2022,999,3.2.01.02.000002,3.89397
01/2022,999,3.2.01.02.000003,3.16994
01/2022,999,3.2.01.02.000004,24.79125
01/2022,999,4.1.01.01.000001,-111.75959
01/2022,999,4.1.01.01.000003,-6.94328
01/2022,999,4.1.01.01.000007,0.0
01/2022,999,4.1.01.02.000001,-32.8708
01/2022,999,4.1.01.02.000002,-9.46655
01/2022,999,4.1.01.02.000003,-0.85931
01/2022,999,4.1.01.02.000004,0.0
01/2022,999,4.1.01.02.000005,-6.32827
01/2022,999,4.1.01.02.000007,-4.73272
01/2022,999,4.1.01.03.000001,0.0
01/2022,999,4.1.01.03.000003,0.0
01/2022,999,4.1.01.03.000004,6.35327
01/2022,999,4.1.01.03.000005,0.0
01/2022,999,4.1.01.03.000006,0.0
01/2022,999,4.1.01.03.000008,0.0
01/2022,999,4.1.01.03.000009,-24.39006
01/2022,999,4.1.01.03.000010,0.0
01/2022,999,4.1.01.03.000013,0.0
01/2022,999,4.1.01.04.000002,0.0
01/2022,999,4.1.01.04.000004,0.0
01/2022,999,4.1.01.05.000001,-0.42
01/2022,999,4.1.01.05.000002,0.0
01/2022,999,4.1.01.05.000003,-1.0597
01/2022,999,4.1.01.05.000004,0.0
01/2022,999,4.1.01.05.000005,0.0
01/2022,999,4.1.01.05.000006,-40.02373
01/2022,999,4.1.01.05.000007,-0.28
01/2022,999,4.1.01.06.000001,0.0
01/2022,999,4.1.01.06.000002,-1.452
01/2022,999,4.1.01.06.000003,0.0
01/2022,999,4.1.01.06.000004,-33.429
01/2022,999,4.1.01.07.000001,-0.88559
01/2022,999,4.1.01.07.000002,0.0
01/2022,999,4.1.01.07.000003,-0.25181
01/2022,999,4.1.01.07.000004,0.0
01/2022,999,4.1.01.07.000005,-2.26858
01/2022,999,4.1.01.07.000006,-2.1
01/2022,999,4.1.01.07.000007,-1.78754
01/2022,999,4.1.01.07.000008,0.0
01/2022,999,4.1.01.07.000009,0.0
01/2022,999,4.1.01.07.000010,-43.22659
01/2022,999,4.1.01.07.000011,0.0
01/2022,999,4.1.01.07.000012,0.0
01/2022,999,4.1.01.07.000013,-21.92565
01/2022,999,4.1.01.07.000014,-18.96849
01/2022,999,4.1.01.07.000015,0.0
01/2022,999,4.1.01.07.000016,0.0
01/2022,999,4.1.01.07.000017,-0.55597
01/2022,999,4.1.01.07.000018,0.0
01/2022,999,4.1.01.07.000019,0.0
01/2022,999,4.1.01.08.000001,0.0
01/2022,999,4.1.01.08.000002,0.0
01/2022,999,4.1.01.08.000003,0.0
01/2022,999,4.1.01.08.000004,-713.20438
01/2022,999,4.1.01.08.000005,0.0
01/2022,999,4.1.01.09.000004,-2.2
01/2022,999,4.1.01.10.000001,0.0
01/2022,999,4.1.01.10.000003,0.0
01/2022,999,4.1.01.10.000004,0.0
01/2022,999,4.1.01.10.000005,0.0
01/2022,999,4.1.01.11.000002,-286.63706
01/2022,999,4.1.01.11.000003,-0.1775
01/2022,999,4.1.01.11.000004,0.0
01/2022,999,4.1.01.11.000009,0.0
01/2022,999,4.1.01.11.000010,0.0
01/2022,999,4.1.01.11.000017,0.0
01/2022,999,4.1.01.11.000019,0.0
01/2022,999,4.1.01.11.000020,-2.08636
01/2022,999,4.1.01.11.000021,0.0
01/2022,999,4.1.01.11.000025,0.0
01/2022,999,4.1.01.11.000026,0.0
01/2022,999,4.1.01.12.000001,-121.9225
01/2022,999,4.1.01.12.000002,-11.01832
01/2022,999,4.1.01.13.000001,-82.22188
01/2022,999,4.1.01.13.000002,0.0
01/2022,999,4.1.01.13.000003,0.0
01/2022,999,4.1.01.13.000004,-5.10406
01/2022,999,4.1.01.13.000005,0.0
01/2022,999,5.1.01.01.000003,0.0
01/2022,999,5.1.01.01.000008,0.0
01/2022,999,5.1.01.01.000020,-61.41919
01/2022,999,5.1.01.01.000021,-1.212
01/2022,999,5.1.01.01.000022,-3.98069
01/2022,999,5.1.01.02.000003,-0.49266
01/2022,999,5.1.01.02.000006,0.0
01/2022,999,5.1.01.02.000007,0.0
01/2022,999,5.1.01.02.000020,-18.82579
01/2022,999,5.1.01.02.000021,-5.42733
01/2022,999,5.1.01.02.000022,-8.76971
01/2022,999,5.1.01.03.000001,-13.37057
01/2022,999,5.1.01.03.000004,-0.5732
01/2022,999,5.1.01.03.000006,-0.771
01/2022,999,5.1.01.03.000008,0.0
01/2022,999,5.1.01.03.000009,-12.896
01/2022,999,5.1.01.03.000010,-1.26
01/2022,999,5.1.01.03.000012,0.0
01/2022,999,5.1.01.03.000013,0.0
01/2022,999,5.1.01.03.000014,-0.02
01/2022,999,5.1.01.04.000001,0.0
01/2022,999,5.1.01.04.000002,0.0
01/2022,999,5.1.01.04.000003,0.0
01/2022,999,5.1.01.04.000004,-10.0
01/2022,999,5.1.01.05.000001,-3.8061
01/2022,999,5.1.01.05.000002,-4.15796
01/2022,999,5.1.01.05.000003,-0.879
01/2022,999,5.1.01.05.000004,-6.20764
01/2022,999,5.1.01.05.000005,0.0
01/2022,999,5.1.01.05.000006,0.0
01/2022,999,5.1.01.05.000007,0.0
01/2022,999,5.1.01.05.000009,0.0
01/2022,999,5.1.01.06.000001,-15.36715
01/2022,999,5.1.01.06.000002,0.0
01/2022,999,5.1.01.06.000003,0.0
01/2022,999,5.1.01.06.000004,-36.628
01/2022,999,5.1.01.06.000005,-7.97072
01/2022,999,5.1.01.06.000006,-12.313
01/2022,999,5.1.01.06.000008,-8.0
01/2022,999,5.1.01.07.000001,0.0
01/2022,999,5.1.01.07.000002,0.0
01/2022,999,5.1.01.07.000003,0.0
01/2022,999,5.1.01.07.000004,-0.13105
01/2022,999,5.1.01.07.000005,-0.2434
01/2022,999,5.1.01.07.000007,0.0
01/2022,999,5.1.01.07.000008,0.0
01/2022,999,5.1.01.07.000010,-12.72332
01/2022,999,5.1.01.07.000014,0.0
01/2022,999,5.1.01.07.000015,-0.36
01/2022,999,5.1.01.07.000020,0.0
01/2022,999,5.1.01.07.000021,0.0
01/2022,999,5.1.01.08.000001,-0.2
01/2022,999,5.1.01.08.000002,-0.1
01/2022,999,5.1.01.08.000003,0.0
01/2022,999,5.1.01.08.000004,0.0
01/2022,999,5.1.01.08.000005,-9.93384
01/2022,999,5.1.01.09.000001,0.0
01/2022,999,5.1.01.09.000003,-3.0
01/2022,999,5.1.01.09.000008,0.0
01/2022,999,5.1.01.10.000002,0.0
01/2022,999,5.1.01.10.000003,0.0
01/2022,999,5.1.01.10.000004,0.0
01/2022,999,5.1.01.11.000001,0.0
01/2022,999,5.1.01.11.000003,-18.53789
01/2022,999,5.1.01.11.000004,0.0
01/2022,999,5.1.01.11.000006,0.0
01/2022,999,5.1.01.11.000007,-2.36712
01/2022,999,5.1.01.11.000008,0.0
01/2022,999,5.1.01.11.000012,0.0
01/2022,999,5.1.01.11.000013,0.0
01/2022,999,5.1.01.11.000014,-0.02884
01/2022,999,5.1.01.11.000015,0.0
01/2022,999,5.1.01.11.000021,0.0
01/2022,999,5.1.01.11.000022,-6.17007
01/2022,999,5.1.01.11.000026,0.0
01/2022,999,5.1.01.11.000027,0.0
01/2022,999,5.1.01.11.000031,-3651.38444
01/2022,999,5.1.01.12.000003,0.0
01/2022,999,5.1.01.12.000008,0.0
01/2022,999,5.1.01.12.000009,-535.57348
01/2022,999,5.1.01.12.000019,0.0
01/2022,999,5.1.02.01.000006,-0.67234
01/2022,999,5.1.03.01.000001,-0.26881
01/2022,999,5.1.03.01.000002,-0.3629
01/2022,999,5.1.03.01.000004,-2974.07676
01/2022,999,5.1.03.01.000005,-0.17552
01/2022,999,5.1.04.01.000001,-4.74509
01/2022,999,5.1.04.01.000002,0.0
01/2022,999,5.1.04.01.000004,-65.1737
01/2022,999,5.1.04.01.000005,0.0
01/2022,999,5.1.04.01.000006,-25.25058
01/2022,999,5.1.04.01.000007,0.0
01/2022,999,5.1.04.01.000010,0.0
01/2022,999,5.1.04.01.000011,0.0
01/2022,999,5.1.04.02.000001,1.3965
01/2022,999,5.1.04.02.000002,7.55096
01/2022,999,5.1.04.02.000003,0.01
01/2023,6,3.1.01.01.000002,474.68521
01/2023,6,3.1.01.01.000003,0.0
01/2023,6,3.1.02.02.000002,0.0
01/2023,6,3.1.02.02.000003,0.0
01/2023,6,3.1.02.02.000004,0.0
01/2023,6,3.1.02.02.000009,0.0
01/2023,6,3.1.02.02.000010,-9.49371
01/2023,6,3.1.03.02.000003,0.0
01/2023,6,3.2.01.01.000001,0.0
01/2023,6,4.1.01.01.000001,-80.57685
01/2023,6,4.1.01.01.000002,0.0
01/2023,6,4.1.01.01.000003,-6.63103
01/2023,6,4.1.01.01.000009,-7.29203
01/2023,6,4.1.01.01.000010,0.0
01/2023,6,4.1.01.02.000001,-25.46112
01/2023,6,4.1.01.02.000002,-7.30072
01/2023,6,4.1.01.02.000003,-0.16041
01/2023,6,4.1.01.02.000004,0.0
01/2023,6,4.1.01.02.000006,0.0
01/2023,6,4.1.01.02.000007,0.0
01/2023,6,4.1.01.03.000001,-5.244
01/2023,6,4.1.01.03.000003,0.0
01/2023,6,4.1.01.03.000004,-0.41283
01/2023,6,4.1.01.03.000006,-0.904
01/2023,6,4.1.01.03.000009,-14.64201
01/2023,6,4.1.01.03.000010,-9.71
01/2023,6,4.1.01.04.000004,-1.067
01/2023,6,4.1.01.05.000001,0.0
01/2023,6,4.1.01.05.000002,0.0
01/2023,6,4.1.01.05.000003,0.0
01/2023,6,4.1.01.05.000006,-171.59324
01/2023,6,4.1.01.06.000001,-1.29
01/2023,6,4.1.01.06.000002,0.0
01/2023,6,4.1.01.06.000004,0.0
01/2023,6,4.1.01.07.000007,0.0
01/2023,6,4.1.01.07.000012,0.0
01/2023,6,4.1.01.07.000013,-0.6
01/2023,6,4.1.01.07.000014,0.0
01/2023,6,4.1.01.08.000001,0.0
01/2023,6,4.1.01.08.000004,-71.2359
01/2023,6,4.1.01.08.000005,-0.362
01/2023,6,4.1.01.08.000006,0.0
01/2023,6,4.1.01.11.000002,0.0
01/2023,6,4.1.01.11.000008,0.0
01/2023,6,4.1.01.11.000009,0.0
01/2023,6,4.1.01.11.000025,0.0
01/2023,6,5.1.01.01.000001,-5.95949
01/2023,6,5.1.01.01.000003,0.0
01/2023,6,5.1.01.01.000004,0.0
01/2023,6,5.1.01.01.000023,0.0
01/2023,6,5.1.01.01.000024,0.0
01/2023,6,5.1.01.02.000001,-1.65606
01/2023,6,5.1.01.02.000002,-0.48529
01/2023,6,5.1.01.02.000004,0.0
01/2023,6,5.1.01.02.000005,0.0
01/2023,6,5.1.01.02.000007,0.0
01/2023,6,5.1.01.03.000001,0.0
01/2023,6,5.1.01.03.000004,0.0
01/2023,6,5.1.01.03.000006,0.0
01/2023,6,5.1.01.03.000009,0.0
01/2023,6,5.1.01.03.000010,0.0
01/2023,6,5.1.01.04.000001,0.0
01/2023,6,5.1.01.04.000002,0.0
01/2023,6,5.1.01.04.000004,0.0
01/2023,6,5.1.01.05.000001,0.0
01/2023,6,5.1.01.05.000002,0.0
01/2023,6,5.1.01.05.000006,0.0
01/2023,6,5.1.01.05.000009,0.0
01/2023,6,5.1.01.06.000004,0.0
01/2023,6,5.1.01.06.000007,0.0
01/2023,6,5.1.01.07.000007,0.0
01/2023,6,5.1.01.07.000012,0.0
01/2023,6,5.1.01.08.000001,0.0
01/2023,6,5.1.01.08.000004,0.0
01/2023,6,5.1.01.08.000005,0.0
01/2023,6,5.1.01.11.000001,0.0
01/2023,6,5.1.01.11.000002,0.0
01/2023,6,5.1.01.11.000005,0.0
01/2023,6,5.1.01.11.000006,0.0
01/2023,6,5.1.01.11.000007,-0.51373
01/2023,6,5.1.01.11.000008,0.0
01/2023,6,5.1.01.11.000009,0.0
01/2023,6,5.1.01.11.000012,0.0
01/2023,6,5.1.01.11.000014,0.0
01/2023,6,5.1.01.11.000015,0.0
01/2023,6,5.1.01.11.000016,-4.30096
01/2023,6,5.1.01.11.000017,-19.81046
01/2023,6,5.1.01.11.000021,-0.1065
01/2023,6,5.1.01.11.000022,0.0
01/2023,6,5.1.01.11.000025,-0.26254
01/2023,6,5.1.01.11.000027,0.0
01/2023,6,5.1.01.12.000001,0.0
01/2023,6,5.1.01.12.000009,0.0
01/2023,6,5.1.01.12.000011,0.0
01/2023,6,5.1.01.12.000020,0.0
01/2023,6,5.1.03.01.000004,-214.02123
01/2023,6,5.1.04.01.000001,-1.4202
01/2023,6,5.1.04.01.000004,-8.24736
01/2023,6,5.1.04.01.000005,0.0
01/2023,6,5.1.04.01.000006,-0.00241
01/2023,6,5.1.04.01.000013,0.0
01/2023,6,5.1.04.01.000014,-11.18955
01/2023,6,5.1.04.02.000001,0.00272
01/2023,6,5.1.04.02.000002,0.30301
01/2023,6,5.2.01.01.000001,-25.24607
01/2023,7,3.1.01.01.000005,1266.62144
01/2023,7,3.1.02.01.000001,0.0
01/2023,7,3.2.01.01.000003,2.5
01/2023,7,3.2.01.02.000003,0.0
01/2023,7,4.1.02.01.000001,-18.04801
01/2023,7,4.1.02.01.000003,-2.32268
01/2023,7,4.1.02.01.000009,0.0
01/2023,7,4.1.02.01.000010,0.0
01/2023,7,4.1.02.02.000001,-4.74679
01/2023,7,4.1.02.02.000002,-1.36767
01/2023,7,4.1.02.02.000003,-0.94739
01/2023,7,4.1.02.02.000005,-2.3356
01/2023,7,4.1.02.02.000006,0.0
01/2023,7,4.1.02.02.000008,0.0
01/2023,7,4.1.02.03.000004,-0.98406
01/2023,7,4.1.02.03.000006,-0.4
01/2023,7,4.1.02.03.000009,0.0
01/2023,7,4.1.02.03.000010,0.0
01/2023,7,4.1.02.03.000013,0.0
01/2023,7,4.1.02.05.000001,-0.6024
01/2023,7,4.1.02.05.000002,-0.3975
01/2023,7,4.1.02.05.000003,0.0
01/2023,7,4.1.02.05.000004,-0.14
01/2023,7,4.1.02.05.000005,0.0
01/2023,7,4.1.02.05.000006,-812.86308
01/2023,7,4.1.02.05.000007,-0.28
01/2023,7,4.1.02.05.000009,0.0
01/2023,7,4.1.02.06.000001,-0.75
01/2023,7,4.1.02.06.000004,-183.35874
01/2023,7,4.1.02.07.000003,0.0
01/2023,7,4.1.02.07.000004,0.0
01/2023,7,4.1.02.07.000007,0.0
01/2023,7,4.1.02.07.000010,-2.20548
01/2023,7,4.1.02.07.000016,0.0
01/2023,7,4.1.02.08.000001,-0.2
01/2023,7,4.1.02.08.000005,0.0
01/2023,7,5.1.01.05.000005,0.0
01/2023,7,5.1.01.05.000009,0.0
01/2023,7,5.1.01.07.000007,0.0
01/2023,7,5.1.01.11.000005,-0.15
01/2023,7,5.1.01.11.000006,0.0
01/2023,7,5.1.01.11.000007,0.0
01/2023,7,5.1.01.11.000008,0.0
01/2023,7,5.1.01.11.000016,-0.04125
01/2023,7,5.1.01.11.000017,-0.19
01/2023,7,5.1.01.13.000001,-11.94444
01/2023,7,5.1.04.01.000001,-1.28839
01/2023,7,5.1.04.01.000002,-23.40516
01/2023,7,5.1.04.01.000004,-21.20299
01/2023,7,5.1.04.01.000005,-11.71289
01/2023,7,5.1.04.01.000006,-0.93138
01/2023,7,5.1.04.01.000014,-13.49686
01/2023,7,5.1.04.02.000001,0.00675
01/2023,7,5.1.04.02.000002,0.0
01/2023,7,5.1.04.02.000003,0.02
01/2023,7,5.2.01.01.000001,-93.79884
01/2023,7,5.9.01.01.000001,0.0
01/2023,7,5.9.01.02.000001,0.0
01/2023,999,3.1.01.01.000002,164.99543
01/2023,999,3.1.01.01.000003,0.955
01/2023,999,3.1.01.01.000004,3.62855
01/2023,999,3.1.01.01.000006,0.0
01/2023,999,3.1.01.01.000008,0.0
01/2023,999,3.1.01.01.000009,0.0
01/2023,999,3.1.01.01.000010,0.0
01/2023,999,3.1.01.01.000011,0.0
01/2023,999,3.1.01.01.000012,0.0
01/2023,999,3.1.01.01.000013,10773.76385
01/2023,999,3.1.02.01.000001,0.0
01/2023,999,3.1.02.02.000005,0.0
01/2023,999,3.1.02.02.000008,0.0
01/2023,999,3.1.02.02.000010,-8.29752
01/2023,999,3.1.02.02.000011,0.0
01/2023,999,3.1.02.02.000012,0.0
01/2023,999,3.1.02.02.000013,-0.27384
01/2023,999,3.1.02.02.000014,-0.13692
01/2023,999,3.1.03.01.000007,0.0
01/2023,999,3.1.03.01.000011,0.0
01/2023,999,3.1.03.02.000003,0.0
01/2023,999,3.2.01.01.000001,1277.0
01/2023,999,3.2.01.01.000005,1.451
01/2023,999,3.2.01.02.000001,0.0
01/2023,999,3.2.01.02.000002,0.0
01/2023,999,3.2.01.02.000003,0.0
01/2023,999,3.2.01.02.000004,0.0
01/2023,999,4.1.01.01.000001,-156.27417
01/2023,999,4.1.01.01.000002,0.0
01/2023,999,4.1.01.01.000003,-9.97423
01/2023,999,4.1.01.01.000007,0.0
01/2023,999,4.1.01.01.000009,-11.7591
01/2023,999,4.1.01.01.000010,0.0
01/2023,999,4.1.01.02.000001,-43.32261
01/2023,999,4.1.01.02.000002,-14.09513
01/2023,999,4.1.01.02.000003,-2.57506
01/2023,999,4.1.01.02.000004,0.0
01/2023,999,4.1.01.02.000005,0.0
01/2023,999,4.1.01.02.000007,-0.7058
01/2023,999,4.1.01.03.000001,-13.386
01/2023,999,4.1.01.03.000003,0.0
01/2023,999,4.1.01.03.000004,-3.08686
01/2023,999,4.1.01.03.000005,-3.01989
01/2023,999,4.1.01.03.000006,-5.669
01/2023,999,4.1.01.03.000008,-0.6
01/2023,999,4.1.01.03.000009,-17.88962
01/2023,999,4.1.01.03.000010,-15.48452
01/2023,999,4.1.01.03.000013,-0.05353
01/2023,999,4.1.01.04.000002,0.0
01/2023,999,4.1.01.04.000004,-18.186
01/2023,999,4.1.01.05.000001,-1.73435
01/2023,999,4.1.01.05.000002,-2.2236
01/2023,999,4.1.01.05.000003,0.0
01/2023,999,4.1.01.05.000004,-1.1876
01/2023,999,4.1.01.05.000005,-0.61912
01/2023,999,4.1.01.05.000006,-240.52722
01/2023,999,4.1.01.05.000007,-1.357
01/2023,999,4.1.01.05.000008,0.0
01/2023,999,4.1.01.06.000001,-6.0
01/2023,999,4.1.01.06.000002,-29.25228
01/2023,999,4.1.01.06.000003,0.0
01/2023,999,4.1.01.06.000004,-36.60668
01/2023,999,4.1.01.07.000001,-0.23114
01/2023,999,4.1.01.07.000002,-0.09503
01/2023,999,4.1.01.07.000003,-15.97865
01/2023,999,4.1.01.07.000004,-51.778
01/2023,999,4.1.01.07.000005,-0.13595
01/2023,999,4.1.01.07.000006,-2.4
01/2023,999,4.1.01.07.000007,-2.49898
01/2023,999,4.1.01.07.000008,0.0
01/2023,999,4.1.01.07.000009,0.0
01/2023,999,4.1.01.07.000010,0.0
01/2023,999,4.1.01.07.000011,0.0
01/2023,999,4.1.01.07.000012,-0.66578
01/2023,999,4.1.01.07.000013,-3.46193
01/2023,999,4.1.01.07.000014,-115.94404
01/2023,999,4.1.01.07.000015,0.0
01/2023,999,4.1.01.07.000016,0.0
01/2023,999,4.1.01.07.000017,-8.5
01/2023,999,4.1.01.07.000018,0.0
01/2023,999,4.1.01.07.000019,0.0
01/2023,999,4.1.01.07.000020,0.0
01/2023,999,4.1.01.08.000001,-10.33
01/2023,999,4.1.01.08.000002,-16.31579
01/2023,999,4.1.01.08.000003,0.0
01/2023,999,4.1.01.08.000004,-568.10325
01/2023,999,4.1.01.08.000005,-6.0984
01/2023,999,4.1.01.09.000004,-9.10666
01/2023,999,4.1.01.10.000001,0.0
01/2023,999,4.1.01.10.000003,0.0
01/2023,999,4.1.01.10.000004,0.0
01/2023,999,4.1.01.10.000005,0.0
01/2023,999,4.1.01.11.000002,-51.7639
01/2023,999,4.1.01.11.000003,0.0
01/2023,999,4.1.01.11.000004,0.0
01/2023,999,4.1.01.11.000007,0.0
01/2023,999,4.1.01.11.000009,-11.2203
01/2023,999,4.1.01.11.000010,0.0
01/2023,999,4.1.01.11.000017,0.0
01/2023,999,4.1.01.11.000019,0.0
01/2023,999,4.1.01.11.000020,0.0
01/2023,999,4.1.01.11.000021,0.0
01/2023,999,4.1.01.11.000025,0.0
01/2023,999,4.1.01.11.000026,0.0
01/2023,999,4.1.01.12.000001,-10.25067
01/2023,999,4.1.01.12.000002,-4.84694
01/2023,999,4.1.01.13.000001,0.0
01/2023,999,4.1.01.13.000002,0.0
01/2023,999,4.1.01.13.000003,0.0
01/2023,999,4.1.01.13.000004,0.0
01/2023,999,4.1.01.13.000005,0.0
01/2023,999,5.1.01.01.000001,-85.16829
01/2023,999,5.1.01.01.000003,0.0
01/2023,999,5.1.01.01.000004,-7.87214
01/2023,999,5.1.01.01.000008,0.0
01/2023,999,5.1.01.01.000012,0.0
01/2023,999,5.1.01.01.000020,0.0
01/2023,999,5.1.01.01.000021,0.0
01/2023,999,5.1.01.01.000022,0.0
01/2023,999,5.1.01.01.000023,-21.51577
01/2023,999,5.1.01.01.000024,0.0
01/2023,999,5.1.01.02.000001,-30.65677
01/2023,999,5.1.01.02.000002,-7.29962
01/2023,999,5.1.01.02.000003,-1.46777
01/2023,999,5.1.01.02.000006,0.0
01/2023,999,5.1.01.02.000007,-3.20766
01/2023,999,5.1.01.02.000020,0.0
01/2023,999,5.1.01.02.000021,0.0
01/2023,999,5.1.01.02.000022,0.0
01/2023,999,5.1.01.03.000001,0.0
01/2023,999,5.1.01.03.000004,-3.27987
01/2023,999,5.1.01.03.000006,0.0
01/2023,999,5.1.01.03.000008,0.0
01/2023,999,5.1.01.03.000009,-15.611
01/2023,999,5.1.01.03.000010,-14.83712
01/2023,999,5.1.01.03.000012,0.0
01/2023,999,5.1.01.03.000013,0.0
01/2023,999,5.1.01.03.000014,0.0
01/2023,999,5.1.01.04.000001,0.0
01/2023,999,5.1.01.04.000002,0.0
01/2023,999,5.1.01.04.000003,0.0
01/2023,999,5.1.01.04.000004,-14.0
01/2023,999,5.1.01.05.000001,-2.62
01/2023,999,5.1.01.05.000002,0.0
01/2023,999,5.1.01.05.000003,0.0
01/2023,999,5.1.01.05.000004,-2.647
01/2023,999,5.1.01.05.000005,-0.01645
01/2023,999,5.1.01.05.000006,0.0
01/2023,999,5.1.01.05.000007,-2.67179
01/2023,999,5.1.01.05.000009,0.0
01/2023,999,5.1.01.06.000001,-1.56486
01/2023,999,5.1.01.06.000002,0.0
01/2023,999,5.1.01.06.000003,0.0
01/2023,999,5.1.01.06.000004,0.0
01/2023,999,5.1.01.06.000005,0.0
01/2023,999,5.1.01.06.000006,-13.762
01/2023,999,5.1.01.06.000008,0.0
01/2023,999,5.1.01.07.000001,0.0
01/2023,999,5.1.01.07.000002,0.0
01/2023,999,5.1.01.07.000003,0.0
01/2023,999,5.1.01.07.000004,0.0
01/2023,999,5.1.01.07.000005,0.0
01/2023,999,5.1.01.07.000007,0.0
01/2023,999,5.1.01.07.000008,0.0
01/2023,999,5.1.01.07.000010,-10.46485
01/2023,999,5.1.01.07.000014,0.0
01/2023,999,5.1.01.07.000015,-0.36
01/2023,999,5.1.01.07.000020,0.0
01/2023,999,5.1.01.07.000021,0.0
01/2023,999,5.1.01.08.000001,0.0
01/2023,999,5.1.01.08.000002,0.0
01/2023,999,5.1.01.08.000003,0.0
01/2023,999,5.1.01.08.000004,0.0
01/2023,999,5.1.01.08.000005,0.0
01/2023,999,5.1.01.09.000001,0.0
01/2023,999,5.1.01.09.000003,-3.0
01/2023,999,5.1.01.09.000008,0.0
01/2023,999,5.1.01.10.000002,0.0
01/2023,999,5.1.01.10.000003,0.0
01/2023,999,5.1.01.10.000004,0.0
01/2023,999,5.1.01.11.000001,0.0
01/2023,999,5.1.01.11.000003,-0.1935
01/2023,999,5.1.01.11.000004,0.0
01/2023,999,5.1.01.11.000006,-5.18109
01/2023,999,5.1.01.11.000007,-13.42569
01/2023,999,5.1.01.11.000008,-0.02696
01/2023,999,5.1.01.11.000012,0.0
01/2023,999,5.1.01.11.000013,0.0
01/2023,999,5.1.01.11.000014,0.0
01/2023,999,5.1.01.11.000015,0.0
01/2023,999,5.1.01.11.000021,-1.59495
01/2023,999,5.1.01.11.000022,0.0
01/2023,999,5.1.01.11.000025,0.0
01/2023,999,5.1.01.11.000026,0.0
01/2023,999,5.1.01.11.000027,0.0
01/2023,999,5.1.01.11.000031,0.0
01/2023,999,5.1.01.12.000003,0.0
01/2023,999,5.1.01.12.000008,0.0
01/2023,999,5.1.01.12.000009,0.0
01/2023,999,5.1.01.12.000019,0.0
01/2023,999,5.1.01.13.000001,-1.37173
01/2023,999,5.1.01.14.000001,0.0
01/2023,999,5.1.01.14.000002,0.0
01/2023,999,5.1.02.01.000006,0.0
01/2023,999,5.1.02.01.000009,0.0
01/2023,999,5.1.02.01.000010,0.0
01/2023,999,5.1.02.01.000011,0.0
01/2023,999,5.1.03.01.000001,0.0
01/2023,999,5.1.03.01.000002,0.0
01/2023,999,5.1.03.01.000003,0.0
01/2023,999,5.1.03.01.000004,-4682.11387
01/2023,999,5.1.03.01.000005,0.0
01/2023,999,5.1.03.01.000007,0.0
01/2023,999,5.1.03.02.000001,-2.48161
01/2023,999,5.1.04.01.000001,-3.49639
01/2023,999,5.1.04.01.000002,0.0
01/2023,999,5.1.04.01.000004,-605.32564
01/2023,999,5.1.04.01.000005,-0.00047
01/2023,999,5.1.04.01.000006,-1.80197
01/2023,999,5.1.04.01.000007,0.0
01/2023,999,5.1.04.01.000010,0.0
01/2023,999,5.1.04.01.000011,0.0
01/2023,999,5.1.04.01.000014,-1157.43321
01/2023,999,5.1.04.01.000015,-0.09683
01/2023,999,5.1.04.01.000016,0.0
01/2023,999,5.1.04.01.000017,0.0
01/2023,999,5.1.04.02.000001,-0.17861
01/2023,999,5.1.04.02.000002,0.18209
01/2023,999,5.1.04.02.000003,0.0
01/2023,999,5.2.01.01.000001,1292.06011
01/2023,999,5.9.01.01.000001,0.0
01/2023,999,5.9.01.01.000002,0.0
01/2023,999,5.9.01.02.000001,0.0
01/2023,999,5.9.01.02.000002,0.0
01/2024,6,3.1.01.01.000002,479.21352
01/2024,6,3.1.01.01.000003,0.0
01/2024,6,3.1.02.02.000002,0.0
01/2024,6,3.1.02.02.000003,0.0
01/2024,6,3.1.02.02.000004,0.0
01/2024,6,3.1.02.02.000009,0.0
01/2024,6,3.1.02.02.000010,-9.58427
01/2024,6,3.1.03.02.000003,0.0
01/2024,6,3.2.01.01.000001,0.0
01/2024,6,4.1.01.01.000001,-86.70582
01/2024,6,4.1.01.01.000002,0.0
01/2024,6,4.1.01.01.000003,-9.6588
01/2024,6,4.1.01.01.000008,0.0
01/2024,6,4.1.01.01.000009,-9.41081
01/2024,6,4.1.01.01.000010,0.0
01/2024,6,4.1.01.02.000001,-26.04655
01/2024,6,4.1.01.02.000002,-13.08985
01/2024,6,4.1.01.02.000003,0.0
01/2024,6,4.1.01.02.000004,0.0
01/2024,6,4.1.01.02.000006,0.0
01/2024,6,4.1.01.02.000007,0.0
01/2024,6,4.1.01.03.000001,-4.68411
01/2024,6,4.1.01.03.000003,0.0
01/2024,6,4.1.01.03.000004,0.0
01/2024,6,4.1.01.03.000006,-0.5
01/2024,6,4.1.01.03.000009,0.0
01/2024,6,4.1.01.03.000010,0.0
01/2024,6,4.1.01.04.000004,-1.4
01/2024,6,4.1.01.05.000001,0.0
01/2024,6,4.1.01.05.000002,0.0
01/2024,6,4.1.01.05.000003,0.0
01/2024,6,4.1.01.05.000006,-205.07646
01/2024,6,4.1.01.06.000001,0.0
01/2024,6,4.1.01.06.000002,0.0
01/2024,6,4.1.01.06.000004,0.0
01/2024,6,4.1.01.07.000007,0.0
01/2024,6,4.1.01.07.000012,0.0
01/2024,6,4.1.01.07.000013,0.0
01/2024,6,4.1.01.07.000014,0.0
01/2024,6,4.1.01.07.000018,0.0
01/2024,6,4.1.01.08.000001,0.0
01/2024,6,4.1.01.08.000004,-46.0508
01/2024,6,4.1.01.08.000005,0.0
01/2024,6,4.1.01.08.000006,0.0
01/2024,6,4.1.01.11.000002,0.0
01/2024,6,4.1.01.11.000007,-0.66592
01/2024,6,4.1.01.11.000008,0.0
01/2024,6,4.1.01.11.000009,0.0
01/2024,6,4.1.01.11.000025,0.0
01/2024,6,5.1.01.01.000001,-6.31275
01/2024,6,5.1.01.01.000003,0.0
01/2024,6,5.1.01.01.000004,0.0
01/2024,6,5.1.01.01.000023,0.0
01/2024,6,5.1.01.01.000024,0.0
01/2024,6,5.1.01.02.000001,-1.73886
01/2024,6,5.1.01.02.000002,-0.50955
01/2024,6,5.1.01.02.000003,0.0
01/2024,6,5.1.01.02.000004,0.0
01/2024,6,5.1.01.02.000005,0.0
01/2024,6,5.1.01.02.000007,0.0
01/2024,6,5.1.01.03.000001,-0.28389
01/2024,6,5.1.01.03.000004,0.0
01/2024,6,5.1.01.03.000006,0.0
01/2024,6,5.1.01.03.000009,0.0
01/2024,6,5.1.01.03.000010,0.0
01/2024,6,5.1.01.04.000001,0.0
01/2024,6,5.1.01.04.000002,0.0
01/2024,6,5.1.01.04.000004,0.0
01/2024,6,5.1.01.05.000001,0.0
01/2024,6,5.1.01.05.000002,0.0
01/2024,6,5.1.01.05.000006,-0.18304
01/2024,6,5.1.01.05.000009,0.0
01/2024,6,5.1.01.06.000001,0.0
01/2024,6,5.1.01.06.000004,0.0
01/2024,6,5.1.01.06.000007,0.0
01/2024,6,5.1.01.07.000007,0.0
01/2024,6,5.1.01.07.000012,0.0
01/2024,6,5.1.01.08.000001,0.0
01/2024,6,5.1.01.08.000004,0.0
01/2024,6,5.1.01.08.000005,0.0
01/2024,6,5.1.01.11.000001,0.0
01/2024,6,5.1.01.11.000002,0.0
01/2024,6,5.1.01.11.000005,0.0
01/2024,6,5.1.01.11.000006,0.0
01/2024,6,5.1.01.11.000007,0.0
01/2024,6,5.1.01.11.000008,-2.67056
01/2024,6,5.1.01.11.000009,0.0
01/2024,6,5.1.01.11.000012,0.0
01/2024,6,5.1.01.11.000014,0.0
01/2024,6,5.1.01.11.000015,0.0
01/2024,6,5.1.01.11.000016,0.0
01/2024,6,5.1.01.11.000017,0.0
01/2024,6,5.1.01.11.000021,0.0
01/2024,6,5.1.01.11.000022,0.0
01/2024,6,5.1.01.11.000025,0.0
01/2024,6,5.1.01.11.000026,0.0
01/2024,6,5.1.01.11.000027,0.0
01/2024,6,5.1.01.12.000001,0.0
01/2024,6,5.1.01.12.000009,0.0
01/2024,6,5.1.01.12.000011,0.0
01/2024,6,5.1.01.12.000020,0.0
01/2024,6,5.1.01.13.000001,0.0
01/2024,6,5.1.03.01.000001,-0.05233
01/2024,6,5.1.03.01.000002,-0.00913
01/2024,6,5.1.03.01.000004,-39.89901
01/2024,6,5.1.03.01.000007,0.0
01/2024,6,5.1.04.01.000001,-1.066
01/2024,6,5.1.04.01.000004,-12.91722
01/2024,6,5.1.04.01.000005,0.0
01/2024,6,5.1.04.01.000006,-0.00016
01/2024,6,5.1.04.01.000013,0.0
01/2024,6,5.1.04.01.000014,-19.04159
01/2024,6,5.1.04.02.000001,0.0
01/2024,6,5.1.04.02.000002,0.0
01/2024,6,5.2.01.01.000001,-0.75749
01/2024,7,3.1.01.01.000005,773.46643
01/2024,7,3.1.02.01.000001,0.0
01/2024,7,3.2.01.01.000003,7.0
01/2024,7,3.2.01.02.000002,0.81002
01/2024,7,3.2.01.02.000003,0.0
01/2024,7,4.1.02.01.000001,-19.91289
01/2024,7,4.1.02.01.000003,-0.8249
01/2024,7,4.1.02.01.000008,1.97084
01/2024,7,4.1.02.01.000009,-1.97084
01/2024,7,4.1.02.01.000010,-3.6
01/2024,7,4.1.02.02.000001,-5.47992
01/2024,7,4.1.02.02.000002,-1.64808
01/2024,7,4.1.02.02.000003,0.0
01/2024,7,4.1.02.02.000005,0.0
01/2024,7,4.1.02.02.000006,0.0
01/2024,7,4.1.02.02.000007,-0.2
01/2024,7,4.1.02.02.000008,0.0
01/2024,7,4.1.02.03.000001,0.0
01/2024,7,4.1.02.03.000004,-1.935
01/2024,7,4.1.02.03.000005,0.0
01/2024,7,4.1.02.03.000006,-0.4
01/2024,7,4.1.02.03.000009,-3.8142
01/2024,7,4.1.02.03.000010,-3.8353
01/2024,7,4.1.02.03.000013,0.0
01/2024,7,4.1.02.04.000003,0.0
01/2024,7,4.1.02.04.000004,0.0
01/2024,7,4.1.02.05.000001,-0.429
01/2024,7,4.1.02.05.000002,-0.37845
01/2024,7,4.1.02.05.000003,0.0
01/2024,7,4.1.02.05.000004,0.0
01/2024,7,4.1.02.05.000005,0.0
01/2024,7,4.1.02.05.000006,-645.63156
01/2024,7,4.1.02.05.000007,0.0
01/2024,7,4.1.02.05.000009,-0.06321
01/2024,7,4.1.02.05.000010,-4.4786
01/2024,7,4.1.02.06.000001,-0.85
01/2024,7,4.1.02.06.000004,0.0
01/2024,7,4.1.02.07.000003,-4.07027
01/2024,7,4.1.02.07.000004,-0.14025
01/2024,7,4.1.02.07.000006,0.0
01/2024,7,4.1.02.07.000007,0.0
01/2024,7,4.1.02.07.000010,-1.1067
01/2024,7,4.1.02.07.000016,-12.22301
01/2024,7,4.1.02.08.000001,0.0
01/2024,7,4.1.02.08.000002,-0.35
01/2024,7,4.1.02.08.000005,-2.23725
01/2024,7,5.1.01.04.000002,0.0
01/2024,7,5.1.01.04.000003,0.0
01/2024,7,5.1.01.05.000005,0.0
01/2024,7,5.1.01.05.000009,0.0
01/2024,7,5.1.01.07.000007,0.0
01/2024,7,5.1.01.07.000010,0.0
01/2024,7,5.1.01.07.000015,-0.2
01/2024,7,5.1.01.07.000021,0.0
01/2024,7,5.1.01.09.000003,0.0
01/2024,7,5.1.01.09.000008,0.0
01/2024,7,5.1.01.11.000001,0.0
01/2024,7,5.1.01.11.000005,0.0
01/2024,7,5.1.01.11.000006,-0.46084
01/2024,7,5.1.01.11.000007,-0.76556
01/2024,7,5.1.01.11.000008,-0.01398
01/2024,7,5.1.01.11.000016,-0.1155
01/2024,7,5.1.01.11.000017,-0.532
01/2024,7,5.1.01.11.000027,0.0
01/2024,7,5.1.01.13.000001,0.0
01/2024,7,5.1.02.01.000009,0.0
01/2024,7,5.1.02.01.000010,0.0
01/2024,7,5.1.02.01.000011,0.0
01/2024,7,5.1.04.01.000001,-2.08905
01/2024,7,5.1.04.01.000002,0.0
01/2024,7,5.1.04.01.000003,-14.69278
01/2024,7,5.1.04.01.000004,-14.31122
01/2024,7,5.1.04.01.000005,0.0
01/2024,7,5.1.04.01.000006,-0.36398
01/2024,7,5.1.04.01.000014,0.0
01/2024,7,5.1.04.02.000001,0.03667
01/2024,7,5.1.04.02.000002,6e-05
01/2024,7,5.1.04.02.000003,0.0139
01/2024,7,5.2.01.01.000001,0.03
01/2024,7,5.9.01.01.000001,0.0
01/2024,7,5.9.01.02.000001,0.0
01/2024,999,3.1.01.01.000002,0.0
01/2024,999,3.1.01.01.000003,7.38
01/2024,999,3.1.01.01.000004,0.0714
01/2024,999,3.1.01.01.000006,0.7
01/2024,999,3.1.01.01.000008,0.0
01/2024,999,3.1.01.01.000009,0.0
01/2024,999,3.1.01.01.000010,0.0
01/2024,999,3.1.01.01.000011,0.0
01/2024,999,3.1.01.01.000012,0.0
01/2024,999,3.1.01.01.000013,7332.60748
01/2024,999,3.1.02.01.000001,0.0
01/2024,999,3.1.02.02.000004,0.0
01/2024,999,3.1.02.02.000005,0.0
01/2024,999,3.1.02.02.000008,0.0
01/2024,999,3.1.02.02.000010,-0.369
01/2024,999,3.1.02.02.000011,0.0
01/2024,999,3.1.02.02.000012,0.0
01/2024,999,3.1.02.02.000013,-0.38628
01/2024,999,3.1.02.02.000014,-0.19315
01/2024,999,3.1.03.01.000007,0.0
01/2024,999,3.1.03.01.000011,0.0
01/2024,999,3.1.03.02.000003,0.0
01/2024,999,3.2.01.01.000001,365.0
01/2024,999,3.2.01.01.000005,3.247
01/2024,999,3.2.01.02.000001,0.0
01/2024,999,3.2.01.02.000002,0.0
01/2024,999,3.2.01.02.000003,0.0
01/2024,999,3.2.01.02.000004,15.249
01/2024,999,3.2.01.02.000006,0.0
01/2024,999,3.2.01.03.000001,0.0
01/2024,999,4.1.01.01.000001,-124.37419
01/2024,999,4.1.01.01.000002,0.0
01/2024,999,4.1.01.01.000003,-8.81926
01/2024,999,4.1.01.01.000006,0.0
01/2024,999,4.1.01.01.000007,0.0
01/2024,999,4.1.01.01.000009,-19.56947
01/2024,999,4.1.01.01.000010,0.0
01/2024,999,4.1.01.02.000001,-37.03277
01/2024,999,4.1.01.02.000002,-11.44624
01/2024,999,4.1.01.02.000003,-5.16142
01/2024,999,4.1.01.02.000004,0.0
01/2024,999,4.1.01.02.000005,0.0
01/2024,999,4.1.01.02.000007,0.0
01/2024,999,4.1.01.03.000001,-7.13986
01/2024,999,4.1.01.03.000003,0.0
01/2024,999,4.1.01.03.000004,-8.54708
01/2024,999,4.1.01.03.000005,-5.93892
01/2024,999,4.1.01.03.000006,-0.60399
01/2024,999,4.1.01.03.000008,-0.15
01/2024,999,4.1.01.03.000009,-21.60199
01/2024,999,4.1.01.03.000010,0.0
01/2024,999,4.1.01.03.000013,0.0
01/2024,999,4.1.01.04.000002,-0.0105
01/2024,999,4.1.01.04.000004,-22.0802
01/2024,999,4.1.01.05.000001,-3.06893
01/2024,999,4.1.01.05.000002,-3.8121
01/2024,999,4.1.01.05.000003,0.0
01/2024,999,4.1.01.05.000004,-0.137
01/2024,999,4.1.01.05.000005,-1.57819
01/2024,999,4.1.01.05.000006,-81.8919
01/2024,999,4.1.01.05.000007,-0.28
01/2024,999,4.1.01.05.000008,0.0
01/2024,999,4.1.01.05.000009,0.0
01/2024,999,4.1.01.06.000001,0.0
01/2024,999,4.1.01.06.000002,-7.50275
01/2024,999,4.1.01.06.000003,0.0
01/2024,999,4.1.01.06.000004,-32.03761
01/2024,999,4.1.01.07.000001,-0.26429
01/2024,999,4.1.01.07.000002,0.0
01/2024,999,4.1.01.07.000003,-16.84228
01/2024,999,4.1.01.07.000004,-0.33504
01/2024,999,4.1.01.07.000005,-9.10036
01/2024,999,4.1.01.07.000006,-3.45
01/2024,999,4.1.01.07.000007,0.0
01/2024,999,4.1.01.07.000008,-0.377
01/2024,999,4.1.01.07.000009,0.0
01/2024,999,4.1.01.07.000010,-8.16073
01/2024,999,4.1.01.07.000011,0.0
01/2024,999,4.1.01.07.000012,-3.20785
01/2024,999,4.1.01.07.000013,-10.136
01/2024,999,4.1.01.07.000014,-32.74105
01/2024,999,4.1.01.07.000015,0.0
01/2024,999,4.1.01.07.000016,-13.0
01/2024,999,4.1.01.07.000017,0.0
01/2024,999,4.1.01.07.000018,0.0
01/2024,999,4.1.01.07.000019,0.0
01/2024,999,4.1.01.07.000020,0.0
01/2024,999,4.1.01.08.000001,-0.551
01/2024,999,4.1.01.08.000002,0.0
01/2024,999,4.1.01.08.000003,0.0
01/2024,999,4.1.01.08.000004,-808.82015
01/2024,999,4.1.01.08.000005,-6.18448
01/2024,999,4.1.01.08.000007,0.0
01/2024,999,4.1.01.09.000004,-27.87309
01/2024,999,4.1.01.09.000006,0.0
01/2024,999,4.1.01.10.000001,0.0
01/2024,999,4.1.01.10.000003,0.0
01/2024,999,4.1.01.10.000004,0.0
01/2024,999,4.1.01.10.000005,0.0
01/2024,999,4.1.01.11.000002,-7.35488
01/2024,999,4.1.01.11.000003,0.0
01/2024,999,4.1.01.11.000004,0.0
01/2024,999,4.1.01.11.000007,0.0
01/2024,999,4.1.01.11.000009,-9.00881
01/2024,999,4.1.01.11.000010,0.0
01/2024,999,4.1.01.11.000017,0.0
01/2024,999,4.1.01.11.000019,-4.90512
01/2024,999,4.1.01.11.000020,0.0
01/2024,999,4.1.01.11.000021,0.0
01/2024,999,4.1.01.11.000025,0.0
01/2024,999,4.1.01.11.000026,0.0
01/2024,999,4.1.01.12.000001,-0.97044
01/2024,999,4.1.01.12.000002,0.0
01/2024,999,4.1.01.13.000001,0.0
01/2024,999,4.1.01.13.000002,0.0
01/2024,999,4.1.01.13.000003,0.0
01/2024,999,4.1.01.13.000004,0.0
01/2024,999,4.1.01.13.000005,0.0
01/2024,999,5.1.01.01.000001,-98.03519
01/2024,999,5.1.01.01.000003,0.0
01/2024,999,5.1.01.01.000004,0.0
01/2024,999,5.1.01.01.000008,0.0
01/2024,999,5.1.01.01.000012,-1.41232
01/2024,999,5.1.01.01.000020,0.0
01/2024,999,5.1.01.01.000021,0.0
01/2024,999,5.1.01.01.000022,0.0
01/2024,999,5.1.01.01.000023,-8.03587
01/2024,999,5.1.01.01.000024,0.0
01/2024,999,5.1.01.02.000001,-28.04286
01/2024,999,5.1.01.02.000002,-8.19785
01/2024,999,5.1.01.02.000003,0.0
01/2024,999,5.1.01.02.000006,0.0
01/2024,999,5.1.01.02.000007,0.0
01/2024,999,5.1.01.02.000020,0.0
01/2024,999,5.1.01.02.000021,0.0
01/2024,999,5.1.01.02.000022,0.0
01/2024,999,5.1.01.03.000001,-4.17614
01/2024,999,5.1.01.03.000004,-5.25244
01/2024,999,5.1.01.03.000006,-1.007
01/2024,999,5.1.01.03.000008,-0.3
01/2024,999,5.1.01.03.000009,-13.882
01/2024,999,5.1.01.03.000010,-6.0744
01/2024,999,5.1.01.03.000012,0.0
01/2024,999,5.1.01.03.000013,0.0
01/2024,999,5.1.01.03.000014,0.0
01/2024,999,5.1.01.04.000001,0.0
01/2024,999,5.1.01.04.000002,0.0
01/2024,999,5.1.01.04.000003,0.0
01/2024,999,5.1.01.04.000004,-15.775
01/2024,999,5.1.01.05.000001,-15.99477
01/2024,999,5.1.01.05.000002,0.0
01/2024,999,5.1.01.05.000003,0.0
01/2024,999,5.1.01.05.000004,0.0
01/2024,999,5.1.01.05.000005,-0.60288
01/2024,999,5.1.01.05.000006,-3.4493
01/2024,999,5.1.01.05.000007,0.0
01/2024,999,5.1.01.05.000009,0.0
01/2024,999,5.1.01.06.000001,-3.98988
01/2024,999,5.1.01.06.000002,0.0
01/2024,999,5.1.01.06.000003,0.0
01/2024,999,5.1.01.06.000004,-13.75548
01/2024,999,5.1.01.06.000005,0.0
01/2024,999,5.1.01.06.000006,-15.2551
01/2024,999,5.1.01.06.000008,0.0
01/2024,999,5.1.01.07.000001,0.0
01/2024,999,5.1.01.07.000002,0.0
01/2024,999,5.1.01.07.000003,0.0
01/2024,999,5.1.01.07.000004,0.0
01/2024,999,5.1.01.07.000005,-1.86354
01/2024,999,5.1.01.07.000007,0.0
01/2024,999,5.1.01.07.000008,0.0
01/2024,999,5.1.01.07.000010,-100.76842
01/2024,999,5.1.01.07.000014,0.0
01/2024,999,5.1.01.07.000015,-0.36
01/2024,999,5.1.01.07.000020,0.0
01/2024,999,5.1.01.07.000021,0.0
01/2024,999,5.1.01.08.000001,-1.38
01/2024,999,5.1.01.08.000002,0.0
01/2024,999,5.1.01.08.000003,0.0
01/2024,999,5.1.01.08.000004,-0.38
01/2024,999,5.1.01.08.000005,-15.07032
01/2024,999,5.1.01.09.000001,0.0
01/2024,999,5.1.01.09.000003,-14.0
01/2024,999,5.1.01.09.000005,0.0
01/2024,999,5.1.01.09.000008,0.0
01/2024,999,5.1.01.10.000002,0.0
01/2024,999,5.1.01.10.000003,0.0
01/2024,999,5.1.01.10.000004,0.0
01/2024,999,5.1.01.11.000001,0.0
01/2024,999,5.1.01.11.000003,0.0
01/2024,999,5.1.01.11.000004,0.0
01/2024,999,5.1.01.11.000006,-0.92748
01/2024,999,5.1.01.11.000007,-2.18692
01/2024,999,5.1.01.11.000008,-0.39149
01/2024,999,5.1.01.11.000010,0.0
01/2024,999,5.1.01.11.000012,0.0
01/2024,999,5.1.01.11.000013,0.0
01/2024,999,5.1.01.11.000014,0.0
01/2024,999,5.1.01.11.000015,0.0
01/2024,999,5.1.01.11.000021,0.0
01/2024,999,5.1.01.11.000022,0.0
01/2024,999,5.1.01.11.000025,0.0
01/2024,999,5.1.01.11.000026,0.0
01/2024,999,5.1.01.11.000027,0.0
01/2024,999,5.1.01.11.000031,0.0
01/2024,999,5.1.01.12.000003,0.0
01/2024,999,5.1.01.12.000008,0.0
01/2024,999,5.1.01.12.000009,0.0
01/2024,999,5.1.01.12.000019,0.0
01/2024,999,5.1.01.13.000001,0.0
01/2024,999,5.1.01.14.000001,0.0
01/2024,999,5.1.01.14.000002,0.0
01/2024,999,5.1.01.14.000003,0.0
01/2024,999,5.1.02.01.000006,0.0
01/2024,999,5.1.02.01.000009,0.0
01/2024,999,5.1.02.01.000010,-427.18015
01/2024,999,5.1.02.01.000011,0.0
01/2024,999,5.1.02.01.000012,0.0
01/2024,999,5.1.03.01.000001,-7.3102
01/2024,999,5.1.03.01.000002,-0.87341
01/2024,999,5.1.03.01.000003,-31.39133
01/2024,999,5.1.03.01.000004,-3740.33841
01/2024,999,5.1.03.01.000005,-3.21189
01/2024,999,5.1.03.01.000007,-0.14527
01/2024,999,5.1.03.02.000001,-2.71676
01/2024,999,5.1.04.01.000001,-6.18586
01/2024,999,5.1.04.01.000002,0.0
01/2024,999,5.1.04.01.000004,-152.20995
01/2024,999,5.1.04.01.000005,0.0
01/2024,999,5.1.04.01.000006,-12.24535
01/2024,999,5.1.04.01.000007,0.0
01/2024,999,5.1.04.01.000009,0.0
01/2024,999,5.1.04.01.000010,0.0
01/2024,999,5.1.04.01.000011,0.0
01/2024,999,5.1.04.01.000014,-183.44123
01/2024,999,5.1.04.01.000015,-0.0515
01/2024,999,5.1.04.01.000016,0.0
01/2024,999,5.1.04.01.000017,-80.03428
01/2024,999,5.1.04.02.000001,31.85094
01/2024,999,5.1.04.02.000002,0.09842
01/2024,999,5.1.04.02.000003,0.0
01/2024,999,5.2.01.01.000001,49.34221
01/2024,999,5.9.01.01.000001,0.0
01/2024,999,5.9.01.01.000002,0.0
01/2024,999,5.9.01.02.000001,0.0
01/2024,999,5.9.01.02.000002,0.0
01/2025,6,3.1.01.01.000002,646.58423
01/2025,6,3.1.01.01.000003,0.0
01/2025,6,3.1.01.01.000013,0.0
01/2025,6,3.1.02.02.000002,0.0
01/2025,6,3.1.02.02.000003,0.0
01/2025,6,3.1.02.02.000004,0.0
01/2025,6,3.1.02.02.000009,0.0
01/2025,6,3.1.02.02.000010,-12.93169
01/2025,6,3.1.03.02.000003,0.0
01/2025,6,3.1.03.03.000001,0.0
01/2025,6,3.2.01.01.000001,0.0
01/2025,6,3.2.01.02.000002,0.0
01/2025,6,4.1.01.01.000001,-105.05074
01/2025,6,4.1.01.01.000002,0.0
01/2025,6,4.1.01.01.000003,0.0
01/2025,6,4.1.01.01.000006,0.0
01/2025,6,4.1.01.01.000008,0.0
01/2025,6,4.1.01.01.000009,-8.48292
01/2025,6,4.1.01.01.000010,0.0
01/2025,6,4.1.01.02.000001,-31.08141
01/2025,6,4.1.01.02.000002,-9.10794
01/2025,6,4.1.01.02.000003,0.0
01/2025,6,4.1.01.02.000004,0.0
01/2025,6,4.1.01.02.000006,0.0
01/2025,6,4.1.01.02.000007,0.0
01/2025,6,4.1.01.03.000001,-7.48195
01/2025,6,4.1.01.03.000003,0.0
01/2025,6,4.1.01.03.000004,0.0
01/2025,6,4.1.01.03.000006,-0.618
01/2025,6,4.1.01.03.000009,0.0
01/2025,6,4.1.01.03.000010,0.0
01/2025,6,4.1.01.04.000004,-1.3
01/2025,6,4.1.01.05.000001,0.0
01/2025,6,4.1.01.05.000002,0.0
01/2025,6,4.1.01.05.000003,0.0
01/2025,6,4.1.01.05.000006,-154.55482
01/2025,6,4.1.01.06.000001,0.0
01/2025,6,4.1.01.06.000002,0.0
01/2025,6,4.1.01.06.000004,0.0
01/2025,6,4.1.01.07.000007,0.0
01/2025,6,4.1.01.07.000012,0.0
01/2025,6,4.1.01.07.000013,0.0
01/2025,6,4.1.01.07.000014,0.0
01/2025,6,4.1.01.07.000018,0.0
01/2025,6,4.1.01.08.000001,0.0
01/2025,6,4.1.01.08.000004,-15.50662
01/2025,6,4.1.01.08.000005,0.0
01/2025,6,4.1.01.08.000006,0.0
01/2025,6,4.1.01.11.000002,-6.58432
01/2025,6,4.1.01.11.000007,0.0
01/2025,6,4.1.01.11.000008,0.0
01/2025,6,4.1.01.11.000009,-0.72512
01/2025,6,4.1.01.11.000025,0.0
01/2025,6,5.1.01.01.000001,0.0
01/2025,6,5.1.01.01.000003,0.0
01/2025,6,5.1.01.01.000004,0.0
01/2025,6,5.1.01.01.000023,0.0
01/2025,6,5.1.01.01.000024,0.0
01/2025,6,5.1.01.02.000001,0.0
01/2025,6,5.1.01.02.000002,0.0
01/2025,6,5.1.01.02.000003,0.0
01/2025,6,5.1.01.02.000004,0.0
01/2025,6,5.1.01.02.000005,0.0
01/2025,6,5.1.01.02.000007,0.0
01/2025,6,5.1.01.03.000001,0.0
01/2025,6,5.1.01.03.000004,0.0
01/2025,6,5.1.01.03.000006,0.0
01/2025,6,5.1.01.03.000009,0.0
01/2025,6,5.1.01.03.000010,0.0
01/2025,6,5.1.01.04.000001,0.0
01/2025,6,5.1.01.04.000002,0.0
01/2025,6,5.1.01.04.000004,0.0
01/2025,6,5.1.01.05.000001,0.0
01/2025,6,5.1.01.05.000002,0.0
01/2025,6,5.1.01.05.000006,0.0
01/2025,6,5.1.01.05.000009,0.0
01/2025,6,5.1.01.06.000001,0.0
01/2025,6,5.1.01.06.000004,0.0
01/2025,6,5.1.01.06.000007,0.0
01/2025,6,5.1.01.07.000007,0.0
01/2025,6,5.1.01.07.000012,0.0
01/2025,6,5.1.01.08.000001,0.0
01/2025,6,5.1.01.08.000004,0.0
01/2025,6,5.1.01.08.000005,0.0
01/2025,6,5.1.01.11.000001,0.0
01/2025,6,5.1.01.11.000002,0.0
01/2025,6,5.1.01.11.000005,0.0
01/2025,6,5.1.01.11.000006,0.0
01/2025,6,5.1.01.11.000007,0.0
01/2025,6,5.1.01.11.000008,0.0
01/2025,6,5.1.01.11.000009,0.0
01/2025,6,5.1.01.11.000012,0.0
01/2025,6,5.1.01.11.000014,0.0
01/2025,6,5.1.01.11.000015,0.0
01/2025,6,5.1.01.11.000016,-5.01727
01/2025,6,5.1.01.11.000017,-23.10983
01/2025,6,5.1.01.11.000021,0.0
01/2025,6,5.1.01.11.000022,0.0
01/2025,6,5.1.01.11.000025,0.0
01/2025,6,5.1.01.11.000026,0.0
01/2025,6,5.1.01.11.000027,0.0
01/2025,6,5.1.01.12.000001,0.0
01/2025,6,5.1.01.12.000009,0.0
01/2025,6,5.1.01.12.000011,0.0
01/2025,6,5.1.01.12.000020,0.0
01/2025,6,5.1.01.13.000001,0.0
01/2025,6,5.1.03.01.000001,-0.05234
01/2025,6,5.1.03.01.000002,-0.00913
01/2025,6,5.1.03.01.000004,-3.0
01/2025,6,5.1.03.01.000007,-0.01441
01/2025,6,5.1.04.01.000001,-1.24738
01/2025,6,5.1.04.01.000004,0.0
01/2025,6,5.1.04.01.000005,0.0
01/2025,6,5.1.04.01.000006,-0.00062
01/2025,6,5.1.04.01.000011,0.0
01/2025,6,5.1.04.01.000013,0.0
01/2025,6,5.1.04.01.000014,0.0
01/2025,6,5.1.04.02.000001,0.00074
01/2025,6,5.1.04.02.000002,0.0
01/2025,6,5.1.04.02.000003,55.70942
01/2025,6,5.2.01.01.000001,2.96793
01/2025,7,3.1.01.01.000005,1390.08777
01/2025,7,3.1.02.01.000001,0.0
01/2025,7,3.2.01.01.000003,7.0
01/2025,7,3.2.01.02.000002,1.18086
01/2025,7,3.2.01.02.000003,0.0
01/2025,7,4.1.01.08.000005,0.0
01/2025,7,4.1.02.01.000001,-19.45231
01/2025,7,4.1.02.01.000003,0.0
01/2025,7,4.1.02.01.000008,0.0
01/2025,7,4.1.02.01.000009,-2.78597
01/2025,7,4.1.02.01.000010,-3.951
01/2025,7,4.1.02.02.000001,-6.01916
01/2025,7,4.1.02.02.000002,-1.76385
01/2025,7,4.1.02.02.000003,0.0
01/2025,7,4.1.02.02.000005,0.0
01/2025,7,4.1.02.02.000006,0.0
01/2025,7,4.1.02.02.000007,-0.2
01/2025,7,4.1.02.02.000008,0.0
01/2025,7,4.1.02.03.000001,0.0
01/2025,7,4.1.02.03.000004,-0.227
01/2025,7,4.1.02.03.000005,0.0
01/2025,7,4.1.02.03.000006,-0.4
01/2025,7,4.1.02.03.000009,-0.461
01/2025,7,4.1.02.03.000010,0.0
01/2025,7,4.1.02.03.000013,0.0
01/2025,7,4.1.02.04.000003,-1.86116
01/2025,7,4.1.02.04.000004,0.0
01/2025,7,4.1.02.05.000001,-0.132
01/2025,7,4.1.02.05.000002,-0.5061
01/2025,7,4.1.02.05.000003,0.0
01/2025,7,4.1.02.05.000004,-0.385
01/2025,7,4.1.02.05.000005,-0.135
01/2025,7,4.1.02.05.000006,-1068.38525
01/2025,7,4.1.02.05.000007,0.0
01/2025,7,4.1.02.05.000009,-1.05501
01/2025,7,4.1.02.05.000010,0.0
01/2025,7,4.1.02.06.000001,-1.20735
01/2025,7,4.1.02.06.000004,0.0
01/2025,7,4.1.02.07.000003,-4.48007
01/2025,7,4.1.02.07.000004,-0.14025
01/2025,7,4.1.02.07.000006,-0.48
01/2025,7,4.1.02.07.000007,0.0
01/2025,7,4.1.02.07.000010,0.0
01/2025,7,4.1.02.07.000016,-11.76363
01/2025,7,4.1.02.08.000001,0.0
01/2025,7,4.1.02.08.000002,0.0
01/2025,7,4.1.02.08.000005,-1.04245
01/2025,7,5.1.01.04.000002,0.0
01/2025,7,5.1.01.04.000003,0.0
01/2025,7,5.1.01.05.000001,0.0
01/2025,7,5.1.01.05.000003,0.0
01/2025,7,5.1.01.05.000005,0.0
01/2025,7,5.1.01.05.000009,0.0
01/2025,7,5.1.01.07.000007,0.0
01/2025,7,5.1.01.07.000010,-1.2002
01/2025,7,5.1.01.07.000015,-0.2
01/2025,7,5.1.01.07.000021,0.0
01/2025,7,5.1.01.08.000005,0.0
01/2025,7,5.1.01.09.000003,0.0
01/2025,7,5.1.01.09.000008,0.0
01/2025,7,5.1.01.11.000001,0.0
01/2025,7,5.1.01.11.000005,0.0
01/2025,7,5.1.01.11.000006,-0.12882
01/2025,7,5.1.01.11.000007,0.0
01/2025,7,5.1.01.11.000008,-0.01454
01/2025,7,5.1.01.11.000016,-0.1155
01/2025,7,5.1.01.11.000017,-0.532
01/2025,7,5.1.01.11.000027,0.0
01/2025,7,5.1.01.13.000001,0.0
01/2025,7,5.1.01.14.000003,0.0
01/2025,7,5.1.02.01.000009,0.0
01/2025,7,5.1.02.01.000010,0.0
01/2025,7,5.1.02.01.000011,0.0
01/2025,7,5.1.04.01.000001,-3.82663
01/2025,7,5.1.04.01.000002,-37.0058
01/2025,7,5.1.04.01.000003,0.0
01/2025,7,5.1.04.01.000004,-10.50731
01/2025,7,5.1.04.01.000005,0.0
01/2025,7,5.1.04.01.000006,-0.00527
01/2025,7,5.1.04.01.000014,0.0
01/2025,7,5.1.04.02.000001,0.00586
01/2025,7,5.1.04.02.000002,0.0
01/2025,7,5.1.04.02.000003,0.02424
01/2025,7,5.2.01.01.000001,0.0
01/2025,7,5.9.01.01.000001,0.0
01/2025,7,5.9.01.02.000001,0.0
01/2025,999,3.1.01.01.000002,0.0
01/2025,999,3.1.01.01.000003,1.41
01/2025,999,3.1.01.01.000004,4.88765
01/2025,999,3.1.01.01.000006,6.06893
01/2025,999,3.1.01.01.000008,0.0
01/2025,999,3.1.01.01.000009,0.0
01/2025,999,3.1.01.01.000010,0.0
01/2025,999,3.1.01.01.000011,0.0
01/2025,999,3.1.01.01.000012,0.0
01/2025,999,3.1.01.01.000013,7606.8209
01/2025,999,3.1.02.01.000001,0.0
01/2025,999,3.1.02.02.000004,0.0
01/2025,999,3.1.02.02.000005,0.0
01/2025,999,3.1.02.02.000008,0.0
01/2025,999,3.1.02.02.000010,-0.0705
01/2025,999,3.1.02.02.000011,0.0
01/2025,999,3.1.02.02.000012,0.0
01/2025,999,3.1.02.02.000013,-0.39795
01/2025,999,3.1.02.02.000014,-0.19897
01/2025,999,3.1.03.01.000007,0.0
01/2025,999,3.1.03.01.000011,0.0
01/2025,999,3.1.03.02.000001,0.0
01/2025,999,3.1.03.02.000003,0.0
01/2025,999,3.1.03.02.000004,0.0
01/2025,999,3.1.03.03.000001,0.0
01/2025,999,3.2.01.01.000001,2473.0
01/2025,999,3.2.01.01.000005,0.29025
01/2025,999,3.2.01.02.000001,0.0
01/2025,999,3.2.01.02.000002,1.36863
01/2025,999,3.2.01.02.000003,0.3
01/2025,999,3.2.01.02.000004,0.0
01/2025,999,3.2.01.02.000005,0.0
01/2025,999,3.2.01.02.000006,0.0
01/2025,999,3.2.01.03.000001,0.0
01/2025,999,4.1.01.01.000001,-136.91583
01/2025,999,4.1.01.01.000002,-2.2
01/2025,999,4.1.01.01.000003,-7.13536
01/2025,999,4.1.01.01.000004,0.0
01/2025,999,4.1.01.01.000006,0.0
01/2025,999,4.1.01.01.000007,0.0
01/2025,999,4.1.01.01.000009,-7.73864
01/2025,999,4.1.01.01.000010,0.0
01/2025,999,4.1.01.02.000001,-35.06316
01/2025,999,4.1.01.02.000002,-12.52138
01/2025,999,4.1.01.02.000003,-4.10141
01/2025,999,4.1.01.02.000004,0.0
01/2025,999,4.1.01.02.000005,0.0
01/2025,999,4.1.01.02.000007,-0.664
01/2025,999,4.1.01.03.000001,-17.4602
01/2025,999,4.1.01.03.000003,0.0
01/2025,999,4.1.01.03.000004,-13.0605
01/2025,999,4.1.01.03.000005,0.0
01/2025,999,4.1.01.03.000006,-1.299
01/2025,999,4.1.01.03.000008,0.0
01/2025,999,4.1.01.03.000009,-22.685
01/2025,999,4.1.01.03.000010,0.0
01/2025,999,4.1.01.03.000013,0.0
01/2025,999,4.1.01.04.000002,0.0
01/2025,999,4.1.01.04.000004,-27.94219
01/2025,999,4.1.01.05.000001,-0.255
01/2025,999,4.1.01.05.000002,-2.50885
01/2025,999,4.1.01.05.000003,0.0
01/2025,999,4.1.01.05.000004,0.0
01/2025,999,4.1.01.05.000005,-1.69108
01/2025,999,4.1.01.05.000006,-17.32143
01/2025,999,4.1.01.05.000007,-9.81142
01/2025,999,4.1.01.05.000008,0.0
01/2025,999,4.1.01.05.000009,-0.496
01/2025,999,4.1.01.06.000001,-12.70439
01/2025,999,4.1.01.06.000002,-1.2144
01/2025,999,4.1.01.06.000003,0.0
01/2025,999,4.1.01.06.000004,-47.96919
01/2025,999,4.1.01.06.000007,0.0
01/2025,999,4.1.01.07.000001,-0.28159
01/2025,999,4.1.01.07.000002,-0.1984
01/2025,999,4.1.01.07.000003,-16.33847
01/2025,999,4.1.01.07.000004,-36.62128
01/2025,999,4.1.01.07.000005,-2.5
01/2025,999,4.1.01.07.000006,0.0
01/2025,999,4.1.01.07.000007,-10.02357
01/2025,999,4.1.01.07.000008,-0.046
01/2025,999,4.1.01.07.000009,0.0
01/2025,999,4.1.01.07.000010,-2.215
01/2025,999,4.1.01.07.000011,0.0
01/2025,999,4.1.01.07.000012,-6.99212
01/2025,999,4.1.01.07.000013,-9.32798
01/2025,999,4.1.01.07.000014,-54.83978
01/2025,999,4.1.01.07.000015,0.0
01/2025,999,4.1.01.07.000016,-13.0
01/2025,999,4.1.01.07.000017,0.0
01/2025,999,4.1.01.07.000018,-0.095
01/2025,999,4.1.01.07.000019,-2.3034
01/2025,999,4.1.01.07.000020,0.0
01/2025,999,4.1.01.08.000001,-2.7186
01/2025,999,4.1.01.08.000002,0.0
01/2025,999,4.1.01.08.000003,0.0
01/2025,999,4.1.01.08.000004,-478.05551
01/2025,999,4.1.01.08.000005,-0.16
01/2025,999,4.1.01.08.000007,-1.2
01/2025,999,4.1.01.08.000008,0.0
01/2025,999,4.1.01.09.000004,-18.2022
01/2025,999,4.1.01.09.000006,0.0
01/2025,999,4.1.01.10.000001,0.0
01/2025,999,4.1.01.10.000003,0.0
01/2025,999,4.1.01.10.000004,0.0
01/2025,999,4.1.01.10.000005,0.0
01/2025,999,4.1.01.11.000002,-6.31404
01/2025,999,4.1.01.11.000003,0.0
01/2025,999,4.1.01.11.000004,0.0
01/2025,999,4.1.01.11.000007,0.0
01/2025,999,4.1.01.11.000009,-16.47309
01/2025,999,4.1.01.11.000010,0.0
01/2025,999,4.1.01.11.000017,0.0
01/2025,999,4.1.01.11.000019,0.0
01/2025,999,4.1.01.11.000020,0.0
01/2025,999,4.1.01.11.000021,0.0
01/2025,999,4.1.01.11.000025,0.0
01/2025,999,4.1.01.11.000026,0.0
01/2025,999,4.1.01.12.000001,-0.136
01/2025,999,4.1.01.12.000002,0.0
01/2025,999,4.1.01.13.000001,-0.35476
01/2025,999,4.1.01.13.000002,0.0
01/2025,999,4.1.01.13.000003,0.0
01/2025,999,4.1.01.13.000004,0.0
01/2025,999,4.1.01.13.000005,0.0
01/2025,999,5.1.01.01.000001,-97.62193
01/2025,999,5.1.01.01.000003,0.0
01/2025,999,5.1.01.01.000004,-42.95449
01/2025,999,5.1.01.01.000005,0.0
01/2025,999,5.1.01.01.000008,0.0
01/2025,999,5.1.01.01.000012,-1.51898
01/2025,999,5.1.01.01.000020,0.0
01/2025,999,5.1.01.01.000021,0.0
01/2025,999,5.1.01.01.000022,0.0
01/2025,999,5.1.01.01.000023,-2.03555
01/2025,999,5.1.01.01.000024,0.0
01/2025,999,5.1.01.02.000001,-19.18596
01/2025,999,5.1.01.02.000002,-8.84878
01/2025,999,5.1.01.02.000003,-18.43333
01/2025,999,5.1.01.02.000005,0.0
01/2025,999,5.1.01.02.000006,0.0
01/2025,999,5.1.01.02.000007,0.0
01/2025,999,5.1.01.02.000020,0.0
01/2025,999,5.1.01.02.000021,0.0
01/2025,999,5.1.01.02.000022,0.0
01/2025,999,5.1.01.03.000001,-9.22424
01/2025,999,5.1.01.03.000004,1.43734
01/2025,999,5.1.01.03.000006,0.0
01/2025,999,5.1.01.03.000008,-0.61386
01/2025,999,5.1.01.03.000009,-9.703
01/2025,999,5.1.01.03.000010,0.0
01/2025,999,5.1.01.03.000012,0.0
01/2025,999,5.1.01.03.000013,0.0
01/2025,999,5.1.01.03.000014,0.0
01/2025,999,5.1.01.04.000001,0.0
01/2025,999,5.1.01.04.000002,0.0
01/2025,999,5.1.01.04.000003,0.0
01/2025,999,5.1.01.04.000004,-26.25
01/2025,999,5.1.01.05.000001,-1.33541
01/2025,999,5.1.01.05.000002,-0.15442
01/2025,999,5.1.01.05.000003,0.0
01/2025,999,5.1.01.05.000004,-0.0959
01/2025,999,5.1.01.05.000005,-0.0864
01/2025,999,5.1.01.05.000006,-6.51751
01/2025,999,5.1.01.05.000007,0.0
01/2025,999,5.1.01.05.000009,0.0
01/2025,999,5.1.01.05.000010,0.0
01/2025,999,5.1.01.06.000001,-11.62702
01/2025,999,5.1.01.06.000002,0.0
01/2025,999,5.1.01.06.000003,0.0
01/2025,999,5.1.01.06.000004,-38.85185
01/2025,999,5.1.01.06.000005,0.0
01/2025,999,5.1.01.06.000006,-16.31717
01/2025,999,5.1.01.06.000008,0.0
01/2025,999,5.1.01.07.000001,0.0
01/2025,999,5.1.01.07.000002,0.0
01/2025,999,5.1.01.07.000003,0.0
01/2025,999,5.1.01.07.000004,0.0
01/2025,999,5.1.01.07.000005,0.0
01/2025,999,5.1.01.07.000007,0.0
01/2025,999,5.1.01.07.000008,0.0
01/2025,999,5.1.01.07.000010,-4.80979
01/2025,999,5.1.01.07.000014,0.0
01/2025,999,5.1.01.07.000015,-0.36
01/2025,999,5.1.01.07.000020,0.0
01/2025,999,5.1.01.07.000021,0.0
01/2025,999,5.1.01.08.000001,-4.85
01/2025,999,5.1.01.08.000002,0.0
01/2025,999,5.1.01.08.000003,0.0
01/2025,999,5.1.01.08.000004,-1.12253
01/2025,999,5.1.01.08.000005,-70.28024
01/2025,999,5.1.01.09.000001,0.0
01/2025,999,5.1.01.09.000003,-3.0
01/2025,999,5.1.01.09.000005,0.0
01/2025,999,5.1.01.09.000007,0.0
01/2025,999,5.1.01.09.000008,0.0
01/2025,999,5.1.01.10.000002,0.0
01/2025,999,5.1.01.10.000003,0.0
01/2025,999,5.1.01.10.000004,0.0
01/2025,999,5.1.01.11.000001,0.0
01/2025,999,5.1.01.11.000003,0.0
01/2025,999,5.1.01.11.000004,0.0
01/2025,999,5.1.01.11.000006,-4.5624
01/2025,999,5.1.01.11.000007,-18.7705
01/2025,999,5.1.01.11.000008,-8.95893
01/2025,999,5.1.01.11.000010,0.0
01/2025,999,5.1.01.11.000012,0.0
01/2025,999,5.1.01.11.000013,0.0
01/2025,999,5.1.01.11.000014,0.0
01/2025,999,5.1.01.11.000015,0.0
01/2025,999,5.1.01.11.000021,0.0
01/2025,999,5.1.01.11.000022,0.0
01/2025,999,5.1.01.11.000025,0.0
01/2025,999,5.1.01.11.000026,0.0
01/2025,999,5.1.01.11.000027,0.0
01/2025,999,5.1.01.11.000030,0.0
01/2025,999,5.1.01.11.000031,0.0
01/2025,999,5.1.01.12.000003,0.0
01/2025,999,5.1.01.12.000008,0.0
01/2025,999,5.1.01.12.000009,0.0
01/2025,999,5.1.01.12.000019,0.0
01/2025,999,5.1.01.12.000021,-118.99649
01/2025,999,5.1.01.13.000001,0.0
01/2025,999,5.1.01.14.000001,0.0
01/2025,999,5.1.01.14.000002,0.0
01/2025,999,5.1.01.14.000003,0.0
01/2025,999,5.1.02.01.000006,0.0
01/2025,999,5.1.02.01.000009,0.0
01/2025,999,5.1.02.01.000010,0.0
01/2025,999,5.1.02.01.000011,0.0
01/2025,999,5.1.02.01.000012,0.0
01/2025,999,5.1.03.01.000001,-7.71107
01/2025,999,5.1.03.01.000002,-0.9809
01/2025,999,5.1.03.01.000003,-31.39133
01/2025,999,5.1.03.01.000004,-1420.80071
01/2025,999,5.1.03.01.000005,-3.47394
01/2025,999,5.1.03.01.000007,-0.29518
01/2025,999,5.1.03.02.000001,-5.5929
01/2025,999,5.1.04.01.000001,-9.19948
01/2025,999,5.1.04.01.000002,0.0
01/2025,999,5.1.04.01.000004,-77.36978
01/2025,999,5.1.04.01.000005,0.0
01/2025,999,5.1.04.01.000006,-4.40967
01/2025,999,5.1.04.01.000007,0.0
01/2025,999,5.1.04.01.000009,0.0
01/2025,999,5.1.04.01.000010,0.0
01/2025,999,5.1.04.01.000011,0.0
01/2025,999,5.1.04.01.000014,-774.4226
01/2025,999,5.1.04.01.000015,0.0
01/2025,999,5.1.04.01.000016,0.0
01/2025,999,5.1.04.01.000017,-75.21806
01/2025,999,5.1.04.02.000001,35.12237
01/2025,999,5.1.04.02.000002,0.14776
01/2025,999,5.1.04.02.000003,0.0
01/2025,999,5.2.01.01.000001,-1.83745
01/2025,999,5.9.01.01.000001,0.0
01/2025,999,5.9.01.01.000002,0.0
01/2025,999,5.9.01.02.000001,0.0
01/2025,999,5.9.01.02.000002,0.0
01/2026,6,3.1.01.01.000002,0.0
01/2026,6,3.1.01.01.000003,0.0
01/2026,6,3.1.01.01.000013,0.0
01/2026,6,3.1.02.02.000002,0.0
01/2026,6,3.1.02.02.000003,0.0
01/2026,6,3.1.02.02.000004,0.0
01/2026,6,3.1.02.02.000009,0.0
01/2026,6,3.1.02.02.000010,0.0
01/2026,6,3.1.03.02.000003,0.0
01/2026,6,3.1.03.03.000001,0.0
01/2026,6,3.2.01.01.000001,0.0
01/2026,6,3.2.01.02.000002,0.0
01/2026,6,4.1.01.01.000001,0.0
01/2026,6,4.1.01.01.000002,0.0
01/2026,6,4.1.01.01.000003,0.0
01/2026,6,4.1.01.01.000006,0.0
01/2026,6,4.1.01.01.000008,0.0
01/2026,6,4.1.01.01.000009,0.0
01/2026,6,4.1.01.01.000010,0.0
01/2026,6,4.1.01.02.000001,0.0
01/2026,6,4.1.01.02.000002,0.0
01/2026,6,4.1.01.02.000003,0.0
01/2026,6,4.1.01.02.000004,0.0
01/2026,6,4.1.01.02.000006,0.0
01/2026,6,4.1.01.02.000007,0.0
01/2026,6,4.1.01.03.000001,0.0
01/2026,6,4.1.01.03.000003,0.0
01/2026,6,4.1.01.03.000004,0.0
01/2026,6,4.1.01.03.000006,0.0
01/2026,6,4.1.01.03.000009,0.0
01/2026,6,4.1.01.03.000010,0.0
01/2026,6,4.1.01.04.000004,0.0
01/2026,6,4.1.01.05.000001,0.0
01/2026,6,4.1.01.05.000002,0.0
01/2026,6,4.1.01.05.000003,0.0
01/2026,6,4.1.01.05.000006,0.0
01/2026,6,4.1.01.06.000001,0.0
01/2026,6,4.1.01.06.000002,0.0
01/2026,6,4.1.01.06.000004,0.0
01/2026,6,4.1.01.07.000007,0.0
01/2026,6,4.1.01.07.000012,0.0
01/2026,6,4.1.01.07.000013,0.0
01/2026,6,4.1.01.07.000014,0.0
01/2026,6,4.1.01.07.000018,0.0
01/2026,6,4.1.01.08.000001,0.0
01/2026,6,4.1.01.08.000004,0.0
01/2026,6,4.1.01.08.000005,0.0
01/2026,6,4.1.01.08.000006,0.0
01/2026,6,4.1.01.11.000002,0.0
01/2026,6,4.1.01.11.000007,0.0
01/2026,6,4.1.01.11.000008,0.0
01/2026,6,4.1.01.11.000009,0.0
01/2026,6,4.1.01.11.000025,0.0
01/2026,6,5.1.01.01.000001,0.0
01/2026,6,5.1.01.01.000003,0.0
01/2026,6,5.1.01.01.000004,0.0
01/2026,6,5.1.01.01.000023,0.0
01/2026,6,5.1.01.01.000024,0.0
01/2026,6,5.1.01.02.000001,0.0
01/2026,6,5.1.01.02.000002,0.0
01/2026,6,5.1.01.02.000003,0.0
01/2026,6,5.1.01.02.000004,0.0
01/2026,6,5.1.01.02.000005,0.0
01/2026,6,5.1.01.02.000007,0.0
01/2026,6,5.1.01.03.000001,0.0
01/2026,6,5.1.01.03.000004,0.0
01/2026,6,5.1.01.03.000006,0.0
01/2026,6,5.1.01.03.000009,0.0
01/2026,6,5.1.01.03.000010,0.0
01/2026,6,5.1.01.04.000001,0.0
01/2026,6,5.1.01.04.000002,0.0
01/2026,6,5.1.01.04.000004,0.0
01/2026,6,5.1.01.05.000001,0.0
01/2026,6,5.1.01.05.000002,0.0
01/2026,6,5.1.01.05.000006,0.0
01/2026,6,5.1.01.05.000009,0.0
01/2026,6,5.1.01.06.000001,0.0
01/2026,6,5.1.01.06.000004,0.0
01/2026,6,5.1.01.06.000007,0.0
01/2026,6,5.1.01.07.000007,0.0
01/2026,6,5.1.01.07.000012,0.0
01/2026,6,5.1.01.08.000001,0.0
01/2026,6,5.1.01.08.000004,0.0
01/2026,6,5.1.01.08.000005,0.0
01/2026,6,5.1.01.11.000001,0.0
01/2026,6,5.1.01.11.000002,0.0
01/2026,6,5.1.01.11.000005,0.0
01/2026,6,5.1.01.11.000006,0.0
01/2026,6,5.1.01.11.000007,0.0
01/2026,6,5.1.01.11.000008,0.0
01/2026,6,5.1.01.11.000009,0.0
01/2026,6,5.1.01.11.000012,0.0
01/2026,6,5.1.01.11.000014,0.0
01/2026,6,5.1.01.11.000015,0.0
01/2026,6,5.1.01.11.000016,0.0
01/2026,6,5.1.01.11.000017,0.0
01/2026,6,5.1.01.11.000021,0.0
01/2026,6,5.1.01.11.000022,0.0
01/2026,6,5.1.01.11.000025,0.0
01/2026,6,5.1.01.11.000026,0.0
01/2026,6,5.1.01.11.000027,0.0
01/2026,6,5.1.01.12.000001,0.0
01/2026,6,5.1.01.12.000009,0.0
01/2026,6,5.1.01.12.000011,0.0
01/2026,6,5.1.01.12.000020,0.0
01/2026,6,5.1.01.13.000001,0.0
01/2026,6,5.1.03.01.000001,0.0
01/2026,6,5.1.03.01.000002,0.0
01/2026,6,5.1.03.01.000004,0.0
01/2026,6,5.1.03.01.000007,0.0
01/2026,6,5.1.04.01.000001,0.0
01/2026,6,5.1.04.01.000004,0.0
01/2026,6,5.1.04.01.000005,0.0
01/2026,6,5.1.04.01.000006,0.0
01/2026,6,5.1.04.01.000011,0.0
01/2026,6,5.1.04.01.000013,0.0
01/2026,6,5.1.04.01.000014,0.0
01/2026,6,5.1.04.02.000001,0.0
01/2026,6,5.1.04.02.000002,0.0
01/2026,6,5.1.04.02.000003,0.0
01/2026,6,5.2.01.01.000001,0.0
01/2026,7,3.1.01.01.000005,0.0
01/2026,7,3.1.02.01.000001,0.0
01/2026,7,3.2.01.01.000003,0.0
01/2026,7,3.2.01.02.000002,0.0
01/2026,7,3.2.01.02.000003,0.0
01/2026,7,4.1.01.08.000005,0.0
01/2026,7,4.1.02.01.000001,0.0
01/2026,7,4.1.02.01.000003,0.0
01/2026,7,4.1.02.01.000008,0.0
01/2026,7,4.1.02.01.000009,0.0
01/2026,7,4.1.02.01.000010,0.0
01/2026,7,4.1.02.02.000001,0.0
01/2026,7,4.1.02.02.000002,0.0
01/2026,7,4.1.02.02.000003,0.0
01/2026,7,4.1.02.02.000005,0.0
01/2026,7,4.1.02.02.000006,0.0
01/2026,7,4.1.02.02.000007,0.0
01/2026,7,4.1.02.02.000008,0.0
01/2026,7,4.1.02.03.000001,0.0
01/2026,7,4.1.02.03.000004,0.0
01/2026,7,4.1.02.03.000005,0.0
01/2026,7,4.1.02.03.000006,0.0
01/2026,7,4.1.02.03.000009,0.0
01/2026,7,4.1.02.03.000010,0.0
01/2026,7,4.1.02.03.000013,0.0
01/2026,7,4.1.02.04.000003,0.0
01/2026,7,4.1.02.04.000004,0.0
01/2026,7,4.1.02.05.000001,0.0
01/2026,7,4.1.02.05.000002,0.0
01/2026,7,4.1.02.05.000003,0.0
01/2026,7,4.1.02.05.000004,0.0
01/2026,7,4.1.02.05.000005,0.0
01/2026,7,4.1.02.05.000006,0.0
01/2026,7,4.1.02.05.000007,0.0
01/2026,7,4.1.02.05.000009,0.0
01/2026,7,4.1.02.05.000010,0.0
01/2026,7,4.1.02.06.000001,0.0
01/2026,7,4.1.02.06.000004,0.0
01/2026,7,4.1.02.07.000003,0.0
01/2026,7,4.1.02.07.000004,0.0
01/2026,7,4.1.02.07.000006,0.0
01/2026,7,4.1.02.07.000007,0.0
01/2026,7,4.1.02.07.000010,0.0
01/2026,7,4.1.02.07.000016,0.0
01/2026,7,4.1.02.08.000001,0.0
01/2026,7,4.1.02.08.000002,0.0
01/2026,7,4.1.02.08.000005,0.0
01/2026,7,5.1.01.04.000002,0.0
01/2026,7,5.1.01.04.000003,0.0
01/2026,7,5.1.01.05.000001,0.0
01/2026,7,5.1.01.05.000003,0.0
01/2026,7,5.1.01.05.000005,0.0
01/2026,7,5.1.01.05.000009,0.0
01/2026,7,5.1.01.07.000007,0.0
01/2026,7,5.1.01.07.000010,0.0
01/2026,7,5.1.01.07.000015,0.0
01/2026,7,5.1.01.07.000021,0.0
01/2026,7,5.1.01.08.000005,0.0
01/2026,7,5.1.01.09.000003,0.0
01/2026,7,5.1.01.09.000008,0.0
01/2026,7,5.1.01.11.000001,0.0
01/2026,7,5.1.01.11.000005,0.0
01/2026,7,5.1.01.11.000006,0.0
01/2026,7,5.1.01.11.000007,0.0
01/2026,7,5.1.01.11.000008,0.0
01/2026,7,5.1.01.11.000016,0.0
01/2026,7,5.1.01.11.000017,0.0
01/2026,7,5.1.01.11.000027,0.0
01/2026,7,5.1.01.13.000001,0.0
01/2026,7,5.1.01.14.000003,0.0
01/2026,7,5.1.02.01.000009,0.0
01/2026,7,5.1.02.01.000010,0.0
01/2026,7,5.1.02.01.000011,0.0
01/2026,7,5.1.04.01.000001,0.0
01/2026,7,5.1.04.01.000002,0.0
01/2026,7,5.1.04.01.000003,0.0
01/2026,7,5.1.04.01.000004,0.0
01/2026,7,5.1.04.01.000005,0.0
01/2026,7,5.1.04.01.000006,0.0
01/2026,7,5.1.04.01.000014,0.0
01/2026,7,5.1.04.02.000001,0.0
01/2026,7,5.1.04.02.000002,0.0
01/2026,7,5.1.04.02.000003,0.0
01/2026,7,5.2.01.01.000001,0.0
01/2026,7,5.9.01.01.000001,0.0
01/2026,7,5.9.01.02.000001,0.0
01/2026,999,3.1.01.01.000002,0.0
01/2026,999,3.1.01.01.000003,4132.81535
01/2026,999,3.1.01.01.000004,0.0
01/2026,999,3.1.01.01.000006,0.0
01/2026,999,3.1.01.01.000008,0.0
01/2026,999,3.1.01.01.000009,0.0
01/2026,999,3.1.01.01.000010,0.0
01/2026,999,3.1.01.01.000011,0.0
01/2026,999,3.1.01.01.000012,0.0
01/2026,999,3.1.01.01.000013,125.0
01/2026,999,3.1.02.01.000001,-90.0
01/2026,999,3.1.02.02.000004,0.0
01/2026,999,3.1.02.02.000005,0.0
01/2026,999,3.1.02.02.000008,0.0
01/2026,999,3.1.02.02.000010,0.0
01/2026,999,3.1.02.02.000011,0.0
01/2026,999,3.1.02.02.000012,0.0
01/2026,999,3.1.02.02.000013,0.0
01/2026,999,3.1.02.02.000014,0.0
01/2026,999,3.1.03.01.000007,0.0
01/2026,999,3.1.03.01.000011,0.0
01/2026,999,3.1.03.02.000001,0.0
01/2026,999,3.1.03.02.000003,0.0
01/2026,999,3.1.03.02.000004,0.0
01/2026,999,3.1.03.03.000001,133.29122
01/2026,999,3.2.01.01.000001,3957.0
01/2026,999,3.2.01.01.000005,3.152
01/2026,999,3.2.01.02.000001,0.0
01/2026,999,3.2.01.02.000002,2.51001
01/2026,999,3.2.01.02.000003,0.0
01/2026,999,3.2.01.02.000004,0.0
01/2026,999,3.2.01.02.000005,0.0
01/2026,999,3.2.01.02.000006,0.0
01/2026,999,3.2.01.03.000001,0.0
01/2026,999,4.1.01.01.000001,-115.27717
01/2026,999,4.1.01.01.000002,0.0
01/2026,999,4.1.01.01.000003,-4.4533
01/2026,999,4.1.01.01.000004,0.0
01/2026,999,4.1.01.01.000006,0.0
01/2026,999,4.1.01.01.000007,0.0
01/2026,999,4.1.01.01.000009,-1.41788
01/2026,999,4.1.01.01.000010,0.0
01/2026,999,4.1.01.02.000001,-32.31972
01/2026,999,4.1.01.02.000002,-11.31467
01/2026,999,4.1.01.02.000003,-3.58978
01/2026,999,4.1.01.02.000004,0.0
01/2026,999,4.1.01.02.000005,0.0
01/2026,999,4.1.01.02.000007,-0.3939
01/2026,999,4.1.01.03.000001,-11.20469
01/2026,999,4.1.01.03.000003,0.0
01/2026,999,4.1.01.03.000004,-11.79668
01/2026,999,4.1.01.03.000005,0.0
01/2026,999,4.1.01.03.000006,-3.93397
01/2026,999,4.1.01.03.000008,-2.1187
01/2026,999,4.1.01.03.000009,-26.86868
01/2026,999,4.1.01.03.000010,0.0
01/2026,999,4.1.01.03.000013,0.0
01/2026,999,4.1.01.04.000002,0.0
01/2026,999,4.1.01.04.000004,-20.32857
01/2026,999,4.1.01.05.000001,-0.6195
01/2026,999,4.1.01.05.000002,-0.81789
01/2026,999,4.1.01.05.000003,-0.18305
01/2026,999,4.1.01.05.000004,0.0
01/2026,999,4.1.01.05.000005,-1.38441
01/2026,999,4.1.01.05.000006,-9.09292
01/2026,999,4.1.01.05.000007,-3.56
01/2026,999,4.1.01.05.000008,0.0
01/2026,999,4.1.01.05.000009,0.0
01/2026,999,4.1.01.06.000001,-45.62727
01/2026,999,4.1.01.06.000002,-14.55
01/2026,999,4.1.01.06.000003,0.0
01/2026,999,4.1.01.06.000004,-124.83811
01/2026,999,4.1.01.06.000007,0.0
01/2026,999,4.1.01.07.000001,-0.29518
01/2026,999,4.1.01.07.000002,-1.2
01/2026,999,4.1.01.07.000003,-14.09368
01/2026,999,4.1.01.07.000004,-2.45849
01/2026,999,4.1.01.07.000005,-3.04023
01/2026,999,4.1.01.07.000006,-9.98
01/2026,999,4.1.01.07.000007,-4.87954
01/2026,999,4.1.01.07.000008,-0.016
01/2026,999,4.1.01.07.000009,0.0
01/2026,999,4.1.01.07.000010,-2.282
01/2026,999,4.1.01.07.000011,0.0
01/2026,999,4.1.01.07.000012,-14.21305
01/2026,999,4.1.01.07.000013,-9.31351
01/2026,999,4.1.01.07.000014,-3.3375
01/2026,999,4.1.01.07.000015,0.0
01/2026,999,4.1.01.07.000016,-16.0
01/2026,999,4.1.01.07.000017,-3.0
01/2026,999,4.1.01.07.000018,0.0
01/2026,999,4.1.01.07.000019,0.0
01/2026,999,4.1.01.07.000020,0.0
01/2026,999,4.1.01.08.000001,-6.4548
01/2026,999,4.1.01.08.000002,0.0
01/2026,999,4.1.01.08.000003,0.0
01/2026,999,4.1.01.08.000004,-443.48595
01/2026,999,4.1.01.08.000005,-12.6138
01/2026,999,4.1.01.08.000007,0.0
01/2026,999,4.1.01.08.000008,0.0
01/2026,999,4.1.01.09.000004,-33.16765
01/2026,999,4.1.01.09.000006,0.0
01/2026,999,4.1.01.10.000001,0.0
01/2026,999,4.1.01.10.000003,0.0
01/2026,999,4.1.01.10.000004,0.0
01/2026,999,4.1.01.10.000005,0.0
01/2026,999,4.1.01.11.000002,-33.61658
01/2026,999,4.1.01.11.000003,0.0
01/2026,999,4.1.01.11.000004,0.0
01/2026,999,4.1.01.11.000007,0.0
01/2026,999,4.1.01.11.000009,-59.31624
01/2026,999,4.1.01.11.000010,0.0
01/2026,999,4.1.01.11.000017,0.0
01/2026,999,4.1.01.11.000019,0.0
01/2026,999,4.1.01.11.000020,0.0
01/2026,999,4.1.01.11.000021,0.0
01/2026,999,4.1.01.11.000025,0.0
01/2026,999,4.1.01.11.000026,0.0
01/2026,999,4.1.01.12.000001,0.0
01/2026,999,4.1.01.12.000002,0.0
01/2026,999,4.1.01.13.000001,0.0
01/2026,999,4.1.01.13.000002,0.0
01/2026,999,4.1.01.13.000003,0.0
01/2026,999,4.1.01.13.000004,0.0
01/2026,999,4.1.01.13.000005,0.0
01/2026,999,5.1.01.01.000001,-71.70374
01/2026,999,5.1.01.01.000003,0.0
01/2026,999,5.1.01.01.000004,-87.97557
01/2026,999,5.1.01.01.000005,0.0
01/2026,999,5.1.01.01.000008,0.0
01/2026,999,5.1.01.01.000012,0.0
01/2026,999,5.1.01.01.000020,0.0
01/2026,999,5.1.01.01.000021,0.0
01/2026,999,5.1.01.01.000022,0.0
01/2026,999,5.1.01.01.000023,-9.57943
01/2026,999,5.1.01.01.000024,0.0
01/2026,999,5.1.01.02.000001,-25.27319
01/2026,999,5.1.01.02.000002,-13.251
01/2026,999,5.1.01.02.000003,0.0
01/2026,999,5.1.01.02.000005,0.0
01/2026,999,5.1.01.02.000006,0.0
01/2026,999,5.1.01.02.000007,0.0
01/2026,999,5.1.01.02.000020,0.0
01/2026,999,5.1.01.02.000021,0.0
01/2026,999,5.1.01.02.000022,0.0
01/2026,999,5.1.01.03.000001,0.0
01/2026,999,5.1.01.03.000004,0.0
01/2026,999,5.1.01.03.000006,0.0
01/2026,999,5.1.01.03.000008,0.0
01/2026,999,5.1.01.03.000009,0.0
01/2026,999,5.1.01.03.000010,-3.62
01/2026,999,5.1.01.03.000012,0.0
01/2026,999,5.1.01.03.000013,0.0
01/2026,999,5.1.01.03.000014,0.0
01/2026,999,5.1.01.04.000001,0.0
01/2026,999,5.1.01.04.000002,0.0
01/2026,999,5.1.01.04.000003,0.0
01/2026,999,5.1.01.04.000004,0.0
01/2026,999,5.1.01.05.000001,0.0
01/2026,999,5.1.01.05.000002,-1.9199
01/2026,999,5.1.01.05.000003,0.0
01/2026,999,5.1.01.05.000004,0.0
01/2026,999,5.1.01.05.000005,0.0
01/2026,999,5.1.01.05.000006,-6.61322
01/2026,999,5.1.01.05.000007,0.0
01/2026,999,5.1.01.05.000009,-0.235
01/2026,999,5.1.01.05.000010,0.0
01/2026,999,5.1.01.06.000001,-1.20592
01/2026,999,5.1.01.06.000002,0.0
01/2026,999,5.1.01.06.000003,0.0
01/2026,999,5.1.01.06.000004,0.0
01/2026,999,5.1.01.06.000005,0.0
01/2026,999,5.1.01.06.000006,-16.51085
01/2026,999,5.1.01.06.000008,0.0
01/2026,999,5.1.01.07.000001,0.0
01/2026,999,5.1.01.07.000002,0.0
01/2026,999,5.1.01.07.000003,-6.73757
01/2026,999,5.1.01.07.000004,0.0
01/2026,999,5.1.01.07.000005,0.0
01/2026,999,5.1.01.07.000007,0.0
01/2026,999,5.1.01.07.000008,0.0
01/2026,999,5.1.01.07.000010,-27.34664
01/2026,999,5.1.01.07.000014,0.0
01/2026,999,5.1.01.07.000015,-0.36
01/2026,999,5.1.01.07.000020,0.0
01/2026,999,5.1.01.07.000021,0.0
01/2026,999,5.1.01.08.000001,-0.496
01/2026,999,5.1.01.08.000002,0.0
01/2026,999,5.1.01.08.000003,0.0
01/2026,999,5.1.01.08.000004,-0.23
01/2026,999,5.1.01.08.000005,-185.598
01/2026,999,5.1.01.09.000001,0.0
01/2026,999,5.1.01.09.000003,0.0
01/2026,999,5.1.01.09.000005,0.0
01/2026,999,5.1.01.09.000007,0.0
01/2026,999,5.1.01.09.000008,0.0
01/2026,999,5.1.01.10.000002,0.0
01/2026,999,5.1.01.10.000003,0.0
01/2026,999,5.1.01.10.000004,0.0
01/2026,999,5.1.01.11.000001,0.0
01/2026,999,5.1.01.11.000003,-7.28901
01/2026,999,5.1.01.11.000004,0.0
01/2026,999,5.1.01.11.000006,-3.85005
01/2026,999,5.1.01.11.000007,-14.38725
01/2026,999,5.1.01.11.000008,-0.01528
01/2026,999,5.1.01.11.000010,0.0
01/2026,999,5.1.01.11.000012,0.0
01/2026,999,5.1.01.11.000013,0.0
01/2026,999,5.1.01.11.000014,0.0
01/2026,999,5.1.01.11.000015,0.0
01/2026,999,5.1.01.11.000021,0.0
01/2026,999,5.1.01.11.000022,0.0
01/2026,999,5.1.01.11.000025,0.0
01/2026,999,5.1.01.11.000026,0.0
01/2026,999,5.1.01.11.000027,-0.2451
01/2026,999,5.1.01.11.000030,0.0
01/2026,999,5.1.01.11.000031,-2469.26787
01/2026,999,5.1.01.12.000003,0.0
01/2026,999,5.1.01.12.000008,0.0
01/2026,999,5.1.01.12.000009,0.0
01/2026,999,5.1.01.12.000019,0.0
01/2026,999,5.1.01.12.000021,0.0
01/2026,999,5.1.01.13.000001,0.0
01/2026,999,5.1.01.14.000001,0.0
01/2026,999,5.1.01.14.000002,0.0
01/2026,999,5.1.01.14.000003,0.0
01/2026,999,5.1.02.01.000006,0.0
01/2026,999,5.1.02.01.000009,0.0
01/2026,999,5.1.02.01.000010,0.0
01/2026,999,5.1.02.01.000011,0.0
01/2026,999,5.1.02.01.000012,0.0
01/2026,999,5.1.03.01.000001,-7.71632
01/2026,999,5.1.03.01.000002,-1.02908
01/2026,999,5.1.03.01.000003,-31.39134
01/2026,999,5.1.03.01.000004,-2046.66613
01/2026,999,5.1.03.01.000005,-3.47394
01/2026,999,5.1.03.01.000007,-0.31454
01/2026,999,5.1.03.02.000001,-7.15824
01/2026,999,5.1.04.01.000001,-7.9714
01/2026,999,5.1.04.01.000002,0.0
01/2026,999,5.1.04.01.000004,-220.07507
01/2026,999,5.1.04.01.000005,0.0
01/2026,999,5.1.04.01.000006,-0.84638
01/2026,999,5.1.04.01.000007,0.0
01/2026,999,5.1.04.01.000009,0.0
01/2026,999,5.1.04.01.000010,0.0
01/2026,999,5.1.04.01.000011,0.0
01/2026,999,5.1.04.01.000014,-1655.04153
01/2026,999,5.1.04.01.000015,-0.1195
01/2026,999,5.1.04.01.000016,0.0
01/2026,999,5.1.04.01.000017,0.0
01/2026,999,5.1.04.02.000001,72.91352
01/2026,999,5.1.04.02.000002,3e-05
01/2026,999,5.1.04.02.000003,0.03494
01/2026,999,5.2.01.01.000001,1.3457
01/2026,999,5.9.01.01.000001,0.0
01/2026,999,5.9.01.01.000002,0.0
01/2026,999,5.9.01.02.000001,0.0
01/2026,999,5.9.01.02.000002,0.0
02/2022,6,3.1.01.01.000002,1029.00669
02/2022,6,3.1.01.01.000003,0.0
02/2022,6,3.1.02.02.000002,-20.58013
02/2022,6,3.1.02.02.000003,-16.97892
02/2022,6,3.1.02.02.000004,-78.2059
02/2022,6,3.1.02.02.000009,0.0
02/2022,6,3.1.02.02.000010,0.0
02/2022,6,3.1.03.02.000003,0.0
02/2022,6,4.1.01.01.000001,-185.6225
02/2022,6,4.1.01.01.000002,0.0
02/2022,6,4.1.01.01.000003,0.0
02/2022,6,4.1.01.01.000009,0.0
02/2022,6,4.1.01.02.000001,-46.65617
02/2022,6,4.1.01.02.000002,-12.41522
02/2022,6,4.1.01.02.000003,-4.24211
02/2022,6,4.1.01.02.000004,0.0
02/2022,6,4.1.01.02.000006,0.0
02/2022,6,4.1.01.02.000007,-1.0
02/2022,6,4.1.01.03.000001,-18.68071
02/2022,6,4.1.01.03.000003,0.0
02/2022,6,4.1.01.03.000004,0.0
02/2022,6,4.1.01.03.000006,-0.426
02/2022,6,4.1.01.03.000009,-1.6
02/2022,6,4.1.01.03.000010,-0.088
02/2022,6,4.1.01.04.000004,0.0
02/2022,6,4.1.01.05.000001,0.0
02/2022,6,4.1.01.05.000002,-0.2998
02/2022,6,4.1.01.05.000003,0.0
02/2022,6,4.1.01.05.000006,-395.02915
02/2022,6,4.1.01.06.000001,0.0
02/2022,6,4.1.01.06.000002,0.0
02/2022,6,4.1.01.06.000004,-23.04
02/2022,6,4.1.01.07.000007,0.0
02/2022,6,4.1.01.07.000012,0.0
02/2022,6,4.1.01.07.000013,0.0
02/2022,6,4.1.01.07.000014,-0.42
02/2022,6,4.1.01.08.000001,0.0
02/2022,6,4.1.01.08.000004,-33.85797
02/2022,6,4.1.01.08.000005,0.0
02/2022,6,4.1.01.08.000006,0.0
02/2022,6,4.1.01.11.000002,-12.80188
02/2022,6,4.1.01.11.000008,0.0
02/2022,6,4.1.01.11.000009,-1.40048
02/2022,6,4.1.01.11.000025,0.0
02/2022,6,5.1.01.01.000001,0.0
02/2022,6,5.1.01.01.000003,0.0
02/2022,6,5.1.01.01.000004,0.0
02/2022,6,5.1.01.02.000001,0.0
02/2022,6,5.1.01.02.000002,0.0
02/2022,6,5.1.01.02.000004,0.0
02/2022,6,5.1.01.02.000005,0.0
02/2022,6,5.1.01.02.000007,0.0
02/2022,6,5.1.01.03.000001,0.0
02/2022,6,5.1.01.03.000004,-0.7296
02/2022,6,5.1.01.03.000006,0.0
02/2022,6,5.1.01.03.000009,0.0
02/2022,6,5.1.01.03.000010,0.0
02/2022,6,5.1.01.04.000001,0.0
02/2022,6,5.1.01.04.000002,0.0
02/2022,6,5.1.01.04.000004,0.0
02/2022,6,5.1.01.05.000001,0.0
02/2022,6,5.1.01.05.000002,0.0
02/2022,6,5.1.01.05.000006,0.0
02/2022,6,5.1.01.06.000004,0.0
02/2022,6,5.1.01.06.000007,0.0
02/2022,6,5.1.01.07.000007,0.0
02/2022,6,5.1.01.07.000012,0.0
02/2022,6,5.1.01.08.000001,0.0
02/2022,6,5.1.01.08.000004,0.0
02/2022,6,5.1.01.08.000005,0.0
02/2022,6,5.1.01.11.000001,0.0
02/2022,6,5.1.01.11.000002,0.0
02/2022,6,5.1.01.11.000005,-1.0
02/2022,6,5.1.01.11.000006,-0.41468
02/2022,6,5.1.01.11.000007,0.0
02/2022,6,5.1.01.11.000008,0.0
02/2022,6,5.1.01.11.000009,0.0
02/2022,6,5.1.01.11.000012,0.0
02/2022,6,5.1.01.11.000014,0.0
02/2022,6,5.1.01.11.000015,0.0
02/2022,6,5.1.01.11.000016,0.0
02/2022,6,5.1.01.11.000017,0.0
02/2022,6,5.1.01.11.000021,0.0
02/2022,6,5.1.01.11.000022,0.0
02/2022,6,5.1.01.11.000025,0.0
02/2022,6,5.1.01.11.000027,0.0
02/2022,6,5.1.01.12.000001,-1.9867
02/2022,6,5.1.01.12.000009,0.0
02/2022,6,5.1.01.12.000011,-0.22274
02/2022,6,5.1.01.12.000020,-0.00101
02/2022,6,5.1.03.01.000004,-523.11296
02/2022,6,5.1.04.01.000001,-0.006
02/2022,6,5.1.04.01.000004,-8.54225
02/2022,6,5.1.04.01.000005,0.0
02/2022,6,5.1.04.01.000006,-0.00202
02/2022,6,5.1.04.01.000013,0.0
02/2022,6,5.1.04.01.000014,0.0
02/2022,6,5.1.04.02.000001,0.01828
02/2022,6,5.1.04.02.000002,0.0
02/2022,999,3.1.01.01.000002,325.52388
02/2022,999,3.1.01.01.000003,28.9185
02/2022,999,3.1.01.01.000004,70.57741
02/2022,999,3.1.01.01.000006,0.0
02/2022,999,3.1.01.01.000008,0.0
02/2022,999,3.1.01.01.000009,75.0
02/2022,999,3.1.01.01.000010,0.0
02/2022,999,3.1.01.01.000011,0.0
02/2022,999,3.1.01.01.000012,72.35
02/2022,999,3.1.01.01.000013,5969.69759
02/2022,999,3.1.02.01.000001,0.0
02/2022,999,3.1.02.02.000005,-6.37574
02/2022,999,3.1.02.02.000008,-30.60116
02/2022,999,3.1.02.02.000010,-17.54463
02/2022,999,3.1.02.02.000011,-4.1439
02/2022,999,3.1.02.02.000012,-19.10508
02/2022,999,3.1.02.02.000013,-0.24645
02/2022,999,3.1.02.02.000014,-0.12322
02/2022,999,3.1.03.01.000007,0.0
02/2022,999,3.1.03.01.000011,0.0
02/2022,999,3.1.03.02.000003,0.0
02/2022,999,3.2.01.01.000001,1133.0
02/2022,999,3.2.01.01.000005,0.0
02/2022,999,3.2.01.02.000001,0.0
02/2022,999,3.2.01.02.000002,6.47077
02/2022,999,3.2.01.02.000003,3.16994
02/2022,999,3.2.01.02.000004,24.79125
02/2022,999,4.1.01.01.000001,-229.85826
02/2022,999,4.1.01.01.000003,-16.56556
02/2022,999,4.1.01.01.000007,-4.41366
02/2022,999,4.1.01.02.000001,-68.32016
02/2022,999,4.1.01.02.000002,-19.69508
02/2022,999,4.1.01.02.000003,-5.65124
02/2022,999,4.1.01.02.000004,0.0
02/2022,999,4.1.01.02.000005,-22.9196
02/2022,999,4.1.01.02.000007,-5.33272
02/2022,999,4.1.01.03.000001,0.0
02/2022,999,4.1.01.03.000003,-6.84
02/2022,999,4.1.01.03.000004,4.97847
02/2022,999,4.1.01.03.000005,-1.84109
02/2022,999,4.1.01.03.000006,0.0
02/2022,999,4.1.01.03.000008,0.0
02/2022,999,4.1.01.03.000009,-52.20806
02/2022,999,4.1.01.03.000010,-1.063
02/2022,999,4.1.01.03.000013,0.0
02/2022,999,4.1.01.04.000002,0.0
02/2022,999,4.1.01.04.000004,0.0
02/2022,999,4.1.01.05.000001,-0.42
02/2022,999,4.1.01.05.000002,0.0
02/2022,999,4.1.01.05.000003,-2.05563
02/2022,999,4.1.01.05.000004,0.0
02/2022,999,4.1.01.05.000005,0.0
02/2022,999,4.1.01.05.000006,-240.24301
02/2022,999,4.1.01.05.000007,-101.06
02/2022,999,4.1.01.06.000001,0.0
02/2022,999,4.1.01.06.000002,-11.99117
02/2022,999,4.1.01.06.000003,-2.81
02/2022,999,4.1.01.06.000004,-156.63345
02/2022,999,4.1.01.07.000001,-1.62217
02/2022,999,4.1.01.07.000002,0.0
02/2022,999,4.1.01.07.000003,-39.71465
02/2022,999,4.1.01.07.000004,-4.55705
02/2022,999,4.1.01.07.000005,-51.72894
02/2022,999,4.1.01.07.000006,-3.5
02/2022,999,4.1.01.07.000007,-2.40263
02/2022,999,4.1.01.07.000008,0.0
02/2022,999,4.1.01.07.000009,-2.1964
02/2022,999,4.1.01.07.000010,-79.57357
02/2022,999,4.1.01.07.000011,-1.0572
02/2022,999,4.1.01.07.000012,-0.33415
02/2022,999,4.1.01.07.000013,-27.59565
02/2022,999,4.1.01.07.000014,-36.68849
02/2022,999,4.1.01.07.000015,0.0
02/2022,999,4.1.01.07.000016,-18.0
02/2022,999,4.1.01.07.000017,-2.11592
02/2022,999,4.1.01.07.000018,0.0
02/2022,999,4.1.01.07.000019,0.0
02/2022,999,4.1.01.08.000001,0.0
02/2022,999,4.1.01.08.000002,0.0
02/2022,999,4.1.01.08.000003,0.0
02/2022,999,4.1.01.08.000004,-1309.00958
02/2022,999,4.1.01.08.000005,0.0
02/2022,999,4.1.01.09.000004,-40.42204
02/2022,999,4.1.01.10.000001,0.0
02/2022,999,4.1.01.10.000003,0.0
02/2022,999,4.1.01.10.000004,-0.74279
02/2022,999,4.1.01.10.000005,0.0
02/2022,999,4.1.01.11.000002,-484.16157
02/2022,999,4.1.01.11.000003,-0.1775
02/2022,999,4.1.01.11.000004,0.0
02/2022,999,4.1.01.11.000009,-3.14742
02/2022,999,4.1.01.11.000010,0.0
02/2022,999,4.1.01.11.000017,0.0
02/2022,999,4.1.01.11.000019,-0.17677
02/2022,999,4.1.01.11.000020,-2.08636
02/2022,999,4.1.01.11.000021,0.0
02/2022,999,4.1.01.11.000025,-1.2058
02/2022,999,4.1.01.11.000026,0.0
02/2022,999,4.1.01.12.000001,-232.48927
02/2022,999,4.1.01.12.000002,-2022.03749
02/2022,999,4.1.01.13.000001,-82.22188
02/2022,999,4.1.01.13.000002,-160.66134
02/2022,999,4.1.01.13.000003,0.0
02/2022,999,4.1.01.13.000004,-5.51694
02/2022,999,4.1.01.13.000005,-147.99001
02/2022,999,5.1.01.01.000003,0.0
02/2022,999,5.1.01.01.000008,0.0
02/2022,999,5.1.01.01.000020,-128.05994
02/2022,999,5.1.01.01.000021,-2.424
02/2022,999,5.1.01.01.000022,-9.4973
02/2022,999,5.1.01.02.000003,-3.23995
02/2022,999,5.1.01.02.000006,0.0
02/2022,999,5.1.01.02.000007,-0.534
02/2022,999,5.1.01.02.000020,-39.1495
02/2022,999,5.1.01.02.000021,-11.29152
02/2022,999,5.1.01.02.000022,-18.2818
02/2022,999,5.1.01.03.000001,-26.98114
02/2022,999,5.1.01.03.000004,-5.44635
02/2022,999,5.1.01.03.000006,-1.897
02/2022,999,5.1.01.03.000008,0.0
02/2022,999,5.1.01.03.000009,-33.696
02/2022,999,5.1.01.03.000010,-3.88951
02/2022,999,5.1.01.03.000012,0.0
02/2022,999,5.1.01.03.000013,0.0
02/2022,999,5.1.01.03.000014,-5.04
02/2022,999,5.1.01.04.000001,0.0
02/2022,999,5.1.01.04.000002,0.0
02/2022,999,5.1.01.04.000003,0.0
02/2022,999,5.1.01.04.000004,-10.0
02/2022,999,5.1.01.05.000001,-10.6083
02/2022,999,5.1.01.05.000002,-8.22446
02/2022,999,5.1.01.05.000003,-9.869
02/2022,999,5.1.01.05.000004,-7.38764
02/2022,999,5.1.01.05.000005,0.0
02/2022,999,5.1.01.05.000006,0.0
02/2022,999,5.1.01.05.000007,0.0
02/2022,999,5.1.01.05.000009,0.0
02/2022,999,5.1.01.06.000001,-43.7866
02/2022,999,5.1.01.06.000002,0.0
02/2022,999,5.1.01.06.000003,0.0
02/2022,999,5.1.01.06.000004,-55.06648
02/2022,999,5.1.01.06.000005,-12.21272
02/2022,999,5.1.01.06.000006,-26.075
02/2022,999,5.1.01.06.000008,-13.99991
02/2022,999,5.1.01.07.000001,0.0
02/2022,999,5.1.01.07.000002,0.0
02/2022,999,5.1.01.07.000003,-16.83973
02/2022,999,5.1.01.07.000004,-2.12145
02/2022,999,5.1.01.07.000005,-1.16478
02/2022,999,5.1.01.07.000007,0.0
02/2022,999,5.1.01.07.000008,0.0
02/2022,999,5.1.01.07.000010,-28.24252
02/2022,999,5.1.01.07.000014,0.0
02/2022,999,5.1.01.07.000015,-1.00566
02/2022,999,5.1.01.07.000020,0.0
02/2022,999,5.1.01.07.000021,0.0
02/2022,999,5.1.01.08.000001,-0.965
02/2022,999,5.1.01.08.000002,-0.1
02/2022,999,5.1.01.08.000003,0.0
02/2022,999,5.1.01.08.000004,0.0
02/2022,999,5.1.01.08.000005,-21.17661
02/2022,999,5.1.01.09.000001,0.0
02/2022,999,5.1.01.09.000003,-6.0
02/2022,999,5.1.01.09.000008,0.0
02/2022,999,5.1.01.10.000002,0.0
02/2022,999,5.1.01.10.000003,0.0
02/2022,999,5.1.01.10.000004,-0.79163
02/2022,999,5.1.01.11.000001,0.0
02/2022,999,5.1.01.11.000003,-18.53789
02/2022,999,5.1.01.11.000004,0.0
02/2022,999,5.1.01.11.000006,0.0
02/2022,999,5.1.01.11.000007,-21.37459
02/2022,999,5.1.01.11.000008,-1.2495
02/2022,999,5.1.01.11.000012,0.0
02/2022,999,5.1.01.11.000013,0.0
02/2022,999,5.1.01.11.000014,-0.02949
02/2022,999,5.1.01.11.000015,0.0
02/2022,999,5.1.01.11.000021,0.0
02/2022,999,5.1.01.11.000022,-6.17007
02/2022,999,5.1.01.11.000026,0.0
02/2022,999,5.1.01.11.000027,-0.02027
02/2022,999,5.1.01.11.000031,-3651.38444
02/2022,999,5.1.01.12.000003,0.0
02/2022,999,5.1.01.12.000008,0.0
02/2022,999,5.1.01.12.000009,-1482.95251
02/2022,999,5.1.01.12.000019,0.0
02/2022,999,5.1.02.01.000006,-1.55497
02/2022,999,5.1.03.01.000001,-0.53762
02/2022,999,5.1.03.01.000002,-0.7258
02/2022,999,5.1.03.01.000004,-5948.15356
02/2022,999,5.1.03.01.000005,-0.35104
02/2022,999,5.1.04.01.000001,-8.55268
02/2022,999,5.1.04.01.000002,0.0
02/2022,999,5.1.04.01.000004,-276.64775
02/2022,999,5.1.04.01.000005,-0.4338
02/2022,999,5.1.04.01.000006,-481.56984
02/2022,999,5.1.04.01.000007,0.0
02/2022,999,5.1.04.01.000010,0.0
02/2022,999,5.1.04.01.000011,-86.0
02/2022,999,5.1.04.02.000001,3.7123
02/2022,999,5.1.04.02.000002,7.7704
02/2022,999,5.1.04.02.000003,0.01
02/2023,6,3.1.01.01.000002,1076.61495
02/2023,6,3.1.01.01.000003,0.0
02/2023,6,3.1.02.02.000002,0.0
02/2023,6,3.1.02.02.000003,0.0
02/2023,6,3.1.02.02.000004,0.0
02/2023,6,3.1.02.02.000009,0.0
02/2023,6,3.1.02.02.000010,-21.53231
02/2023,6,3.1.03.02.000003,0.0
02/2023,6,3.2.01.01.000001,0.0
02/2023,6,4.1.01.01.000001,-170.20669
02/2023,6,4.1.01.01.000002,0.0
02/2023,6,4.1.01.01.000003,-7.03103
02/2023,6,4.1.01.01.000009,-14.21371
02/2023,6,4.1.01.01.000010,0.0
02/2023,6,4.1.01.02.000001,-51.69997
02/2023,6,4.1.01.02.000002,-14.98976
02/2023,6,4.1.01.02.000003,-0.16041
02/2023,6,4.1.01.02.000004,0.0
02/2023,6,4.1.01.02.000006,0.0
02/2023,6,4.1.01.02.000007,0.0
02/2023,6,4.1.01.03.000001,-10.212
02/2023,6,4.1.01.03.000003,0.0
02/2023,6,4.1.01.03.000004,-0.75105
02/2023,6,4.1.01.03.000006,-2.282
02/2023,6,4.1.01.03.000009,-29.50001
02/2023,6,4.1.01.03.000010,-9.71
02/2023,6,4.1.01.04.000004,-2.592
02/2023,6,4.1.01.05.000001,0.0
02/2023,6,4.1.01.05.000002,0.0
02/2023,6,4.1.01.05.000003,0.0
02/2023,6,4.1.01.05.000006,-334.75469
02/2023,6,4.1.01.06.000001,-1.29
02/2023,6,4.1.01.06.000002,0.0
02/2023,6,4.1.01.06.000004,0.0
02/2023,6,4.1.01.07.000007,0.0
02/2023,6,4.1.01.07.000012,-0.17609
02/2023,6,4.1.01.07.000013,-0.6
02/2023,6,4.1.01.07.000014,0.0
02/2023,6,4.1.01.08.000001,0.0
02/2023,6,4.1.01.08.000004,-105.95229
02/2023,6,4.1.01.08.000005,-0.362
02/2023,6,4.1.01.08.000006,0.0
02/2023,6,4.1.01.11.000002,0.0
02/2023,6,4.1.01.11.000008,0.0
02/2023,6,4.1.01.11.000009,0.0
02/2023,6,4.1.01.11.000025,0.0
02/2023,6,5.1.01.01.000001,-11.91898
02/2023,6,5.1.01.01.000003,0.0
02/2023,6,5.1.01.01.000004,0.0
02/2023,6,5.1.01.01.000023,0.0
02/2023,6,5.1.01.01.000024,0.0
02/2023,6,5.1.01.02.000001,-3.31212
02/2023,6,5.1.01.02.000002,-0.97058
02/2023,6,5.1.01.02.000004,0.0
02/2023,6,5.1.01.02.000005,0.0
02/2023,6,5.1.01.02.000007,-0.09662
02/2023,6,5.1.01.03.000001,0.0
02/2023,6,5.1.01.03.000004,0.0
02/2023,6,5.1.01.03.000006,0.0
02/2023,6,5.1.01.03.000009,0.0
02/2023,6,5.1.01.03.000010,0.0
02/2023,6,5.1.01.04.000001,0.0
02/2023,6,5.1.01.04.000002,0.0
02/2023,6,5.1.01.04.000004,0.0
02/2023,6,5.1.01.05.000001,0.0
02/2023,6,5.1.01.05.000002,0.0
02/2023,6,5.1.01.05.000006,0.0
02/2023,6,5.1.01.05.000009,0.0
02/2023,6,5.1.01.06.000004,0.0
02/2023,6,5.1.01.06.000007,0.0
02/2023,6,5.1.01.07.000007,0.0
02/2023,6,5.1.01.07.000012,0.0
02/2023,6,5.1.01.08.000001,0.0
02/2023,6,5.1.01.08.000004,0.0
02/2023,6,5.1.01.08.000005,0.0
02/2023,6,5.1.01.11.000001,0.0
02/2023,6,5.1.01.11.000002,0.0
02/2023,6,5.1.01.11.000005,0.0
02/2023,6,5.1.01.11.000006,0.0
02/2023,6,5.1.01.11.000007,-0.51373
02/2023,6,5.1.01.11.000008,0.0
02/2023,6,5.1.01.11.000009,0.0
02/2023,6,5.1.01.11.000012,0.0
02/2023,6,5.1.01.11.000014,0.0
02/2023,6,5.1.01.11.000015,0.0
02/2023,6,5.1.01.11.000016,-10.68975
02/2023,6,5.1.01.11.000017,-49.23759
02/2023,6,5.1.01.11.000021,-0.1065
02/2023,6,5.1.01.11.000022,0.0
02/2023,6,5.1.01.11.000025,-0.26254
02/2023,6,5.1.01.11.000027,0.0
02/2023,6,5.1.01.12.000001,0.0
02/2023,6,5.1.01.12.000009,0.0
02/2023,6,5.1.01.12.000011,0.0
02/2023,6,5.1.01.12.000020,0.0
02/2023,6,5.1.03.01.000004,-428.08062
02/2023,6,5.1.04.01.000001,-1.5981
02/2023,6,5.1.04.01.000004,-8.79348
02/2023,6,5.1.04.01.000005,0.0
02/2023,6,5.1.04.01.000006,-0.00247
02/2023,6,5.1.04.01.000013,0.0
02/2023,6,5.1.04.01.000014,-15.025
02/2023,6,5.1.04.02.000001,0.00304
02/2023,6,5.1.04.02.000002,0.30301
02/2023,6,5.2.01.01.000001,-25.24607
02/2023,7,3.1.01.01.000005,2305.04208
02/2023,7,3.1.02.01.000001,-2.42954
02/2023,7,3.2.01.01.000003,5.0
02/2023,7,3.2.01.02.000003,0.0
02/2023,7,4.1.02.01.000001,-32.50364
02/2023,7,4.1.02.01.000003,-2.32268
02/2023,7,4.1.02.01.000009,0.0
02/2023,7,4.1.02.01.000010,0.0
02/2023,7,4.1.02.02.000001,-9.2361
02/2023,7,4.1.02.02.000002,-2.71092
02/2023,7,4.1.02.02.000003,-0.94739
02/2023,7,4.1.02.02.000005,-4.79351
02/2023,7,4.1.02.02.000006,0.0
02/2023,7,4.1.02.02.000008,0.0
02/2023,7,4.1.02.03.000004,-1.82569
02/2023,7,4.1.02.03.000006,-1.097
02/2023,7,4.1.02.03.000009,-2.901
02/2023,7,4.1.02.03.000010,0.0
02/2023,7,4.1.02.03.000013,0.0
02/2023,7,4.1.02.05.000001,-0.6024
02/2023,7,4.1.02.05.000002,-0.3975
02/2023,7,4.1.02.05.000003,0.0
02/2023,7,4.1.02.05.000004,-0.14
02/2023,7,4.1.02.05.000005,0.0
02/2023,7,4.1.02.05.000006,-1580.53488
02/2023,7,4.1.02.05.000007,-0.56
02/2023,7,4.1.02.05.000009,0.0
02/2023,7,4.1.02.06.000001,-1.5
02/2023,7,4.1.02.06.000004,-260.74926
02/2023,7,4.1.02.07.000003,-7.9686
02/2023,7,4.1.02.07.000004,-0.13756
02/2023,7,4.1.02.07.000007,0.0
02/2023,7,4.1.02.07.000010,-3.31218
02/2023,7,4.1.02.07.000016,-24.0
02/2023,7,4.1.02.08.000001,-0.222
02/2023,7,4.1.02.08.000005,-0.3771
02/2023,7,5.1.01.05.000005,0.0
02/2023,7,5.1.01.05.000009,-0.135
02/2023,7,5.1.01.07.000007,0.0
02/2023,7,5.1.01.11.000005,-0.3
02/2023,7,5.1.01.11.000006,0.0
02/2023,7,5.1.01.11.000007,0.0
02/2023,7,5.1.01.11.000008,0.0
02/2023,7,5.1.01.11.000016,-0.0825
02/2023,7,5.1.01.11.000017,-0.38
02/2023,7,5.1.01.13.000001,-11.94444
02/2023,7,5.1.04.01.000001,-2.57741
02/2023,7,5.1.04.01.000002,-34.49515
02/2023,7,5.1.04.01.000004,-37.82126
02/2023,7,5.1.04.01.000005,-17.93277
02/2023,7,5.1.04.01.000006,-1.7272
02/2023,7,5.1.04.01.000014,-26.30334
02/2023,7,5.1.04.02.000001,0.01601
02/2023,7,5.1.04.02.000002,0.0
02/2023,7,5.1.04.02.000003,0.02004
02/2023,7,5.2.01.01.000001,-93.79884
02/2023,7,5.9.01.01.000001,0.0
02/2023,7,5.9.01.02.000001,0.0
02/2023,999,3.1.01.01.000002,329.99086
02/2023,999,3.1.01.01.000003,1.705
02/2023,999,3.1.01.01.000004,6.11931
02/2023,999,3.1.01.01.000006,0.0
02/2023,999,3.1.01.01.000008,0.0
02/2023,999,3.1.01.01.000009,0.0
02/2023,999,3.1.01.01.000010,0.0
02/2023,999,3.1.01.01.000011,0.0
02/2023,999,3.1.01.01.000012,0.0
02/2023,999,3.1.01.01.000013,19942.66299
02/2023,999,3.1.02.01.000001,0.0
02/2023,999,3.1.02.02.000005,0.0
02/2023,999,3.1.02.02.000008,0.0
02/2023,999,3.1.02.02.000010,-16.58479
02/2023,999,3.1.02.02.000011,0.0
02/2023,999,3.1.02.02.000012,0.0
02/2023,999,3.1.02.02.000013,-0.54768
02/2023,999,3.1.02.02.000014,-0.27384
02/2023,999,3.1.03.01.000007,0.0
02/2023,999,3.1.03.01.000011,0.0
02/2023,999,3.1.03.02.000003,0.0
02/2023,999,3.2.01.01.000001,1984.0
02/2023,999,3.2.01.01.000005,1.648
02/2023,999,3.2.01.02.000001,0.0
02/2023,999,3.2.01.02.000002,0.0
02/2023,999,3.2.01.02.000003,119.625
02/2023,999,3.2.01.02.000004,0.0
02/2023,999,4.1.01.01.000001,-306.2698
02/2023,999,4.1.01.01.000002,0.0
02/2023,999,4.1.01.01.000003,-14.28426
02/2023,999,4.1.01.01.000007,0.0
02/2023,999,4.1.01.01.000009,-26.50317
02/2023,999,4.1.01.01.000010,0.0
02/2023,999,4.1.01.02.000001,-88.07089
02/2023,999,4.1.01.02.000002,-27.9509
02/2023,999,4.1.01.02.000003,-3.45303
02/2023,999,4.1.01.02.000004,0.0
02/2023,999,4.1.01.02.000005,0.0
02/2023,999,4.1.01.02.000007,-1.0587
02/2023,999,4.1.01.03.000001,-33.16847
02/2023,999,4.1.01.03.000003,0.0
02/2023,999,4.1.01.03.000004,-3.08686
02/2023,999,4.1.01.03.000005,-5.40269
02/2023,999,4.1.01.03.000006,-8.177
02/2023,999,4.1.01.03.000008,-1.05
02/2023,999,4.1.01.03.000009,-19.70062
02/2023,999,4.1.01.03.000010,-15.48452
02/2023,999,4.1.01.03.000013,-0.05353
02/2023,999,4.1.01.04.000002,-0.81424
02/2023,999,4.1.01.04.000004,-35.62
02/2023,999,4.1.01.05.000001,-1.73435
02/2023,999,4.1.01.05.000002,-2.2236
02/2023,999,4.1.01.05.000003,0.0
02/2023,999,4.1.01.05.000004,-1.4975
02/2023,999,4.1.01.05.000005,-0.95005
02/2023,999,4.1.01.05.000006,-446.93765
02/2023,999,4.1.01.05.000007,-102.137
02/2023,999,4.1.01.05.000008,0.0
02/2023,999,4.1.01.06.000001,-12.0
02/2023,999,4.1.01.06.000002,-30.55428
02/2023,999,4.1.01.06.000003,0.0
02/2023,999,4.1.01.06.000004,-71.47276
02/2023,999,4.1.01.07.000001,-0.46228
02/2023,999,4.1.01.07.000002,-0.09503
02/2023,999,4.1.01.07.000003,-32.69287
02/2023,999,4.1.01.07.000004,-68.39086
02/2023,999,4.1.01.07.000005,-0.13595
02/2023,999,4.1.01.07.000006,-3.4
02/2023,999,4.1.01.07.000007,-2.98053
02/2023,999,4.1.01.07.000008,0.0
02/2023,999,4.1.01.07.000009,0.0
02/2023,999,4.1.01.07.000010,0.0
02/2023,999,4.1.01.07.000011,0.0
02/2023,999,4.1.01.07.000012,-0.66578
02/2023,999,4.1.01.07.000013,-11.11995
02/2023,999,4.1.01.07.000014,-200.32035
02/2023,999,4.1.01.07.000015,0.0
02/2023,999,4.1.01.07.000016,0.0
02/2023,999,4.1.01.07.000017,-8.5
02/2023,999,4.1.01.07.000018,0.0
02/2023,999,4.1.01.07.000019,0.0
02/2023,999,4.1.01.07.000020,-10.32
02/2023,999,4.1.01.08.000001,-12.482
02/2023,999,4.1.01.08.000002,-16.31579
02/2023,999,4.1.01.08.000003,0.0
02/2023,999,4.1.01.08.000004,-918.09635
02/2023,999,4.1.01.08.000005,-12.4154
02/2023,999,4.1.01.09.000004,-18.64837
02/2023,999,4.1.01.10.000001,-2.738
02/2023,999,4.1.01.10.000003,0.0
02/2023,999,4.1.01.10.000004,0.0
02/2023,999,4.1.01.10.000005,0.0
02/2023,999,4.1.01.11.000002,-51.7639
02/2023,999,4.1.01.11.000003,0.0
02/2023,999,4.1.01.11.000004,0.0
02/2023,999,4.1.01.11.000007,-0.06286
02/2023,999,4.1.01.11.000009,-15.84466
02/2023,999,4.1.01.11.000010,0.0
02/2023,999,4.1.01.11.000017,0.0
02/2023,999,4.1.01.11.000019,0.0
02/2023,999,4.1.01.11.000020,0.0
02/2023,999,4.1.01.11.000021,0.0
02/2023,999,4.1.01.11.000025,0.0
02/2023,999,4.1.01.11.000026,0.0
02/2023,999,4.1.01.12.000001,-10.25067
02/2023,999,4.1.01.12.000002,-4.84694
02/2023,999,4.1.01.13.000001,0.0
02/2023,999,4.1.01.13.000002,0.0
02/2023,999,4.1.01.13.000003,0.0
02/2023,999,4.1.01.13.000004,0.0
02/2023,999,4.1.01.13.000005,0.0
02/2023,999,5.1.01.01.000001,-178.34256
02/2023,999,5.1.01.01.000003,0.0
02/2023,999,5.1.01.01.000004,-15.31307
02/2023,999,5.1.01.01.000008,0.0
02/2023,999,5.1.01.01.000012,0.0
02/2023,999,5.1.01.01.000020,0.0
02/2023,999,5.1.01.01.000021,0.0
02/2023,999,5.1.01.01.000022,0.0
02/2023,999,5.1.01.01.000023,-29.16897
02/2023,999,5.1.01.01.000024,0.0
02/2023,999,5.1.01.02.000001,-59.95561
02/2023,999,5.1.01.02.000002,-14.79458
02/2023,999,5.1.01.02.000003,-1.46777
02/2023,999,5.1.01.02.000006,0.0
02/2023,999,5.1.01.02.000007,-3.20766
02/2023,999,5.1.01.02.000020,0.0
02/2023,999,5.1.01.02.000021,0.0
02/2023,999,5.1.01.02.000022,0.0
02/2023,999,5.1.01.03.000001,0.0
02/2023,999,5.1.01.03.000004,-4.58165
02/2023,999,5.1.01.03.000006,0.0
02/2023,999,5.1.01.03.000008,0.0
02/2023,999,5.1.01.03.000009,-15.611
02/2023,999,5.1.01.03.000010,-14.83712
02/2023,999,5.1.01.03.000012,0.0
02/2023,999,5.1.01.03.000013,0.0
02/2023,999,5.1.01.03.000014,0.0
02/2023,999,5.1.01.04.000001,0.0
02/2023,999,5.1.01.04.000002,0.0
02/2023,999,5.1.01.04.000003,0.0
02/2023,999,5.1.01.04.000004,-28.0
02/2023,999,5.1.01.05.000001,-6.02
02/2023,999,5.1.01.05.000002,-0.04626
02/2023,999,5.1.01.05.000003,0.0
02/2023,999,5.1.01.05.000004,-2.647
02/2023,999,5.1.01.05.000005,-0.01645
02/2023,999,5.1.01.05.000006,-2.13379
02/2023,999,5.1.01.05.000007,-3.57199
02/2023,999,5.1.01.05.000009,0.0
02/2023,999,5.1.01.06.000001,-2.23481
02/2023,999,5.1.01.06.000002,0.0
02/2023,999,5.1.01.06.000003,0.0
02/2023,999,5.1.01.06.000004,0.0
02/2023,999,5.1.01.06.000005,-4.557
02/2023,999,5.1.01.06.000006,-28.27409
02/2023,999,5.1.01.06.000008,0.0
02/2023,999,5.1.01.07.000001,0.0
02/2023,999,5.1.01.07.000002,0.0
02/2023,999,5.1.01.07.000003,0.0
02/2023,999,5.1.01.07.000004,0.0
02/2023,999,5.1.01.07.000005,0.0
02/2023,999,5.1.01.07.000007,0.0
02/2023,999,5.1.01.07.000008,0.0
02/2023,999,5.1.01.07.000010,-17.52284
02/2023,999,5.1.01.07.000014,0.0
02/2023,999,5.1.01.07.000015,-0.72
02/2023,999,5.1.01.07.000020,0.0
02/2023,999,5.1.01.07.000021,0.0
02/2023,999,5.1.01.08.000001,0.0
02/2023,999,5.1.01.08.000002,0.0
02/2023,999,5.1.01.08.000003,0.0
02/2023,999,5.1.01.08.000004,0.0
02/2023,999,5.1.01.08.000005,0.0
02/2023,999,5.1.01.09.000001,0.0
02/2023,999,5.1.01.09.000003,-6.0
02/2023,999,5.1.01.09.000008,0.0
02/2023,999,5.1.01.10.000002,0.0
02/2023,999,5.1.01.10.000003,0.0
02/2023,999,5.1.01.10.000004,0.0
02/2023,999,5.1.01.11.000001,0.0
02/2023,999,5.1.01.11.000003,-0.1935
02/2023,999,5.1.01.11.000004,0.0
02/2023,999,5.1.01.11.000006,-5.18109
02/2023,999,5.1.01.11.000007,-23.76907
02/2023,999,5.1.01.11.000008,-0.05392
02/2023,999,5.1.01.11.000012,0.0
02/2023,999,5.1.01.11.000013,0.0
02/2023,999,5.1.01.11.000014,0.0
02/2023,999,5.1.01.11.000015,0.0
02/2023,999,5.1.01.11.000021,-1.65306
02/2023,999,5.1.01.11.000022,0.0
02/2023,999,5.1.01.11.000025,0.0
02/2023,999,5.1.01.11.000026,0.0
02/2023,999,5.1.01.11.000027,0.0
02/2023,999,5.1.01.11.000031,0.0
02/2023,999,5.1.01.12.000003,0.0
02/2023,999,5.1.01.12.000008,0.0
02/2023,999,5.1.01.12.000009,0.0
02/2023,999,5.1.01.12.000019,0.0
02/2023,999,5.1.01.13.000001,-2.74346
02/2023,999,5.1.01.14.000001,0.0
02/2023,999,5.1.01.14.000002,0.0
02/2023,999,5.1.02.01.000006,0.0
02/2023,999,5.1.02.01.000009,0.0
02/2023,999,5.1.02.01.000010,0.0
02/2023,999,5.1.02.01.000011,0.0
02/2023,999,5.1.03.01.000001,0.0
02/2023,999,5.1.03.01.000002,0.0
02/2023,999,5.1.03.01.000003,0.0
02/2023,999,5.1.03.01.000004,-9303.39182
02/2023,999,5.1.03.01.000005,0.0
02/2023,999,5.1.03.01.000007,0.0
02/2023,999,5.1.03.02.000001,-4.96322
02/2023,999,5.1.04.01.000001,-5.3749
02/2023,999,5.1.04.01.000002,0.0
02/2023,999,5.1.04.01.000004,-1185.77331
02/2023,999,5.1.04.01.000005,-0.00047
02/2023,999,5.1.04.01.000006,-2.66805
02/2023,999,5.1.04.01.000007,0.0
02/2023,999,5.1.04.01.000010,0.0
02/2023,999,5.1.04.01.000011,0.0
02/2023,999,5.1.04.01.000014,-1792.7194
02/2023,999,5.1.04.01.000015,-0.11406
02/2023,999,5.1.04.01.000016,0.0
02/2023,999,5.1.04.01.000017,0.0
02/2023,999,5.1.04.02.000001,35.87011
02/2023,999,5.1.04.02.000002,1.34845
02/2023,999,5.1.04.02.000003,0.0
02/2023,999,5.2.01.01.000001,1292.06011
02/2023,999,5.9.01.01.000001,0.0
02/2023,999,5.9.01.01.000002,0.0
02/2023,999,5.9.01.02.000001,0.0
02/2023,999,5.9.01.02.000002,0.0
02/2024,6,3.1.01.01.000002,1048.68147
02/2024,6,3.1.01.01.000003,0.0
02/2024,6,3.1.02.02.000002,0.0
02/2024,6,3.1.02.02.000003,0.0
02/2024,6,3.1.02.02.000004,0.0
02/2024,6,3.1.02.02.000009,0.0
02/2024,6,3.1.02.02.000010,-20.97363
02/2024,6,3.1.03.02.000003,0.0
02/2024,6,3.2.01.01.000001,0.0
02/2024,6,4.1.01.01.000001,-180.68976
02/2024,6,4.1.01.01.000002,0.0
02/2024,6,4.1.01.01.000003,-9.6588
02/2024,6,4.1.01.01.000008,0.0
02/2024,6,4.1.01.01.000009,-13.71189
02/2024,6,4.1.01.01.000010,0.0
02/2024,6,4.1.01.02.000001,-52.97046
02/2024,6,4.1.01.02.000002,-20.97963
02/2024,6,4.1.01.02.000003,0.0
02/2024,6,4.1.01.02.000004,0.0
02/2024,6,4.1.01.02.000006,0.0
02/2024,6,4.1.01.02.000007,0.0
02/2024,6,4.1.01.03.000001,-9.36822
02/2024,6,4.1.01.03.000003,-14.01
02/2024,6,4.1.01.03.000004,-0.11826
02/2024,6,4.1.01.03.000006,-1.07
02/2024,6,4.1.01.03.000009,-0.324
02/2024,6,4.1.01.03.000010,0.0
02/2024,6,4.1.01.04.000004,-2.8
02/2024,6,4.1.01.05.000001,0.0
02/2024,6,4.1.01.05.000002,0.0
02/2024,6,4.1.01.05.000003,0.0
02/2024,6,4.1.01.05.000006,-386.20754
02/2024,6,4.1.01.06.000001,0.0
02/2024,6,4.1.01.06.000002,0.0
02/2024,6,4.1.01.06.000004,0.0
02/2024,6,4.1.01.07.000007,0.0
02/2024,6,4.1.01.07.000012,0.0
02/2024,6,4.1.01.07.000013,0.0
02/2024,6,4.1.01.07.000014,0.0
02/2024,6,4.1.01.07.000018,0.0
02/2024,6,4.1.01.08.000001,0.0
02/2024,6,4.1.01.08.000004,-70.18576
02/2024,6,4.1.01.08.000005,0.0
02/2024,6,4.1.01.08.000006,0.0
02/2024,6,4.1.01.11.000002,0.0
02/2024,6,4.1.01.11.000007,-0.66592
02/2024,6,4.1.01.11.000008,0.0
02/2024,6,4.1.01.11.000009,0.0
02/2024,6,4.1.01.11.000025,0.0
02/2024,6,5.1.01.01.000001,-12.6827
02/2024,6,5.1.01.01.000003,0.0
02/2024,6,5.1.01.01.000004,0.0
02/2024,6,5.1.01.01.000023,0.0
02/2024,6,5.1.01.01.000024,0.0
02/2024,6,5.1.01.02.000001,-3.47772
02/2024,6,5.1.01.02.000002,-1.0191
02/2024,6,5.1.01.02.000003,0.0
02/2024,6,5.1.01.02.000004,0.0
02/2024,6,5.1.01.02.000005,0.0
02/2024,6,5.1.01.02.000007,0.0
02/2024,6,5.1.01.03.000001,-0.56778
02/2024,6,5.1.01.03.000004,-0.37676
02/2024,6,5.1.01.03.000006,0.0
02/2024,6,5.1.01.03.000009,-0.72
02/2024,6,5.1.01.03.000010,-2.0
02/2024,6,5.1.01.04.000001,0.0
02/2024,6,5.1.01.04.000002,0.0
02/2024,6,5.1.01.04.000004,0.0
02/2024,6,5.1.01.05.000001,0.0
02/2024,6,5.1.01.05.000002,0.0
02/2024,6,5.1.01.05.000006,-0.5362
02/2024,6,5.1.01.05.000009,0.0
02/2024,6,5.1.01.06.000001,0.0
02/2024,6,5.1.01.06.000004,0.0
02/2024,6,5.1.01.06.000007,0.0
02/2024,6,5.1.01.07.000007,0.0
02/2024,6,5.1.01.07.000012,0.0
02/2024,6,5.1.01.08.000001,0.0
02/2024,6,5.1.01.08.000004,0.0
02/2024,6,5.1.01.08.000005,0.0
02/2024,6,5.1.01.11.000001,0.0
02/2024,6,5.1.01.11.000002,0.0
02/2024,6,5.1.01.11.000005,0.0
02/2024,6,5.1.01.11.000006,0.0
02/2024,6,5.1.01.11.000007,0.0
02/2024,6,5.1.01.11.000008,-3.65993
02/2024,6,5.1.01.11.000009,0.0
02/2024,6,5.1.01.11.000012,0.0
02/2024,6,5.1.01.11.000014,0.0
02/2024,6,5.1.01.11.000015,0.0
02/2024,6,5.1.01.11.000016,0.0
02/2024,6,5.1.01.11.000017,0.0
02/2024,6,5.1.01.11.000021,0.0
02/2024,6,5.1.01.11.000022,0.0
02/2024,6,5.1.01.11.000025,0.0
02/2024,6,5.1.01.11.000026,0.0
02/2024,6,5.1.01.11.000027,0.0
02/2024,6,5.1.01.12.000001,0.0
02/2024,6,5.1.01.12.000009,0.0
02/2024,6,5.1.01.12.000011,0.0
02/2024,6,5.1.01.12.000020,0.0
02/2024,6,5.1.01.13.000001,0.0
02/2024,6,5.1.03.01.000001,-0.10466
02/2024,6,5.1.03.01.000002,-0.01826
02/2024,6,5.1.03.01.000004,-79.79802
02/2024,6,5.1.03.01.000007,-0.00145
02/2024,6,5.1.04.01.000001,-2.91718
02/2024,6,5.1.04.01.000004,-69.89225
02/2024,6,5.1.04.01.000005,0.0
02/2024,6,5.1.04.01.000006,-0.00076
02/2024,6,5.1.04.01.000013,0.0
02/2024,6,5.1.04.01.000014,-95.49042
02/2024,6,5.1.04.02.000001,0.0
02/2024,6,5.1.04.02.000002,0.0
02/2024,6,5.2.01.01.000001,-0.75749
02/2024,7,3.1.01.01.000005,1526.19957
02/2024,7,3.1.02.01.000001,0.0
02/2024,7,3.2.01.01.000003,14.0
02/2024,7,3.2.01.02.000002,1.62407
02/2024,7,3.2.01.02.000003,0.0
02/2024,7,4.1.02.01.000001,-36.54629
02/2024,7,4.1.02.01.000003,-0.8249
02/2024,7,4.1.02.01.000008,1.97084
02/2024,7,4.1.02.01.000009,-4.77161
02/2024,7,4.1.02.01.000010,-7.807
02/2024,7,4.1.02.02.000001,-10.66893
02/2024,7,4.1.02.02.000002,-3.16866
02/2024,7,4.1.02.02.000003,0.0
02/2024,7,4.1.02.02.000005,0.0
02/2024,7,4.1.02.02.000006,0.0
02/2024,7,4.1.02.02.000007,-0.4
02/2024,7,4.1.02.02.000008,0.0
02/2024,7,4.1.02.03.000001,0.0
02/2024,7,4.1.02.03.000004,-5.409
02/2024,7,4.1.02.03.000005,0.0
02/2024,7,4.1.02.03.000006,-0.848
02/2024,7,4.1.02.03.000009,-10.6453
02/2024,7,4.1.02.03.000010,-3.8353
02/2024,7,4.1.02.03.000013,0.0
02/2024,7,4.1.02.04.000003,0.0
02/2024,7,4.1.02.04.000004,0.0
02/2024,7,4.1.02.05.000001,-0.84166
02/2024,7,4.1.02.05.000002,-1.05495
02/2024,7,4.1.02.05.000003,0.0
02/2024,7,4.1.02.05.000004,-0.14
02/2024,7,4.1.02.05.000005,-0.28633
02/2024,7,4.1.02.05.000006,-1326.53442
02/2024,7,4.1.02.05.000007,0.0
02/2024,7,4.1.02.05.000009,-0.2439
02/2024,7,4.1.02.05.000010,-4.4786
02/2024,7,4.1.02.06.000001,-1.7
02/2024,7,4.1.02.06.000004,0.0
02/2024,7,4.1.02.07.000003,-8.89663
02/2024,7,4.1.02.07.000004,-0.2805
02/2024,7,4.1.02.07.000006,0.0
02/2024,7,4.1.02.07.000007,0.0
02/2024,7,4.1.02.07.000010,-2.3069
02/2024,7,4.1.02.07.000016,-24.44602
02/2024,7,4.1.02.08.000001,0.0
02/2024,7,4.1.02.08.000002,-0.35
02/2024,7,4.1.02.08.000005,-4.11725
02/2024,7,5.1.01.04.000002,0.0
02/2024,7,5.1.01.04.000003,0.0
02/2024,7,5.1.01.05.000005,0.0
02/2024,7,5.1.01.05.000009,0.0
02/2024,7,5.1.01.07.000007,0.0
02/2024,7,5.1.01.07.000010,0.0
02/2024,7,5.1.01.07.000015,-0.4
02/2024,7,5.1.01.07.000021,0.0
02/2024,7,5.1.01.09.000003,0.0
02/2024,7,5.1.01.09.000008,0.0
02/2024,7,5.1.01.11.000001,0.0
02/2024,7,5.1.01.11.000005,0.0
02/2024,7,5.1.01.11.000006,-0.46084
02/2024,7,5.1.01.11.000007,-0.76556
02/2024,7,5.1.01.11.000008,-0.29362
02/2024,7,5.1.01.11.000016,-0.231
02/2024,7,5.1.01.11.000017,-1.064
02/2024,7,5.1.01.11.000027,0.0
02/2024,7,5.1.01.13.000001,-5.0
02/2024,7,5.1.02.01.000009,0.0
02/2024,7,5.1.02.01.000010,0.0
02/2024,7,5.1.02.01.000011,0.0
02/2024,7,5.1.04.01.000001,-4.24821
02/2024,7,5.1.04.01.000002,0.0
02/2024,7,5.1.04.01.000003,-29.35688
02/2024,7,5.1.04.01.000004,-29.50554
02/2024,7,5.1.04.01.000005,0.0
02/2024,7,5.1.04.01.000006,-0.96204
02/2024,7,5.1.04.01.000014,0.0
02/2024,7,5.1.04.02.000001,0.03807
02/2024,7,5.1.04.02.000002,6e-05
02/2024,7,5.1.04.02.000003,0.01654
02/2024,7,5.2.01.01.000001,0.03
02/2024,7,5.9.01.01.000001,0.0
02/2024,7,5.9.01.02.000001,0.0
02/2024,999,3.1.01.01.000002,0.0
02/2024,999,3.1.01.01.000003,11.88
02/2024,999,3.1.01.01.000004,3.2991
02/2024,999,3.1.01.01.000006,0.7
02/2024,999,3.1.01.01.000008,0.0
02/2024,999,3.1.01.01.000009,0.0
02/2024,999,3.1.01.01.000010,0.0
02/2024,999,3.1.01.01.000011,0.0
02/2024,999,3.1.01.01.000012,0.0
02/2024,999,3.1.01.01.000013,16111.33529
02/2024,999,3.1.02.01.000001,0.0
02/2024,999,3.1.02.02.000004,0.0
02/2024,999,3.1.02.02.000005,0.0
02/2024,999,3.1.02.02.000008,0.0
02/2024,999,3.1.02.02.000010,-0.594
02/2024,999,3.1.02.02.000011,0.0
02/2024,999,3.1.02.02.000012,0.0
02/2024,999,3.1.02.02.000013,-0.77256
02/2024,999,3.1.02.02.000014,-0.3863
02/2024,999,3.1.03.01.000007,0.0
02/2024,999,3.1.03.01.000011,0.0
02/2024,999,3.1.03.02.000003,0.0
02/2024,999,3.2.01.01.000001,649.0
02/2024,999,3.2.01.01.000005,5.647
02/2024,999,3.2.01.02.000001,0.0
02/2024,999,3.2.01.02.000002,0.0
02/2024,999,3.2.01.02.000003,0.0
02/2024,999,3.2.01.02.000004,15.249
02/2024,999,3.2.01.02.000006,0.0
02/2024,999,3.2.01.03.000001,0.0
02/2024,999,4.1.01.01.000001,-260.91108
02/2024,999,4.1.01.01.000002,0.0
02/2024,999,4.1.01.01.000003,-31.08407
02/2024,999,4.1.01.01.000006,0.0
02/2024,999,4.1.01.01.000007,0.0
02/2024,999,4.1.01.01.000009,-25.17747
02/2024,999,4.1.01.01.000010,0.0
02/2024,999,4.1.01.02.000001,-75.07858
02/2024,999,4.1.01.02.000002,-23.53258
02/2024,999,4.1.01.02.000003,-11.95252
02/2024,999,4.1.01.02.000004,0.0
02/2024,999,4.1.01.02.000005,0.0
02/2024,999,4.1.01.02.000007,-5.01852
02/2024,999,4.1.01.03.000001,-14.27972
02/2024,999,4.1.01.03.000003,0.0
02/2024,999,4.1.01.03.000004,-25.60089
02/2024,999,4.1.01.03.000005,-10.42929
02/2024,999,4.1.01.03.000006,-0.60399
02/2024,999,4.1.01.03.000008,-0.30693
02/2024,999,4.1.01.03.000009,-62.18199
02/2024,999,4.1.01.03.000010,-0.1
02/2024,999,4.1.01.03.000013,0.0
02/2024,999,4.1.01.04.000002,-0.0105
02/2024,999,4.1.01.04.000004,-43.8872
02/2024,999,4.1.01.05.000001,-3.24893
02/2024,999,4.1.01.05.000002,-3.8121
02/2024,999,4.1.01.05.000003,0.0
02/2024,999,4.1.01.05.000004,-0.137
02/2024,999,4.1.01.05.000005,-2.56335
02/2024,999,4.1.01.05.000006,-152.66959
02/2024,999,4.1.01.05.000007,-0.28
02/2024,999,4.1.01.05.000008,0.0
02/2024,999,4.1.01.05.000009,0.0
02/2024,999,4.1.01.06.000001,-12.0
02/2024,999,4.1.01.06.000002,-9.39275
02/2024,999,4.1.01.06.000003,0.0
02/2024,999,4.1.01.06.000004,-63.92322
02/2024,999,4.1.01.07.000001,-0.50605
02/2024,999,4.1.01.07.000002,-0.0948
02/2024,999,4.1.01.07.000003,-37.13283
02/2024,999,4.1.01.07.000004,-0.33504
02/2024,999,4.1.01.07.000005,-26.0178
02/2024,999,4.1.01.07.000006,-5.45
02/2024,999,4.1.01.07.000007,-0.23159
02/2024,999,4.1.01.07.000008,-0.441
02/2024,999,4.1.01.07.000009,0.0
02/2024,999,4.1.01.07.000010,-14.17566
02/2024,999,4.1.01.07.000011,0.0
02/2024,999,4.1.01.07.000012,-9.40963
02/2024,999,4.1.01.07.000013,-19.49777
02/2024,999,4.1.01.07.000014,-57.55105
02/2024,999,4.1.01.07.000015,0.0
02/2024,999,4.1.01.07.000016,-26.0
02/2024,999,4.1.01.07.000017,0.0
02/2024,999,4.1.01.07.000018,0.0
02/2024,999,4.1.01.07.000019,-0.397
02/2024,999,4.1.01.07.000020,0.0
02/2024,999,4.1.01.08.000001,-4.671
02/2024,999,4.1.01.08.000002,0.0
02/2024,999,4.1.01.08.000003,0.0
02/2024,999,4.1.01.08.000004,-1167.48082
02/2024,999,4.1.01.08.000005,-8.46414
02/2024,999,4.1.01.08.000007,0.0
02/2024,999,4.1.01.09.000004,-47.99417
02/2024,999,4.1.01.09.000006,0.0
02/2024,999,4.1.01.10.000001,0.0
02/2024,999,4.1.01.10.000003,0.0
02/2024,999,4.1.01.10.000004,0.0
02/2024,999,4.1.01.10.000005,0.0
02/2024,999,4.1.01.11.000002,-122.14653
02/2024,999,4.1.01.11.000003,0.0
02/2024,999,4.1.01.11.000004,0.0
02/2024,999,4.1.01.11.000007,0.0
02/2024,999,4.1.01.11.000009,-36.70901
02/2024,999,4.1.01.11.000010,0.0
02/2024,999,4.1.01.11.000017,0.0
02/2024,999,4.1.01.11.000019,-5.26887
02/2024,999,4.1.01.11.000020,-5.28291
02/2024,999,4.1.01.11.000021,0.0
02/2024,999,4.1.01.11.000025,0.0
02/2024,999,4.1.01.11.000026,0.0
02/2024,999,4.1.01.12.000001,-4.23611
02/2024,999,4.1.01.12.000002,-34.94645
02/2024,999,4.1.01.13.000001,0.0
02/2024,999,4.1.01.13.000002,0.0
02/2024,999,4.1.01.13.000003,0.0
02/2024,999,4.1.01.13.000004,0.0
02/2024,999,4.1.01.13.000005,0.0
02/2024,999,5.1.01.01.000001,-200.79098
02/2024,999,5.1.01.01.000003,0.0
02/2024,999,5.1.01.01.000004,0.0
02/2024,999,5.1.01.01.000008,0.0
02/2024,999,5.1.01.01.000012,-2.82464
02/2024,999,5.1.01.01.000020,0.0
02/2024,999,5.1.01.01.000021,0.0
02/2024,999,5.1.01.01.000022,0.0
02/2024,999,5.1.01.01.000023,-8.03587
02/2024,999,5.1.01.01.000024,0.0
02/2024,999,5.1.01.02.000001,-55.86076
02/2024,999,5.1.01.02.000002,-16.42196
02/2024,999,5.1.01.02.000003,0.0
02/2024,999,5.1.01.02.000006,0.0
02/2024,999,5.1.01.02.000007,0.0
02/2024,999,5.1.01.02.000020,0.0
02/2024,999,5.1.01.02.000021,0.0
02/2024,999,5.1.01.02.000022,0.0
02/2024,999,5.1.01.03.000001,-25.1712
02/2024,999,5.1.01.03.000004,-14.31835
02/2024,999,5.1.01.03.000006,-2.555
02/2024,999,5.1.01.03.000008,-0.61386
02/2024,999,5.1.01.03.000009,-38.677
02/2024,999,5.1.01.03.000010,-6.0744
02/2024,999,5.1.01.03.000012,0.0
02/2024,999,5.1.01.03.000013,0.0
02/2024,999,5.1.01.03.000014,0.0
02/2024,999,5.1.01.04.000001,0.0
02/2024,999,5.1.01.04.000002,0.0
02/2024,999,5.1.01.04.000003,0.0
02/2024,999,5.1.01.04.000004,-33.8
02/2024,999,5.1.01.05.000001,-20.18229
02/2024,999,5.1.01.05.000002,-0.18395
02/2024,999,5.1.01.05.000003,0.0
02/2024,999,5.1.01.05.000004,0.0
02/2024,999,5.1.01.05.000005,-2.13079
02/2024,999,5.1.01.05.000006,-7.88823
02/2024,999,5.1.01.05.000007,0.0
02/2024,999,5.1.01.05.000009,0.0
02/2024,999,5.1.01.06.000001,-10.61694
02/2024,999,5.1.01.06.000002,0.0
02/2024,999,5.1.01.06.000003,0.0
02/2024,999,5.1.01.06.000004,-26.98459
02/2024,999,5.1.01.06.000005,0.0
02/2024,999,5.1.01.06.000006,-30.5102
02/2024,999,5.1.01.06.000008,0.0
02/2024,999,5.1.01.07.000001,0.0
02/2024,999,5.1.01.07.000002,0.0
02/2024,999,5.1.01.07.000003,0.0
02/2024,999,5.1.01.07.000004,0.0
02/2024,999,5.1.01.07.000005,-3.72708
02/2024,999,5.1.01.07.000007,0.0
02/2024,999,5.1.01.07.000008,0.0
02/2024,999,5.1.01.07.000010,-201.53684
02/2024,999,5.1.01.07.000014,0.0
02/2024,999,5.1.01.07.000015,-0.72
02/2024,999,5.1.01.07.000020,0.0
02/2024,999,5.1.01.07.000021,0.0
02/2024,999,5.1.01.08.000001,-1.88
02/2024,999,5.1.01.08.000002,0.0
02/2024,999,5.1.01.08.000003,0.0
02/2024,999,5.1.01.08.000004,-2.76
02/2024,999,5.1.01.08.000005,-24.99829
02/2024,999,5.1.01.09.000001,0.0
02/2024,999,5.1.01.09.000003,-17.0
02/2024,999,5.1.01.09.000005,0.0
02/2024,999,5.1.01.09.000008,0.0
02/2024,999,5.1.01.10.000002,0.0
02/2024,999,5.1.01.10.000003,0.0
02/2024,999,5.1.01.10.000004,0.0
02/2024,999,5.1.01.11.000001,0.0
02/2024,999,5.1.01.11.000003,0.0
02/2024,999,5.1.01.11.000004,0.0
02/2024,999,5.1.01.11.000006,-0.92748
02/2024,999,5.1.01.11.000007,-5.66698
02/2024,999,5.1.01.11.000008,-1.87787
02/2024,999,5.1.01.11.000010,0.0
02/2024,999,5.1.01.11.000012,0.0
02/2024,999,5.1.01.11.000013,0.0
02/2024,999,5.1.01.11.000014,0.0
02/2024,999,5.1.01.11.000015,0.0
02/2024,999,5.1.01.11.000021,0.0
02/2024,999,5.1.01.11.000022,0.0
02/2024,999,5.1.01.11.000025,0.0
02/2024,999,5.1.01.11.000026,0.0
02/2024,999,5.1.01.11.000027,0.0
02/2024,999,5.1.01.11.000031,0.0
02/2024,999,5.1.01.12.000003,0.0
02/2024,999,5.1.01.12.000008,0.0
02/2024,999,5.1.01.12.000009,0.0
02/2024,999,5.1.01.12.000019,0.0
02/2024,999,5.1.01.13.000001,-1.11795
02/2024,999,5.1.01.14.000001,0.0
02/2024,999,5.1.01.14.000002,0.0
02/2024,999,5.1.01.14.000003,0.0
02/2024,999,5.1.02.01.000006,0.0
02/2024,999,5.1.02.01.000009,0.0
02/2024,999,5.1.02.01.000010,-427.18015
02/2024,999,5.1.02.01.000011,0.0
02/2024,999,5.1.02.01.000012,0.0
02/2024,999,5.1.03.01.000001,-14.62395
02/2024,999,5.1.03.01.000002,-1.74682
02/2024,999,5.1.03.01.000003,-62.78266
02/2024,999,5.1.03.01.000004,-6790.54469
02/2024,999,5.1.03.01.000005,-6.42378
02/2024,999,5.1.03.01.000007,-0.30167
02/2024,999,5.1.03.02.000001,-5.66866
02/2024,999,5.1.04.01.000001,-12.58866
02/2024,999,5.1.04.01.000002,0.0
02/2024,999,5.1.04.01.000004,-641.93448
02/2024,999,5.1.04.01.000005,-17.34032
02/2024,999,5.1.04.01.000006,-44.086
02/2024,999,5.1.04.01.000007,0.0
02/2024,999,5.1.04.01.000009,0.0
02/2024,999,5.1.04.01.000010,0.0
02/2024,999,5.1.04.01.000011,0.0
02/2024,999,5.1.04.01.000014,-753.57961
02/2024,999,5.1.04.01.000015,-0.0515
02/2024,999,5.1.04.01.000016,0.0
02/2024,999,5.1.04.01.000017,-194.07506
02/2024,999,5.1.04.02.000001,57.75628
02/2024,999,5.1.04.02.000002,0.09842
02/2024,999,5.1.04.02.000003,0.0
02/2024,999,5.2.01.01.000001,49.34221
02/2024,999,5.9.01.01.000001,0.0
02/2024,999,5.9.01.01.000002,0.0
02/2024,999,5.9.01.02.000001,0.0
02/2024,999,5.9.01.02.000002,0.0
02/2025,6,3.1.01.01.000002,1315.30719
02/2025,6,3.1.01.01.000003,0.0
02/2025,6,3.1.01.01.000013,0.0
02/2025,6,3.1.02.02.000002,0.0
02/2025,6,3.1.02.02.000003,0.0
02/2025,6,3.1.02.02.000004,0.0
02/2025,6,3.1.02.02.000009,0.0
02/2025,6,3.1.02.02.000010,-26.30616
02/2025,6,3.1.03.02.000003,0.0
02/2025,6,3.1.03.03.000001,0.0
02/2025,6,3.2.01.01.000001,0.0
02/2025,6,3.2.01.02.000002,0.3692
02/2025,6,4.1.01.01.000001,-202.06728
02/2025,6,4.1.01.01.000002,0.0
02/2025,6,4.1.01.01.000003,0.0
02/2025,6,4.1.01.01.000006,0.0
02/2025,6,4.1.01.01.000008,0.0
02/2025,6,4.1.01.01.000009,-17.01552
02/2025,6,4.1.01.01.000010,0.0
02/2025,6,4.1.01.02.000001,-60.2689
02/2025,6,4.1.01.02.000002,-17.60077
02/2025,6,4.1.01.02.000003,0.0
02/2025,6,4.1.01.02.000004,0.0
02/2025,6,4.1.01.02.000006,0.0
02/2025,6,4.1.01.02.000007,0.0
02/2025,6,4.1.01.03.000001,-13.74905
02/2025,6,4.1.01.03.000003,0.0
02/2025,6,4.1.01.03.000004,-0.31223
02/2025,6,4.1.01.03.000006,-1.464
02/2025,6,4.1.01.03.000009,-15.95783
02/2025,6,4.1.01.03.000010,0.0
02/2025,6,4.1.01.04.000004,-2.6
02/2025,6,4.1.01.05.000001,0.0
02/2025,6,4.1.01.05.000002,0.0
02/2025,6,4.1.01.05.000003,0.0
02/2025,6,4.1.01.05.000006,-395.21475
02/2025,6,4.1.01.06.000001,0.0
02/2025,6,4.1.01.06.000002,0.0
02/2025,6,4.1.01.06.000004,0.0
02/2025,6,4.1.01.07.000007,0.0
02/2025,6,4.1.01.07.000012,0.0
02/2025,6,4.1.01.07.000013,0.0
02/2025,6,4.1.01.07.000014,0.0
02/2025,6,4.1.01.07.000018,0.0
02/2025,6,4.1.01.08.000001,0.0
02/2025,6,4.1.01.08.000004,-41.88569
02/2025,6,4.1.01.08.000005,0.0
02/2025,6,4.1.01.08.000006,0.0
02/2025,6,4.1.01.11.000002,-6.58432
02/2025,6,4.1.01.11.000007,0.0
02/2025,6,4.1.01.11.000008,0.0
02/2025,6,4.1.01.11.000009,-0.72512
02/2025,6,4.1.01.11.000025,0.0
02/2025,6,5.1.01.01.000001,0.0
02/2025,6,5.1.01.01.000003,0.0
02/2025,6,5.1.01.01.000004,0.0
02/2025,6,5.1.01.01.000023,0.0
02/2025,6,5.1.01.01.000024,0.0
02/2025,6,5.1.01.02.000001,0.0
02/2025,6,5.1.01.02.000002,0.0
02/2025,6,5.1.01.02.000003,0.0
02/2025,6,5.1.01.02.000004,0.0
02/2025,6,5.1.01.02.000005,0.0
02/2025,6,5.1.01.02.000007,0.0
02/2025,6,5.1.01.03.000001,0.0
02/2025,6,5.1.01.03.000004,0.0
02/2025,6,5.1.01.03.000006,0.0
02/2025,6,5.1.01.03.000009,0.0
02/2025,6,5.1.01.03.000010,0.0
02/2025,6,5.1.01.04.000001,0.0
02/2025,6,5.1.01.04.000002,0.0
02/2025,6,5.1.01.04.000004,0.0
02/2025,6,5.1.01.05.000001,0.0
02/2025,6,5.1.01.05.000002,0.0
02/2025,6,5.1.01.05.000006,0.0
02/2025,6,5.1.01.05.000009,0.0
02/2025,6,5.1.01.06.000001,0.0
02/2025,6,5.1.01.06.000004,0.0
02/2025,6,5.1.01.06.000007,0.0
02/2025,6,5.1.01.07.000007,0.0
02/2025,6,5.1.01.07.000012,0.0
02/2025,6,5.1.01.08.000001,0.0
02/2025,6,5.1.01.08.000004,0.0
02/2025,6,5.1.01.08.000005,0.0
02/2025,6,5.1.01.11.000001,0.0
02/2025,6,5.1.01.11.000002,0.0
02/2025,6,5.1.01.11.000005,0.0
02/2025,6,5.1.01.11.000006,0.0
02/2025,6,5.1.01.11.000007,-0.18131
02/2025,6,5.1.01.11.000008,0.0
02/2025,6,5.1.01.11.000009,0.0
02/2025,6,5.1.01.11.000012,0.0
02/2025,6,5.1.01.11.000014,0.0
02/2025,6,5.1.01.11.000015,0.0
02/2025,6,5.1.01.11.000016,-8.84979
02/2025,6,5.1.01.11.000017,-40.76267
02/2025,6,5.1.01.11.000021,0.0
02/2025,6,5.1.01.11.000022,0.0
02/2025,6,5.1.01.11.000025,0.0
02/2025,6,5.1.01.11.000026,0.0
02/2025,6,5.1.01.11.000027,0.0
02/2025,6,5.1.01.12.000001,0.0
02/2025,6,5.1.01.12.000009,0.0
02/2025,6,5.1.01.12.000011,0.0
02/2025,6,5.1.01.12.000020,0.0
02/2025,6,5.1.01.13.000001,0.0
02/2025,6,5.1.03.01.000001,-0.10468
02/2025,6,5.1.03.01.000002,-0.01826
02/2025,6,5.1.03.01.000004,-6.0
02/2025,6,5.1.03.01.000007,-0.02882
02/2025,6,5.1.04.01.000001,-1.67768
02/2025,6,5.1.04.01.000004,-1.76089
02/2025,6,5.1.04.01.000005,0.0
02/2025,6,5.1.04.01.000006,-0.00063
02/2025,6,5.1.04.01.000011,0.0
02/2025,6,5.1.04.01.000013,0.0
02/2025,6,5.1.04.01.000014,-13.68808
02/2025,6,5.1.04.02.000001,0.00083
02/2025,6,5.1.04.02.000002,0.0
02/2025,6,5.1.04.02.000003,55.70942
02/2025,6,5.2.01.01.000001,2.95483
02/2025,7,3.1.01.01.000005,2951.63849
02/2025,7,3.1.02.01.000001,0.0
02/2025,7,3.2.01.01.000003,14.0
02/2025,7,3.2.01.02.000002,6.25891
02/2025,7,3.2.01.02.000003,0.0
02/2025,7,4.1.01.08.000005,0.0
02/2025,7,4.1.02.01.000001,-37.40797
02/2025,7,4.1.02.01.000003,0.0
02/2025,7,4.1.02.01.000008,0.0
02/2025,7,4.1.02.01.000009,-2.78597
02/2025,7,4.1.02.01.000010,-8.44869
02/2025,7,4.1.02.02.000001,-10.97213
02/2025,7,4.1.02.02.000002,-3.21527
02/2025,7,4.1.02.02.000003,0.0
02/2025,7,4.1.02.02.000005,0.0
02/2025,7,4.1.02.02.000006,0.0
02/2025,7,4.1.02.02.000007,-0.4
02/2025,7,4.1.02.02.000008,0.0
02/2025,7,4.1.02.03.000001,0.0
02/2025,7,4.1.02.03.000004,-3.909
02/2025,7,4.1.02.03.000005,0.0
02/2025,7,4.1.02.03.000006,-0.8
02/2025,7,4.1.02.03.000009,-7.671
02/2025,7,4.1.02.03.000010,0.0
02/2025,7,4.1.02.03.000013,0.0
02/2025,7,4.1.02.04.000003,-4.2485
02/2025,7,4.1.02.04.000004,0.0
02/2025,7,4.1.02.05.000001,-0.8765
02/2025,7,4.1.02.05.000002,-1.0576
02/2025,7,4.1.02.05.000003,0.0
02/2025,7,4.1.02.05.000004,-0.385
02/2025,7,4.1.02.05.000005,-0.34935
02/2025,7,4.1.02.05.000006,-2269.80629
02/2025,7,4.1.02.05.000007,0.0
02/2025,7,4.1.02.05.000009,-2.66079
02/2025,7,4.1.02.05.000010,0.0
02/2025,7,4.1.02.06.000001,-3.0147
02/2025,7,4.1.02.06.000004,0.0
02/2025,7,4.1.02.07.000003,-4.48007
02/2025,7,4.1.02.07.000004,-0.2805
02/2025,7,4.1.02.07.000006,-0.96
02/2025,7,4.1.02.07.000007,0.0
02/2025,7,4.1.02.07.000010,0.0
02/2025,7,4.1.02.07.000016,-23.62137
02/2025,7,4.1.02.08.000001,-2.57223
02/2025,7,4.1.02.08.000002,0.0
02/2025,7,4.1.02.08.000005,-3.05308
02/2025,7,5.1.01.04.000002,0.0
02/2025,7,5.1.01.04.000003,0.0
02/2025,7,5.1.01.05.000001,0.0
02/2025,7,5.1.01.05.000003,0.0
02/2025,7,5.1.01.05.000005,0.0
02/2025,7,5.1.01.05.000009,0.0
02/2025,7,5.1.01.07.000007,0.0
02/2025,7,5.1.01.07.000010,-2.4905
02/2025,7,5.1.01.07.000015,-0.4
02/2025,7,5.1.01.07.000021,0.0
02/2025,7,5.1.01.08.000005,0.0
02/2025,7,5.1.01.09.000003,0.0
02/2025,7,5.1.01.09.000008,0.0
02/2025,7,5.1.01.11.000001,0.0
02/2025,7,5.1.01.11.000005,0.0
02/2025,7,5.1.01.11.000006,-2.55414
02/2025,7,5.1.01.11.000007,-0.20024
02/2025,7,5.1.01.11.000008,-0.01454
02/2025,7,5.1.01.11.000016,-0.231
02/2025,7,5.1.01.11.000017,-1.064
02/2025,7,5.1.01.11.000027,0.0
02/2025,7,5.1.01.13.000001,0.0
02/2025,7,5.1.01.14.000003,0.0
02/2025,7,5.1.02.01.000009,0.0
02/2025,7,5.1.02.01.000010,0.0
02/2025,7,5.1.02.01.000011,0.0
02/2025,7,5.1.04.01.000001,-7.90157
02/2025,7,5.1.04.01.000002,-62.04019
02/2025,7,5.1.04.01.000003,0.0
02/2025,7,5.1.04.01.000004,-19.93998
02/2025,7,5.1.04.01.000005,0.0
02/2025,7,5.1.04.01.000006,-0.00759
02/2025,7,5.1.04.01.000014,0.0
02/2025,7,5.1.04.02.000001,0.00857
02/2025,7,5.1.04.02.000002,0.0
02/2025,7,5.1.04.02.000003,0.14726
02/2025,7,5.2.01.01.000001,0.0
02/2025,7,5.9.01.01.000001,0.0
02/2025,7,5.9.01.02.000001,0.0
02/2025,999,3.1.01.01.000002,0.0
02/2025,999,3.1.01.01.000003,6.33455
02/2025,999,3.1.01.01.000004,7.71726
02/2025,999,3.1.01.01.000006,8.46893
02/2025,999,3.1.01.01.000008,0.0
02/2025,999,3.1.01.01.000009,0.0
02/2025,999,3.1.01.01.000010,0.0
02/2025,999,3.1.01.01.000011,0.0
02/2025,999,3.1.01.01.000012,0.0
02/2025,999,3.1.01.01.000013,16169.28557
02/2025,999,3.1.02.01.000001,0.0
02/2025,999,3.1.02.02.000004,0.0
02/2025,999,3.1.02.02.000005,0.0
02/2025,999,3.1.02.02.000008,0.0
02/2025,999,3.1.02.02.000010,-0.31673
02/2025,999,3.1.02.02.000011,0.0
02/2025,999,3.1.02.02.000012,0.0
02/2025,999,3.1.02.02.000013,-0.7959
02/2025,999,3.1.02.02.000014,-0.39794
02/2025,999,3.1.03.01.000007,0.0
02/2025,999,3.1.03.01.000011,0.0
02/2025,999,3.1.03.02.000001,0.0
02/2025,999,3.1.03.02.000003,0.0
02/2025,999,3.1.03.02.000004,0.0
02/2025,999,3.1.03.03.000001,0.0
02/2025,999,3.2.01.01.000001,3991.0
02/2025,999,3.2.01.01.000005,0.47025
02/2025,999,3.2.01.02.000001,0.0
02/2025,999,3.2.01.02.000002,3.1488
02/2025,999,3.2.01.02.000003,0.3
02/2025,999,3.2.01.02.000004,0.0
02/2025,999,3.2.01.02.000005,0.0
02/2025,999,3.2.01.02.000006,0.0
02/2025,999,3.2.01.03.000001,0.0
02/2025,999,4.1.01.01.000001,-270.6014
02/2025,999,4.1.01.01.000002,-15.33346
02/2025,999,4.1.01.01.000003,-18.94362
02/2025,999,4.1.01.01.000004,0.0
02/2025,999,4.1.01.01.000006,0.0
02/2025,999,4.1.01.01.000007,0.0
02/2025,999,4.1.01.01.000009,-11.81487
02/2025,999,4.1.01.01.000010,0.0
02/2025,999,4.1.01.02.000001,-73.47516
02/2025,999,4.1.01.02.000002,-24.21035
02/2025,999,4.1.01.02.000003,-8.93198
02/2025,999,4.1.01.02.000004,0.0
02/2025,999,4.1.01.02.000005,0.0
02/2025,999,4.1.01.02.000007,-4.28823
02/2025,999,4.1.01.03.000001,-32.94
02/2025,999,4.1.01.03.000003,0.0
02/2025,999,4.1.01.03.000004,-23.23413
02/2025,999,4.1.01.03.000005,0.0
02/2025,999,4.1.01.03.000006,-2.277
02/2025,999,4.1.01.03.000008,-0.25305
02/2025,999,4.1.01.03.000009,-44.8965
02/2025,999,4.1.01.03.000010,0.0
02/2025,999,4.1.01.03.000013,0.0
02/2025,999,4.1.01.04.000002,0.0
02/2025,999,4.1.01.04.000004,-58.7461
02/2025,999,4.1.01.05.000001,-0.339
02/2025,999,4.1.01.05.000002,-6.1994
02/2025,999,4.1.01.05.000003,-0.41388
02/2025,999,4.1.01.05.000004,0.0
02/2025,999,4.1.01.05.000005,-2.40604
02/2025,999,4.1.01.05.000006,-36.20855
02/2025,999,4.1.01.05.000007,-10.38226
02/2025,999,4.1.01.05.000008,0.0
02/2025,999,4.1.01.05.000009,-0.496
02/2025,999,4.1.01.06.000001,-32.17439
02/2025,999,4.1.01.06.000002,-7.2932
02/2025,999,4.1.01.06.000003,0.0
02/2025,999,4.1.01.06.000004,-96.24538
02/2025,999,4.1.01.06.000007,0.0
02/2025,999,4.1.01.07.000001,-0.56318
02/2025,999,4.1.01.07.000002,-0.34819
02/2025,999,4.1.01.07.000003,-34.26438
02/2025,999,4.1.01.07.000004,-40.38012
02/2025,999,4.1.01.07.000005,-5.0
02/2025,999,4.1.01.07.000006,-3.5
02/2025,999,4.1.01.07.000007,-15.15426
02/2025,999,4.1.01.07.000008,-0.212
02/2025,999,4.1.01.07.000009,0.0
02/2025,999,4.1.01.07.000010,-4.43
02/2025,999,4.1.01.07.000011,0.0
02/2025,999,4.1.01.07.000012,-9.6405
02/2025,999,4.1.01.07.000013,-26.72554
02/2025,999,4.1.01.07.000014,-90.66971
02/2025,999,4.1.01.07.000015,0.0
02/2025,999,4.1.01.07.000016,-26.0
02/2025,999,4.1.01.07.000017,0.0
02/2025,999,4.1.01.07.000018,-0.335
02/2025,999,4.1.01.07.000019,-9.85385
02/2025,999,4.1.01.07.000020,0.0
02/2025,999,4.1.01.08.000001,-8.82367
02/2025,999,4.1.01.08.000002,0.0
02/2025,999,4.1.01.08.000003,0.0
02/2025,999,4.1.01.08.000004,-952.19465
02/2025,999,4.1.01.08.000005,-3.828
02/2025,999,4.1.01.08.000007,-1.934
02/2025,999,4.1.01.08.000008,0.0
02/2025,999,4.1.01.09.000004,-75.27515
02/2025,999,4.1.01.09.000006,0.0
02/2025,999,4.1.01.10.000001,0.0
02/2025,999,4.1.01.10.000003,0.0
02/2025,999,4.1.01.10.000004,0.0
02/2025,999,4.1.01.10.000005,0.0
02/2025,999,4.1.01.11.000002,-30.67653
02/2025,999,4.1.01.11.000003,0.0
02/2025,999,4.1.01.11.000004,0.0
02/2025,999,4.1.01.11.000007,0.0
02/2025,999,4.1.01.11.000009,-43.098
02/2025,999,4.1.01.11.000010,0.0
02/2025,999,4.1.01.11.000017,0.0
02/2025,999,4.1.01.11.000019,0.0
02/2025,999,4.1.01.11.000020,0.0
02/2025,999,4.1.01.11.000021,0.0
02/2025,999,4.1.01.11.000025,0.0
02/2025,999,4.1.01.11.000026,0.0
02/2025,999,4.1.01.12.000001,-2.7462
02/2025,999,4.1.01.12.000002,-0.69
02/2025,999,4.1.01.13.000001,-0.35476
02/2025,999,4.1.01.13.000002,0.0
02/2025,999,4.1.01.13.000003,0.0
02/2025,999,4.1.01.13.000004,0.0
02/2025,999,4.1.01.13.000005,0.0
02/2025,999,5.1.01.01.000001,-191.48965
02/2025,999,5.1.01.01.000003,0.0
02/2025,999,5.1.01.01.000004,-40.59155
02/2025,999,5.1.01.01.000005,0.0
02/2025,999,5.1.01.01.000008,0.0
02/2025,999,5.1.01.01.000012,-3.03796
02/2025,999,5.1.01.01.000020,0.0
02/2025,999,5.1.01.01.000021,0.0
02/2025,999,5.1.01.01.000022,0.0
02/2025,999,5.1.01.01.000023,-10.43303
02/2025,999,5.1.01.01.000024,0.0
02/2025,999,5.1.01.02.000001,-42.82662
02/2025,999,5.1.01.02.000002,-15.54225
02/2025,999,5.1.01.02.000003,-18.51429
02/2025,999,5.1.01.02.000005,0.0
02/2025,999,5.1.01.02.000006,0.0
02/2025,999,5.1.01.02.000007,0.0
02/2025,999,5.1.01.02.000020,0.0
02/2025,999,5.1.01.02.000021,0.0
02/2025,999,5.1.01.02.000022,0.0
02/2025,999,5.1.01.03.000001,-38.85806
02/2025,999,5.1.01.03.000004,-0.54311
02/2025,999,5.1.01.03.000006,-0.264
02/2025,999,5.1.01.03.000008,-1.51691
02/2025,999,5.1.01.03.000009,-17.551
02/2025,999,5.1.01.03.000010,-7.125
02/2025,999,5.1.01.03.000012,0.0
02/2025,999,5.1.01.03.000013,0.0
02/2025,999,5.1.01.03.000014,0.0
02/2025,999,5.1.01.04.000001,0.0
02/2025,999,5.1.01.04.000002,0.0
02/2025,999,5.1.01.04.000003,0.0
02/2025,999,5.1.01.04.000004,-31.9
02/2025,999,5.1.01.05.000001,-2.99801
02/2025,999,5.1.01.05.000002,-0.15442
02/2025,999,5.1.01.05.000003,0.0
02/2025,999,5.1.01.05.000004,-4.1168
02/2025,999,5.1.01.05.000005,-0.51665
02/2025,999,5.1.01.05.000006,-15.34023
02/2025,999,5.1.01.05.000007,0.0
02/2025,999,5.1.01.05.000009,-0.2115
02/2025,999,5.1.01.05.000010,0.0
02/2025,999,5.1.01.06.000001,-18.24202
02/2025,999,5.1.01.06.000002,0.0
02/2025,999,5.1.01.06.000003,0.0
02/2025,999,5.1.01.06.000004,-92.70896
02/2025,999,5.1.01.06.000005,0.0
02/2025,999,5.1.01.06.000006,-32.63434
02/2025,999,5.1.01.06.000008,0.0
02/2025,999,5.1.01.07.000001,0.0
02/2025,999,5.1.01.07.000002,0.0
02/2025,999,5.1.01.07.000003,0.0
02/2025,999,5.1.01.07.000004,0.0
02/2025,999,5.1.01.07.000005,0.0
02/2025,999,5.1.01.07.000007,0.0
02/2025,999,5.1.01.07.000008,0.0
02/2025,999,5.1.01.07.000010,-12.47278
02/2025,999,5.1.01.07.000014,0.0
02/2025,999,5.1.01.07.000015,-0.72
02/2025,999,5.1.01.07.000020,-8.2662
02/2025,999,5.1.01.07.000021,-0.07074
02/2025,999,5.1.01.08.000001,-4.85
02/2025,999,5.1.01.08.000002,0.0
02/2025,999,5.1.01.08.000003,0.0
02/2025,999,5.1.01.08.000004,-1.12253
02/2025,999,5.1.01.08.000005,-86.63639
02/2025,999,5.1.01.09.000001,0.0
02/2025,999,5.1.01.09.000003,-6.0
02/2025,999,5.1.01.09.000005,0.0
02/2025,999,5.1.01.09.000007,0.0
02/2025,999,5.1.01.09.000008,0.0
02/2025,999,5.1.01.10.000002,0.0
02/2025,999,5.1.01.10.000003,0.0
02/2025,999,5.1.01.10.000004,0.0
02/2025,999,5.1.01.11.000001,0.0
02/2025,999,5.1.01.11.000003,0.0
02/2025,999,5.1.01.11.000004,0.0
02/2025,999,5.1.01.11.000006,-8.76755
02/2025,999,5.1.01.11.000007,-20.34884
02/2025,999,5.1.01.11.000008,-16.68001
02/2025,999,5.1.01.11.000010,-1.06162
02/2025,999,5.1.01.11.000012,0.0
02/2025,999,5.1.01.11.000013,0.0
02/2025,999,5.1.01.11.000014,0.0
02/2025,999,5.1.01.11.000015,0.0
02/2025,999,5.1.01.11.000021,-0.08915
02/2025,999,5.1.01.11.000022,0.0
02/2025,999,5.1.01.11.000025,0.0
02/2025,999,5.1.01.11.000026,0.0
02/2025,999,5.1.01.11.000027,-3.7913
02/2025,999,5.1.01.11.000030,0.0
02/2025,999,5.1.01.11.000031,-154.69676
02/2025,999,5.1.01.12.000003,0.0
02/2025,999,5.1.01.12.000008,0.0
02/2025,999,5.1.01.12.000009,0.0
02/2025,999,5.1.01.12.000019,0.0
02/2025,999,5.1.01.12.000021,-118.99649
02/2025,999,5.1.01.13.000001,0.0
02/2025,999,5.1.01.14.000001,0.0
02/2025,999,5.1.01.14.000002,0.0
02/2025,999,5.1.01.14.000003,0.0
02/2025,999,5.1.02.01.000006,0.0
02/2025,999,5.1.02.01.000009,0.0
02/2025,999,5.1.02.01.000010,0.0
02/2025,999,5.1.02.01.000011,0.0
02/2025,999,5.1.02.01.000012,0.0
02/2025,999,5.1.03.01.000001,-15.42214
02/2025,999,5.1.03.01.000002,-2.00997
02/2025,999,5.1.03.01.000003,-62.78266
02/2025,999,5.1.03.01.000004,-3026.08882
02/2025,999,5.1.03.01.000005,-6.94788
02/2025,999,5.1.03.01.000007,-0.59036
02/2025,999,5.1.03.02.000001,-11.4395
02/2025,999,5.1.04.01.000001,-13.98753
02/2025,999,5.1.04.01.000002,0.0
02/2025,999,5.1.04.01.000004,-291.7072
02/2025,999,5.1.04.01.000005,0.0
02/2025,999,5.1.04.01.000006,-8.89907
02/2025,999,5.1.04.01.000007,0.0
02/2025,999,5.1.04.01.000009,0.0
02/2025,999,5.1.04.01.000010,0.0
02/2025,999,5.1.04.01.000011,0.0
02/2025,999,5.1.04.01.000014,-985.13364
02/2025,999,5.1.04.01.000015,-0.09151
02/2025,999,5.1.04.01.000016,0.0
02/2025,999,5.1.04.01.000017,-158.44329
02/2025,999,5.1.04.02.000001,62.37773
02/2025,999,5.1.04.02.000002,0.20296
02/2025,999,5.1.04.02.000003,0.2964
02/2025,999,5.2.01.01.000001,4.14755
02/2025,999,5.9.01.01.000001,0.0
02/2025,999,5.9.01.01.000002,0.0
02/2025,999,5.9.01.02.000001,0.0
02/2025,999,5.9.01.02.000002,0.0
02/2026,6,3.1.01.01.000002,0.0
02/2026,6,3.1.01.01.000003,0.0
02/2026,6,3.1.01.01.000013,0.0
02/2026,6,3.1.02.02.000002,0.0
02/2026,6,3.1.02.02.000003,0.0
02/2026,6,3.1.02.02.000004,0.0
02/2026,6,3.1.02.02.000009,0.0
02/2026,6,3.1.02.02.000010,0.0
02/2026,6,3.1.03.02.000003,0.0
02/2026,6,3.1.03.03.000001,0.0
02/2026,6,3.2.01.01.000001,0.0
02/2026,6,3.2.01.02.000002,0.0
02/2026,6,4.1.01.01.000001,0.0
02/2026,6,4.1.01.01.000002,0.0
02/2026,6,4.1.01.01.000003,0.0
02/2026,6,4.1.01.01.000006,0.0
02/2026,6,4.1.01.01.000008,0.0
02/2026,6,4.1.01.01.000009,0.0
02/2026,6,4.1.01.01.000010,0.0
02/2026,6,4.1.01.02.000001,0.0
02/2026,6,4.1.01.02.000002,0.0
02/2026,6,4.1.01.02.000003,0.0
02/2026,6,4.1.01.02.000004,0.0
02/2026,6,4.1.01.02.000006,0.0
02/2026,6,4.1.01.02.000007,0.0
02/2026,6,4.1.01.03.000001,0.0
02/2026,6,4.1.01.03.000003,0.0
02/2026,6,4.1.01.03.000004,0.0
02/2026,6,4.1.01.03.000006,0.0
02/2026,6,4.1.01.03.000009,0.0
02/2026,6,4.1.01.03.000010,0.0
02/2026,6,4.1.01.04.000004,0.0
02/2026,6,4.1.01.05.000001,0.0
02/2026,6,4.1.01.05.000002,0.0
02/2026,6,4.1.01.05.000003,0.0
02/2026,6,4.1.01.05.000006,0.0
02/2026,6,4.1.01.06.000001,0.0
02/2026,6,4.1.01.06.000002,0.0
02/2026,6,4.1.01.06.000004,0.0
02/2026,6,4.1.01.07.000007,0.0
02/2026,6,4.1.01.07.000012,0.0
02/2026,6,4.1.01.07.000013,0.0
02/2026,6,4.1.01.07.000014,0.0
02/2026,6,4.1.01.07.000018,0.0
02/2026,6,4.1.01.08.000001,0.0
02/2026,6,4.1.01.08.000004,0.0
02/2026,6,4.1.01.08.000005,0.0
02/2026,6,4.1.01.08.000006,0.0
02/2026,6,4.1.01.11.000002,0.0
02/2026,6,4.1.01.11.000007,0.0
02/2026,6,4.1.01.11.000008,0.0
02/2026,6,4.1.01.11.000009,0.0
02/2026,6,4.1.01.11.000025,0.0
02/2026,6,5.1.01.01.000001,0.0
02/2026,6,5.1.01.01.000003,0.0
02/2026,6,5.1.01.01.000004,0.0
02/2026,6,5.1.01.01.000023,0.0
02/2026,6,5.1.01.01.000024,0.0
02/2026,6,5.1.01.02.000001,0.0
02/2026,6,5.1.01.02.000002,0.0
02/2026,6,5.1.01.02.000003,0.0
02/2026,6,5.1.01.02.000004,0.0
02/2026,6,5.1.01.02.000005,0.0
02/2026,6,5.1.01.02.000007,0.0
02/2026,6,5.1.01.03.000001,0.0
02/2026,6,5.1.01.03.000004,0.0
02/2026,6,5.1.01.03.000006,0.0
02/2026,6,5.1.01.03.000009,0.0
02/2026,6,5.1.01.03.000010,0.0
02/2026,6,5.1.01.04.000001,0.0
02/2026,6,5.1.01.04.000002,0.0
02/2026,6,5.1.01.04.000004,0.0
02/2026,6,5.1.01.05.000001,0.0
02/2026,6,5.1.01.05.000002,0.0
02/2026,6,5.1.01.05.000006,0.0
02/2026,6,5.1.01.05.000009,0.0
02/2026,6,5.1.01.06.000001,0.0
02/2026,6,5.1.01.06.000004,0.0
02/2026,6,5.1.01.06.000007,0.0
02/2026,6,5.1.01.07.000007,0.0
02/2026,6,5.1.01.07.000012,0.0
02/2026,6,5.1.01.08.000001,0.0
02/2026,6,5.1.01.08.000004,0.0
02/2026,6,5.1.01.08.000005,0.0
02/2026,6,5.1.01.11.000001,0.0
02/2026,6,5.1.01.11.000002,0.0
02/2026,6,5.1.01.11.000005,0.0
02/2026,6,5.1.01.11.000006,0.0
02/2026,6,5.1.01.11.000007,0.0
02/2026,6,5.1.01.11.000008,0.0
02/2026,6,5.1.01.11.000009,0.0
02/2026,6,5.1.01.11.000012,0.0
02/2026,6,5.1.01.11.000014,0.0
02/2026,6,5.1.01.11.000015,0.0
02/2026,6,5.1.01.11.000016,0.0
02/2026,6,5.1.01.11.000017,0.0
02/2026,6,5.1.01.11.000021,0.0
02/2026,6,5.1.01.11.000022,0.0
02/2026,6,5.1.01.11.000025,0.0
02/2026,6,5.1.01.11.000026,0.0
02/2026,6,5.1.01.11.000027,0.0
02/2026,6,5.1.01.12.000001,0.0
02/2026,6,5.1.01.12.000009,0.0
02/2026,6,5.1.01.12.000011,0.0
02/2026,6,5.1.01.12.000020,0.0
02/2026,6,5.1.01.13.000001,0.0
02/2026,6,5.1.03.01.000001,0.0
02/2026,6,5.1.03.01.000002,0.0
02/2026,6,5.1.03.01.000004,0.0
02/2026,6,5.1.03.01.000007,0.0
02/2026,6,5.1.04.01.000001,0.0
02/2026,6,5.1.04.01.000004,0.0
02/2026,6,5.1.04.01.000005,0.0
02/2026,6,5.1.04.01.000006,0.0
02/2026,6,5.1.04.01.000011,0.0
02/2026,6,5.1.04.01.000013,0.0
02/2026,6,5.1.04.01.000014,0.0
02/2026,6,5.1.04.02.000001,0.0
02/2026,6,5.1.04.02.000002,0.0
02/2026,6,5.1.04.02.000003,0.0
02/2026,6,5.2.01.01.000001,0.0
02/2026,7,3.1.01.01.000005,0.0
02/2026,7,3.1.02.01.000001,0.0
02/2026,7,3.2.01.01.000003,0.0
02/2026,7,3.2.01.02.000002,0.0
02/2026,7,3.2.01.02.000003,0.0
02/2026,7,4.1.01.08.000005,0.0
02/2026,7,4.1.02.01.000001,0.0
02/2026,7,4.1.02.01.000003,0.0
02/2026,7,4.1.02.01.000008,0.0
02/2026,7,4.1.02.01.000009,0.0
02/2026,7,4.1.02.01.000010,0.0
02/2026,7,4.1.02.02.000001,0.0
02/2026,7,4.1.02.02.000002,0.0
02/2026,7,4.1.02.02.000003,0.0
02/2026,7,4.1.02.02.000005,0.0
02/2026,7,4.1.02.02.000006,0.0
02/2026,7,4.1.02.02.000007,0.0
02/2026,7,4.1.02.02.000008,0.0
02/2026,7,4.1.02.03.000001,0.0
02/2026,7,4.1.02.03.000004,0.0
02/2026,7,4.1.02.03.000005,0.0
02/2026,7,4.1.02.03.000006,0.0
02/2026,7,4.1.02.03.000009,0.0
02/2026,7,4.1.02.03.000010,0.0
02/2026,7,4.1.02.03.000013,0.0
02/2026,7,4.1.02.04.000003,0.0
02/2026,7,4.1.02.04.000004,0.0
02/2026,7,4.1.02.05.000001,0.0
02/2026,7,4.1.02.05.000002,0.0
02/2026,7,4.1.02.05.000003,0.0
02/2026,7,4.1.02.05.000004,0.0
02/2026,7,4.1.02.05.000005,0.0
02/2026,7,4.1.02.05.000006,0.0
02/2026,7,4.1.02.05.000007,0.0
02/2026,7,4.1.02.05.000009,0.0
02/2026,7,4.1.02.05.000010,0.0
02/2026,7,4.1.02.06.000001,0.0
02/2026,7,4.1.02.06.000004,0.0
02/2026,7,4.1.02.07.000003,0.0
02/2026,7,4.1.02.07.000004,0.0
02/2026,7,4.1.02.07.000006,0.0
02/2026,7,4.1.02.07.000007,0.0
02/2026,7,4.1.02.07.000010,0.0
02/2026,7,4.1.02.07.000016,0.0
02/2026,7,4.1.02.08.000001,0.0
02/2026,7,4.1.02.08.000002,0.0
02/2026,7,4.1.02.08.000005,0.0
02/2026,7,5.1.01.04.000002,0.0
02/2026,7,5.1.01.04.000003,0.0
02/2026,7,5.1.01.05.000001,0.0
02/2026,7,5.1.01.05.000003,0.0
02/2026,7,5.1.01.05.000005,0.0
02/2026,7,5.1.01.05.000009,0.0
02/2026,7,5.1.01.07.000007,0.0
02/2026,7,5.1.01.07.000010,0.0
02/2026,7,5.1.01.07.000015,0.0
02/2026,7,5.1.01.07.000021,0.0
02/2026,7,5.1.01.08.000005,0.0
02/2026,7,5.1.01.09.000003,0.0
02/2026,7,5.1.01.09.000008,0.0
02/2026,7,5.1.01.11.000001,0.0
02/2026,7,5.1.01.11.000005,0.0
02/2026,7,5.1.01.11.000006,0.0
02/2026,7,5.1.01.11.000007,0.0
02/2026,7,5.1.01.11.000008,0.0
02/2026,7,5.1.01.11.000016,0.0
02/2026,7,5.1.01.11.000017,0.0
02/2026,7,5.1.01.11.000027,0.0
02/2026,7,5.1.01.13.000001,0.0
02/2026,7,5.1.01.14.000003,0.0
02/2026,7,5.1.02.01.000009,0.0
02/2026,7,5.1.02.01.000010,0.0
02/2026,7,5.1.02.01.000011,0.0
02/2026,7,5.1.04.01.000001,0.0
02/2026,7,5.1.04.01.000002,0.0
02/2026,7,5.1.04.01.000003,0.0
02/2026,7,5.1.04.01.000004,0.0
02/2026,7,5.1.04.01.000005,0.0
02/2026,7,5.1.04.01.000006,0.0
02/2026,7,5.1.04.01.000014,0.0
02/2026,7,5.1.04.02.000001,0.0
02/2026,7,5.1.04.02.000002,0.0
02/2026,7,5.1.04.02.000003,0.0
02/2026,7,5.2.01.01.000001,0.0
02/2026,7,5.9.01.01.000001,0.0
02/2026,7,5.9.01.02.000001,0.0
02/2026,999,3.1.01.01.000002,0.0
02/2026,999,3.1.01.01.000003,9865.46713
02/2026,999,3.1.01.01.000004,0.0
02/2026,999,3.1.01.01.000006,0.0
02/2026,999,3.1.01.01.000008,0.0
02/2026,999,3.1.01.01.000009,0.0
02/2026,999,3.1.01.01.000010,0.0
02/2026,999,3.1.01.01.000011,0.0
02/2026,999,3.1.01.01.000012,0.0
02/2026,999,3.1.01.01.000013,125.0
02/2026,999,3.1.02.01.000001,-90.0
02/2026,999,3.1.02.02.000004,0.0
02/2026,999,3.1.02.02.000005,0.0
02/2026,999,3.1.02.02.000008,0.0
02/2026,999,3.1.02.02.000010,0.0
02/2026,999,3.1.02.02.000011,0.0
02/2026,999,3.1.02.02.000012,0.0
02/2026,999,3.1.02.02.000013,-0.1728
02/2026,999,3.1.02.02.000014,-0.0864
02/2026,999,3.1.03.01.000007,0.0
02/2026,999,3.1.03.01.000011,0.0
02/2026,999,3.1.03.02.000001,0.0
02/2026,999,3.1.03.02.000003,0.0
02/2026,999,3.1.03.02.000004,0.0
02/2026,999,3.1.03.03.000001,133.29122
02/2026,999,3.2.01.01.000001,6381.0
02/2026,999,3.2.01.01.000005,4.408
02/2026,999,3.2.01.02.000001,0.0
02/2026,999,3.2.01.02.000002,3.15287
02/2026,999,3.2.01.02.000003,0.0
02/2026,999,3.2.01.02.000004,0.11625
02/2026,999,3.2.01.02.000005,0.0
02/2026,999,3.2.01.02.000006,0.0
02/2026,999,3.2.01.03.000001,0.0
02/2026,999,4.1.01.01.000001,-238.17966
02/2026,999,4.1.01.01.000002,0.0
02/2026,999,4.1.01.01.000003,-15.51073
02/2026,999,4.1.01.01.000004,0.0
02/2026,999,4.1.01.01.000006,0.0
02/2026,999,4.1.01.01.000007,0.0
02/2026,999,4.1.01.01.000009,-1.41788
02/2026,999,4.1.01.01.000010,0.0
02/2026,999,4.1.01.02.000001,-64.64918
02/2026,999,4.1.01.02.000002,-21.79295
02/2026,999,4.1.01.02.000003,-19.74366
02/2026,999,4.1.01.02.000004,0.0
02/2026,999,4.1.01.02.000005,0.0
02/2026,999,4.1.01.02.000007,-0.8048
02/2026,999,4.1.01.03.000001,-34.18485
02/2026,999,4.1.01.03.000003,0.0
02/2026,999,4.1.01.03.000004,-22.976
02/2026,999,4.1.01.03.000005,0.0
02/2026,999,4.1.01.03.000006,-5.47647
02/2026,999,4.1.01.03.000008,-2.3009
02/2026,999,4.1.01.03.000009,-49.97268
02/2026,999,4.1.01.03.000010,0.0
02/2026,999,4.1.01.03.000013,0.0
02/2026,999,4.1.01.04.000002,0.0
02/2026,999,4.1.01.04.000004,-40.11911
02/2026,999,4.1.01.05.000001,-0.6445
02/2026,999,4.1.01.05.000002,-0.81789
02/2026,999,4.1.01.05.000003,-0.18305
02/2026,999,4.1.01.05.000004,-0.30587
02/2026,999,4.1.01.05.000005,-1.86585
02/2026,999,4.1.01.05.000006,-17.12147
02/2026,999,4.1.01.05.000007,-3.56
02/2026,999,4.1.01.05.000008,0.0
02/2026,999,4.1.01.05.000009,0.0
02/2026,999,4.1.01.06.000001,-62.66227
02/2026,999,4.1.01.06.000002,-22.72
02/2026,999,4.1.01.06.000003,0.0
02/2026,999,4.1.01.06.000004,-220.2074
02/2026,999,4.1.01.06.000007,0.0
02/2026,999,4.1.01.07.000001,-0.59036
02/2026,999,4.1.01.07.000002,-2.44553
02/2026,999,4.1.01.07.000003,-27.6792
02/2026,999,4.1.01.07.000004,-41.75758
02/2026,999,4.1.01.07.000005,-5.54023
02/2026,999,4.1.01.07.000006,-11.98
02/2026,999,4.1.01.07.000007,-7.33195
02/2026,999,4.1.01.07.000008,-0.368
02/2026,999,4.1.01.07.000009,0.0
02/2026,999,4.1.01.07.000010,-4.564
02/2026,999,4.1.01.07.000011,0.0
02/2026,999,4.1.01.07.000012,-16.85248
02/2026,999,4.1.01.07.000013,-15.62751
02/2026,999,4.1.01.07.000014,-5.705
02/2026,999,4.1.01.07.000015,0.0
02/2026,999,4.1.01.07.000016,-32.0
02/2026,999,4.1.01.07.000017,-9.0
02/2026,999,4.1.01.07.000018,0.0
02/2026,999,4.1.01.07.000019,0.0
02/2026,999,4.1.01.07.000020,0.0
02/2026,999,4.1.01.08.000001,-9.443
02/2026,999,4.1.01.08.000002,0.0
02/2026,999,4.1.01.08.000003,0.0
02/2026,999,4.1.01.08.000004,-775.32321
02/2026,999,4.1.01.08.000005,-38.1698
02/2026,999,4.1.01.08.000007,0.0
02/2026,999,4.1.01.08.000008,0.0
02/2026,999,4.1.01.09.000004,-35.08969
02/2026,999,4.1.01.09.000006,0.0
02/2026,999,4.1.01.10.000001,0.0
02/2026,999,4.1.01.10.000003,0.0
02/2026,999,4.1.01.10.000004,0.0
02/2026,999,4.1.01.10.000005,0.0
02/2026,999,4.1.01.11.000002,-34.77241
02/2026,999,4.1.01.11.000003,0.0
02/2026,999,4.1.01.11.000004,0.0
02/2026,999,4.1.01.11.000007,0.0
02/2026,999,4.1.01.11.000009,-78.17369
02/2026,999,4.1.01.11.000010,0.0
02/2026,999,4.1.01.11.000017,0.0
02/2026,999,4.1.01.11.000019,0.0
02/2026,999,4.1.01.11.000020,0.0
02/2026,999,4.1.01.11.000021,0.0
02/2026,999,4.1.01.11.000025,0.0
02/2026,999,4.1.01.11.000026,0.0
02/2026,999,4.1.01.12.000001,-2.29623
02/2026,999,4.1.01.12.000002,0.0
02/2026,999,4.1.01.13.000001,0.0
02/2026,999,4.1.01.13.000002,0.0
02/2026,999,4.1.01.13.000003,0.0
02/2026,999,4.1.01.13.000004,0.0
02/2026,999,4.1.01.13.000005,0.0
02/2026,999,5.1.01.01.000001,-134.96144
02/2026,999,5.1.01.01.000003,0.0
02/2026,999,5.1.01.01.000004,-104.31038
02/2026,999,5.1.01.01.000005,0.0
02/2026,999,5.1.01.01.000008,0.0
02/2026,999,5.1.01.01.000012,0.0
02/2026,999,5.1.01.01.000020,0.0
02/2026,999,5.1.01.01.000021,0.0
02/2026,999,5.1.01.01.000022,0.0
02/2026,999,5.1.01.01.000023,-15.33318
02/2026,999,5.1.01.01.000024,0.0
02/2026,999,5.1.01.02.000001,-45.76539
02/2026,999,5.1.01.02.000002,-20.97251
02/2026,999,5.1.01.02.000003,0.0
02/2026,999,5.1.01.02.000005,0.0
02/2026,999,5.1.01.02.000006,0.0
02/2026,999,5.1.01.02.000007,0.0
02/2026,999,5.1.01.02.000020,0.0
02/2026,999,5.1.01.02.000021,0.0
02/2026,999,5.1.01.02.000022,0.0
02/2026,999,5.1.01.03.000001,0.0
02/2026,999,5.1.01.03.000004,0.0
02/2026,999,5.1.01.03.000006,0.0
02/2026,999,5.1.01.03.000008,0.0
02/2026,999,5.1.01.03.000009,-0.24
02/2026,999,5.1.01.03.000010,-3.62
02/2026,999,5.1.01.03.000012,0.0
02/2026,999,5.1.01.03.000013,0.0
02/2026,999,5.1.01.03.000014,0.0
02/2026,999,5.1.01.04.000001,0.0
02/2026,999,5.1.01.04.000002,0.0
02/2026,999,5.1.01.04.000003,0.0
02/2026,999,5.1.01.04.000004,0.0
02/2026,999,5.1.01.05.000001,0.0
02/2026,999,5.1.01.05.000002,-1.9199
02/2026,999,5.1.01.05.000003,0.0
02/2026,999,5.1.01.05.000004,0.0
02/2026,999,5.1.01.05.000005,-0.293
02/2026,999,5.1.01.05.000006,-15.16102
02/2026,999,5.1.01.05.000007,0.0
02/2026,999,5.1.01.05.000009,-0.235
02/2026,999,5.1.01.05.000010,0.0
02/2026,999,5.1.01.06.000001,-2.41184
02/2026,999,5.1.01.06.000002,0.0
02/2026,999,5.1.01.06.000003,0.0
02/2026,999,5.1.01.06.000004,0.0
02/2026,999,5.1.01.06.000005,0.0
02/2026,999,5.1.01.06.000006,-33.0217
02/2026,999,5.1.01.06.000008,0.0
02/2026,999,5.1.01.07.000001,0.0
02/2026,999,5.1.01.07.000002,0.0
02/2026,999,5.1.01.07.000003,-13.03248
02/2026,999,5.1.01.07.000004,0.0
02/2026,999,5.1.01.07.000005,0.0
02/2026,999,5.1.01.07.000007,0.0
02/2026,999,5.1.01.07.000008,0.0
02/2026,999,5.1.01.07.000010,-53.81752
02/2026,999,5.1.01.07.000014,0.0
02/2026,999,5.1.01.07.000015,-0.72
02/2026,999,5.1.01.07.000020,0.0
02/2026,999,5.1.01.07.000021,0.0
02/2026,999,5.1.01.08.000001,-0.496
02/2026,999,5.1.01.08.000002,0.0
02/2026,999,5.1.01.08.000003,0.0
02/2026,999,5.1.01.08.000004,-0.23
02/2026,999,5.1.01.08.000005,-237.22213
02/2026,999,5.1.01.09.000001,0.0
02/2026,999,5.1.01.09.000003,0.0
02/2026,999,5.1.01.09.000005,0.0
02/2026,999,5.1.01.09.000007,0.0
02/2026,999,5.1.01.09.000008,0.0
02/2026,999,5.1.01.10.000002,0.0
02/2026,999,5.1.01.10.000003,0.0
02/2026,999,5.1.01.10.000004,0.0
02/2026,999,5.1.01.11.000001,0.0
02/2026,999,5.1.01.11.000003,-10.24854
02/2026,999,5.1.01.11.000004,0.0
02/2026,999,5.1.01.11.000006,-3.85005
02/2026,999,5.1.01.11.000007,-15.5018
02/2026,999,5.1.01.11.000008,-1.63799
02/2026,999,5.1.01.11.000010,0.0
02/2026,999,5.1.01.11.000012,0.0
02/2026,999,5.1.01.11.000013,0.0
02/2026,999,5.1.01.11.000014,0.0
02/2026,999,5.1.01.11.000015,0.0
02/2026,999,5.1.01.11.000021,-0.1056
02/2026,999,5.1.01.11.000022,0.0
02/2026,999,5.1.01.11.000025,0.0
02/2026,999,5.1.01.11.000026,0.0
02/2026,999,5.1.01.11.000027,-0.98444
02/2026,999,5.1.01.11.000030,0.0
02/2026,999,5.1.01.11.000031,-2469.26787
02/2026,999,5.1.01.12.000003,0.0
02/2026,999,5.1.01.12.000008,0.0
02/2026,999,5.1.01.12.000009,0.0
02/2026,999,5.1.01.12.000019,0.0
02/2026,999,5.1.01.12.000021,0.0
02/2026,999,5.1.01.13.000001,0.0
02/2026,999,5.1.01.14.000001,0.0
02/2026,999,5.1.01.14.000002,0.0
02/2026,999,5.1.01.14.000003,0.0
02/2026,999,5.1.02.01.000006,0.0
02/2026,999,5.1.02.01.000009,0.0
02/2026,999,5.1.02.01.000010,0.0
02/2026,999,5.1.02.01.000011,0.0
02/2026,999,5.1.02.01.000012,7.21213
02/2026,999,5.1.03.01.000001,-15.43264
02/2026,999,5.1.03.01.000002,-2.05816
02/2026,999,5.1.03.01.000003,-62.78268
02/2026,999,5.1.03.01.000004,-4147.68727
02/2026,999,5.1.03.01.000005,-6.94788
02/2026,999,5.1.03.01.000007,-0.62908
02/2026,999,5.1.03.02.000001,-14.31648
02/2026,999,5.1.04.01.000001,-10.48481
02/2026,999,5.1.04.01.000002,0.0
02/2026,999,5.1.04.01.000004,-718.98682
02/2026,999,5.1.04.01.000005,0.0
02/2026,999,5.1.04.01.000006,-1.87862
02/2026,999,5.1.04.01.000007,0.0
02/2026,999,5.1.04.01.000009,0.0
02/2026,999,5.1.04.01.000010,0.0
02/2026,999,5.1.04.01.000011,0.0
02/2026,999,5.1.04.01.000014,-1655.04153
02/2026,999,5.1.04.01.000015,-0.1195
02/2026,999,5.1.04.01.000016,0.0
02/2026,999,5.1.04.01.000017,0.0
02/2026,999,5.1.04.02.000001,131.27248
02/2026,999,5.1.04.02.000002,0.00046
02/2026,999,5.1.04.02.000003,0.03494
02/2026,999,5.2.01.01.000001,3.48154
02/2026,999,5.9.01.01.000001,0.0
02/2026,999,5.9.01.01.000002,0.0
02/2026,999,5.9.01.02.000001,0.0
02/2026,999,5.9.01.02.000002,0.0
03/2022,6,3.1.01.01.000002,1590.68843
03/2022,6,3.1.01.01.000003,0.0
03/2022,6,3.1.02.02.000002,-31.81376
03/2022,6,3.1.02.02.000003,-26.24684
03/2022,6,3.1.02.02.000004,-120.8945
03/2022,6,3.1.02.02.000009,-0.0
03/2022,6,3.1.02.02.000010,0.0
03/2022,6,3.1.03.02.000003,0.0
03/2022,6,4.1.01.01.000001,-268.02858
03/2022,6,4.1.01.01.000002,0.0
03/2022,6,4.1.01.01.000003,0.0
03/2022,6,4.1.01.01.000009,0.0
03/2022,6,4.1.01.02.000001,-69.68999
03/2022,6,4.1.01.02.000002,-18.69141
03/2022,6,4.1.01.02.000003,-4.36418
03/2022,6,4.1.01.02.000004,-0.36462
03/2022,6,4.1.01.02.000006,0.0
03/2022,6,4.1.01.02.000007,-2.0
03/2022,6,4.1.01.03.000001,-22.76071
03/2022,6,4.1.01.03.000003,0.0
03/2022,6,4.1.01.03.000004,0.0
03/2022,6,4.1.01.03.000006,-1.4875
03/2022,6,4.1.01.03.000009,-3.472
03/2022,6,4.1.01.03.000010,-0.088
03/2022,6,4.1.01.04.000004,0.0
03/2022,6,4.1.01.05.000001,0.0
03/2022,6,4.1.01.05.000002,-0.2998
03/2022,6,4.1.01.05.000003,0.0
03/2022,6,4.1.01.05.000006,-595.1513
03/2022,6,4.1.01.06.000001,0.0
03/2022,6,4.1.01.06.000002,0.0
03/2022,6,4.1.01.06.000004,-30.22
03/2022,6,4.1.01.07.000007,0.0
03/2022,6,4.1.01.07.000012,0.0
03/2022,6,4.1.01.07.000013,0.0
03/2022,6,4.1.01.07.000014,-0.42
03/2022,6,4.1.01.08.000001,0.0
03/2022,6,4.1.01.08.000004,-71.04363
03/2022,6,4.1.01.08.000005,0.0
03/2022,6,4.1.01.08.000006,0.0
03/2022,6,4.1.01.11.000002,-12.80188
03/2022,6,4.1.01.11.000008,0.0
03/2022,6,4.1.01.11.000009,-1.40048
03/2022,6,4.1.01.11.000025,0.0
03/2022,6,5.1.01.01.000001,0.0
03/2022,6,5.1.01.01.000003,0.0
03/2022,6,5.1.01.01.000004,0.0
03/2022,6,5.1.01.02.000001,0.0
03/2022,6,5.1.01.02.000002,0.0
03/2022,6,5.1.01.02.000004,-0.39817
03/2022,6,5.1.01.02.000005,0.0
03/2022,6,5.1.01.02.000007,0.0
03/2022,6,5.1.01.03.000001,0.0
03/2022,6,5.1.01.03.000004,-1.634
03/2022,6,5.1.01.03.000006,0.0
03/2022,6,5.1.01.03.000009,0.0
03/2022,6,5.1.01.03.000010,-7.0058
03/2022,6,5.1.01.04.000001,0.0
03/2022,6,5.1.01.04.000002,0.0
03/2022,6,5.1.01.04.000004,0.0
03/2022,6,5.1.01.05.000001,-0.26
03/2022,6,5.1.01.05.000002,0.0
03/2022,6,5.1.01.05.000006,0.0
03/2022,6,5.1.01.06.000004,0.0
03/2022,6,5.1.01.06.000007,0.0
03/2022,6,5.1.01.07.000007,0.0
03/2022,6,5.1.01.07.000012,0.0
03/2022,6,5.1.01.08.000001,0.0
03/2022,6,5.1.01.08.000004,0.0
03/2022,6,5.1.01.08.000005,0.0
03/2022,6,5.1.01.11.000001,-0.14306
03/2022,6,5.1.01.11.000002,0.0
03/2022,6,5.1.01.11.000005,-1.0
03/2022,6,5.1.01.11.000006,-1.91468
03/2022,6,5.1.01.11.000007,0.0
03/2022,6,5.1.01.11.000008,0.0
03/2022,6,5.1.01.11.000009,0.0
03/2022,6,5.1.01.11.000012,0.0
03/2022,6,5.1.01.11.000014,0.0
03/2022,6,5.1.01.11.000015,0.0
03/2022,6,5.1.01.11.000016,0.0
03/2022,6,5.1.01.11.000017,0.0
03/2022,6,5.1.01.11.000021,0.0
03/2022,6,5.1.01.11.000022,-0.04125
03/2022,6,5.1.01.11.000025,0.0
03/2022,6,5.1.01.11.000027,0.0
03/2022,6,5.1.01.12.000001,-3.4782
03/2022,6,5.1.01.12.000009,0.0
03/2022,6,5.1.01.12.000011,-0.3019
03/2022,6,5.1.01.12.000020,-0.0032
03/2022,6,5.1.03.01.000004,-784.66943
03/2022,6,5.1.04.01.000001,-0.006
03/2022,6,5.1.04.01.000004,-22.31963
03/2022,6,5.1.04.01.000005,0.0
03/2022,6,5.1.04.01.000006,-0.00202
03/2022,6,5.1.04.01.000013,0.0
03/2022,6,5.1.04.01.000014,0.0
03/2022,6,5.1.04.02.000001,0.02864
03/2022,6,5.1.04.02.000002,0.0
03/2022,999,3.1.01.01.000002,490.55432
03/2022,999,3.1.01.01.000003,46.5935
03/2022,999,3.1.01.01.000004,73.62187
03/2022,999,3.1.01.01.000006,60.50236
03/2022,999,3.1.01.01.000008,0.0
03/2022,999,3.1.01.01.000009,75.0
03/2022,999,3.1.01.01.000010,0.0
03/2022,999,3.1.01.01.000011,0.0
03/2022,999,3.1.01.01.000012,509.92896
03/2022,999,3.1.01.01.000013,17756.87449
03/2022,999,3.1.02.01.000001,0.0
03/2022,999,3.1.02.02.000005,-14.20905
03/2022,999,3.1.02.02.000008,-68.20102
03/2022,999,3.1.02.02.000010,-26.67991
03/2022,999,3.1.02.02.000011,-9.23556
03/2022,999,3.1.02.02.000012,-42.60499
03/2022,999,3.1.02.02.000013,-0.24645
03/2022,999,3.1.02.02.000014,-0.12322
03/2022,999,3.1.03.01.000007,0.0
03/2022,999,3.1.03.01.000011,0.0
03/2022,999,3.1.03.02.000003,0.0
03/2022,999,3.2.01.01.000001,2486.0
03/2022,999,3.2.01.01.000005,0.0
03/2022,999,3.2.01.02.000001,200.0
03/2022,999,3.2.01.02.000002,9.65368
03/2022,999,3.2.01.02.000003,3.16994
03/2022,999,3.2.01.02.000004,27.92683
03/2022,999,4.1.01.01.000001,-345.7777
03/2022,999,4.1.01.01.000003,-24.79393
03/2022,999,4.1.01.01.000007,-4.41366
03/2022,999,4.1.01.02.000001,-105.78656
03/2022,999,4.1.01.02.000002,-30.56815
03/2022,999,4.1.01.02.000003,-5.71217
03/2022,999,4.1.01.02.000004,0.0
03/2022,999,4.1.01.02.000005,-41.40168
03/2022,999,4.1.01.02.000007,-7.28103
03/2022,999,4.1.01.03.000001,0.0
03/2022,999,4.1.01.03.000003,-6.84
03/2022,999,4.1.01.03.000004,-12.12766
03/2022,999,4.1.01.03.000005,-6.84638
03/2022,999,4.1.01.03.000006,0.0
03/2022,999,4.1.01.03.000008,0.0
03/2022,999,4.1.01.03.000009,-126.50698
03/2022,999,4.1.01.03.000010,-1.525
03/2022,999,4.1.01.03.000013,0.0
03/2022,999,4.1.01.04.000002,0.0
03/2022,999,4.1.01.04.000004,-4.436
03/2022,999,4.1.01.05.000001,-4.42
03/2022,999,4.1.01.05.000002,0.0
03/2022,999,4.1.01.05.000003,-2.05563
03/2022,999,4.1.01.05.000004,0.0
03/2022,999,4.1.01.05.000005,0.0
03/2022,999,4.1.01.05.000006,-703.63592
03/2022,999,4.1.01.05.000007,-203.232
03/2022,999,4.1.01.06.000001,0.0
03/2022,999,4.1.01.06.000002,-31.75045
03/2022,999,4.1.01.06.000003,-2.81
03/2022,999,4.1.01.06.000004,-200.9874
03/2022,999,4.1.01.07.000001,-2.50413
03/2022,999,4.1.01.07.000002,0.0
03/2022,999,4.1.01.07.000003,-59.94103
03/2022,999,4.1.01.07.000004,-4.80555
03/2022,999,4.1.01.07.000005,-114.33691
03/2022,999,4.1.01.07.000006,-6.3
03/2022,999,4.1.01.07.000007,-3.36464
03/2022,999,4.1.01.07.000008,0.0
03/2022,999,4.1.01.07.000009,-2.1964
03/2022,999,4.1.01.07.000010,-85.80938
03/2022,999,4.1.01.07.000011,-2.1144
03/2022,999,4.1.01.07.000012,-0.33415
03/2022,999,4.1.01.07.000013,-34.20565
03/2022,999,4.1.01.07.000014,-57.41506
03/2022,999,4.1.01.07.000015,0.0
03/2022,999,4.1.01.07.000016,-24.0
03/2022,999,4.1.01.07.000017,-3.67587
03/2022,999,4.1.01.07.000018,0.0
03/2022,999,4.1.01.07.000019,-10.38
03/2022,999,4.1.01.08.000001,-2.7654
03/2022,999,4.1.01.08.000002,0.0
03/2022,999,4.1.01.08.000003,0.0
03/2022,999,4.1.01.08.000004,-2284.17854
03/2022,999,4.1.01.08.000005,0.0
03/2022,999,4.1.01.09.000004,-73.83965
03/2022,999,4.1.01.10.000001,0.0
03/2022,999,4.1.01.10.000003,-0.93
03/2022,999,4.1.01.10.000004,-0.74279
03/2022,999,4.1.01.10.000005,0.0
03/2022,999,4.1.01.11.000002,-815.18987
03/2022,999,4.1.01.11.000003,-0.1775
03/2022,999,4.1.01.11.000004,0.0
03/2022,999,4.1.01.11.000009,-64.12783
03/2022,999,4.1.01.11.000010,0.0
03/2022,999,4.1.01.11.000017,0.0
03/2022,999,4.1.01.11.000019,-8.56424
03/2022,999,4.1.01.11.000020,-85.54076
03/2022,999,4.1.01.11.000021,0.0
03/2022,999,4.1.01.11.000025,-1.62999
03/2022,999,4.1.01.11.000026,0.0
03/2022,999,4.1.01.12.000001,-452.72735
03/2022,999,4.1.01.12.000002,-2033.66059
03/2022,999,4.1.01.13.000001,-1235.59302
03/2022,999,4.1.01.13.000002,-188.44512
03/2022,999,4.1.01.13.000003,0.0
03/2022,999,4.1.01.13.000004,-6.19825
03/2022,999,4.1.01.13.000005,-214.52076
03/2022,999,5.1.01.01.000003,0.0
03/2022,999,5.1.01.01.000008,0.0
03/2022,999,5.1.01.01.000020,-189.95838
03/2022,999,5.1.01.01.000021,-3.636
03/2022,999,5.1.01.01.000022,-14.21476
03/2022,999,5.1.01.02.000003,-3.27489
03/2022,999,5.1.01.02.000006,0.0
03/2022,999,5.1.01.02.000007,-0.62278
03/2022,999,5.1.01.02.000020,-60.67471
03/2022,999,5.1.01.02.000021,-17.52523
03/2022,999,5.1.01.02.000022,-30.35466
03/2022,999,5.1.01.03.000001,-40.59171
03/2022,999,5.1.01.03.000004,-9.32498
03/2022,999,5.1.01.03.000006,-2.219
03/2022,999,5.1.01.03.000008,0.0
03/2022,999,5.1.01.03.000009,-61.35459
03/2022,999,5.1.01.03.000010,-16.52401
03/2022,999,5.1.01.03.000012,0.0
03/2022,999,5.1.01.03.000013,0.0
03/2022,999,5.1.01.03.000014,-12.75741
03/2022,999,5.1.01.04.000001,0.0
03/2022,999,5.1.01.04.000002,0.0
03/2022,999,5.1.01.04.000003,0.0
03/2022,999,5.1.01.04.000004,-15.159
03/2022,999,5.1.01.05.000001,-15.89465
03/2022,999,5.1.01.05.000002,-11.59926
03/2022,999,5.1.01.05.000003,-9.869
03/2022,999,5.1.01.05.000004,-38.04229
03/2022,999,5.1.01.05.000005,0.0
03/2022,999,5.1.01.05.000006,0.0
03/2022,999,5.1.01.05.000007,0.0
03/2022,999,5.1.01.05.000009,-0.135
03/2022,999,5.1.01.06.000001,-52.7966
03/2022,999,5.1.01.06.000002,0.0
03/2022,999,5.1.01.06.000003,0.0
03/2022,999,5.1.01.06.000004,-75.02256
03/2022,999,5.1.01.06.000005,-16.45472
03/2022,999,5.1.01.06.000006,-39.837
03/2022,999,5.1.01.06.000008,-20.26933
03/2022,999,5.1.01.07.000001,0.0
03/2022,999,5.1.01.07.000002,0.0
03/2022,999,5.1.01.07.000003,-25.50818
03/2022,999,5.1.01.07.000004,-2.43966
03/2022,999,5.1.01.07.000005,-1.41312
03/2022,999,5.1.01.07.000007,0.0
03/2022,999,5.1.01.07.000008,0.0
03/2022,999,5.1.01.07.000010,-42.50584
03/2022,999,5.1.01.07.000014,0.0
03/2022,999,5.1.01.07.000015,-1.36566
03/2022,999,5.1.01.07.000020,0.0
03/2022,999,5.1.01.07.000021,0.0
03/2022,999,5.1.01.08.000001,-1.165
03/2022,999,5.1.01.08.000002,-0.1
03/2022,999,5.1.01.08.000003,0.0
03/2022,999,5.1.01.08.000004,0.0
03/2022,999,5.1.01.08.000005,-51.66485
03/2022,999,5.1.01.09.000001,0.0
03/2022,999,5.1.01.09.000003,-9.0
03/2022,999,5.1.01.09.000008,0.0
03/2022,999,5.1.01.10.000002,0.0
03/2022,999,5.1.01.10.000003,0.0
03/2022,999,5.1.01.10.000004,-0.79163
03/2022,999,5.1.01.11.000001,-5.6167
03/2022,999,5.1.01.11.000003,-18.53789
03/2022,999,5.1.01.11.000004,0.0
03/2022,999,5.1.01.11.000006,-0.5
03/2022,999,5.1.01.11.000007,-27.05676
03/2022,999,5.1.01.11.000008,-1.52588
03/2022,999,5.1.01.11.000012,0.0
03/2022,999,5.1.01.11.000013,0.0
03/2022,999,5.1.01.11.000014,-0.0343
03/2022,999,5.1.01.11.000015,0.0
03/2022,999,5.1.01.11.000021,0.0
03/2022,999,5.1.01.11.000022,-9.5449
03/2022,999,5.1.01.11.000026,0.0
03/2022,999,5.1.01.11.000027,-0.02027
03/2022,999,5.1.01.11.000031,-3651.38444
03/2022,999,5.1.01.12.000003,0.0
03/2022,999,5.1.01.12.000008,0.0
03/2022,999,5.1.01.12.000009,-2431.07845
03/2022,999,5.1.01.12.000019,0.0
03/2022,999,5.1.02.01.000006,-3.26518
03/2022,999,5.1.03.01.000001,-0.80643
03/2022,999,5.1.03.01.000002,-1.0887
03/2022,999,5.1.03.01.000004,-8922.23036
03/2022,999,5.1.03.01.000005,-0.52656
03/2022,999,5.1.04.01.000001,-12.9606
03/2022,999,5.1.04.01.000002,-0.165
03/2022,999,5.1.04.01.000004,-635.0098
03/2022,999,5.1.04.01.000005,-0.4338
03/2022,999,5.1.04.01.000006,-615.44104
03/2022,999,5.1.04.01.000007,0.0
03/2022,999,5.1.04.01.000010,-0.36
03/2022,999,5.1.04.01.000011,-388.27283
03/2022,999,5.1.04.02.000001,21.4882
03/2022,999,5.1.04.02.000002,31.7028
03/2022,999,5.1.04.02.000003,0.01
03/2023,6,3.1.01.01.000002,1733.34156
03/2023,6,3.1.01.01.000003,0.0
03/2023,6,3.1.02.02.000002,0.0
03/2023,6,3.1.02.02.000003,0.0
03/2023,6,3.1.02.02.000004,0.0
03/2023,6,3.1.02.02.000009,0.0
03/2023,6,3.1.02.02.000010,-34.66683
03/2023,6,3.1.03.02.000003,1.0
03/2023,6,3.2.01.01.000001,0.0
03/2023,6,4.1.01.01.000001,-262.89654
03/2023,6,4.1.01.01.000002,0.0
03/2023,6,4.1.01.01.000003,-22.68941
03/2023,6,4.1.01.01.000009,-21.23283
03/2023,6,4.1.01.01.000010,0.0
03/2023,6,4.1.01.02.000001,-80.71724
03/2023,6,4.1.01.02.000002,-23.24782
03/2023,6,4.1.01.02.000003,-3.10241
03/2023,6,4.1.01.02.000004,0.0
03/2023,6,4.1.01.02.000006,0.0
03/2023,6,4.1.01.02.000007,0.0
03/2023,6,4.1.01.03.000001,-15.18
03/2023,6,4.1.01.03.000003,0.0
03/2023,6,4.1.01.03.000004,-1.18047
03/2023,6,4.1.01.03.000006,-2.282
03/2023,6,4.1.01.03.000009,-45.62401
03/2023,6,4.1.01.03.000010,-9.99
03/2023,6,4.1.01.04.000004,-4.292
03/2023,6,4.1.01.05.000001,0.0
03/2023,6,4.1.01.05.000002,0.0
03/2023,6,4.1.01.05.000003,0.0
03/2023,6,4.1.01.05.000006,-563.25205
03/2023,6,4.1.01.06.000001,-2.29
03/2023,6,4.1.01.06.000002,0.0
03/2023,6,4.1.01.06.000004,-32.91
03/2023,6,4.1.01.07.000007,0.0
03/2023,6,4.1.01.07.000012,-0.28022
03/2023,6,4.1.01.07.000013,-0.6
03/2023,6,4.1.01.07.000014,0.0
03/2023,6,4.1.01.08.000001,0.0
03/2023,6,4.1.01.08.000004,-160.98326
03/2023,6,4.1.01.08.000005,-0.362
03/2023,6,4.1.01.08.000006,0.0
03/2023,6,4.1.01.11.000002,-0.01867
03/2023,6,4.1.01.11.000008,-8.44794
03/2023,6,4.1.01.11.000009,-0.07468
03/2023,6,4.1.01.11.000025,0.0
03/2023,6,5.1.01.01.000001,-17.93117
03/2023,6,5.1.01.01.000003,0.0
03/2023,6,5.1.01.01.000004,0.0
03/2023,6,5.1.01.01.000023,0.0
03/2023,6,5.1.01.01.000024,0.0
03/2023,6,5.1.01.02.000001,-4.98242
03/2023,6,5.1.01.02.000002,-1.46004
03/2023,6,5.1.01.02.000004,0.0
03/2023,6,5.1.01.02.000005,0.0
03/2023,6,5.1.01.02.000007,-0.09662
03/2023,6,5.1.01.03.000001,0.0
03/2023,6,5.1.01.03.000004,0.0
03/2023,6,5.1.01.03.000006,0.0
03/2023,6,5.1.01.03.000009,0.0
03/2023,6,5.1.01.03.000010,0.0
03/2023,6,5.1.01.04.000001,0.0
03/2023,6,5.1.01.04.000002,0.0
03/2023,6,5.1.01.04.000004,0.0
03/2023,6,5.1.01.05.000001,-0.12199
03/2023,6,5.1.01.05.000002,0.0
03/2023,6,5.1.01.05.000006,0.0
03/2023,6,5.1.01.05.000009,0.0
03/2023,6,5.1.01.06.000004,0.0
03/2023,6,5.1.01.06.000007,0.0
03/2023,6,5.1.01.07.000007,-0.3151
03/2023,6,5.1.01.07.000012,0.0
03/2023,6,5.1.01.08.000001,0.0
03/2023,6,5.1.01.08.000004,0.0
03/2023,6,5.1.01.08.000005,0.0
03/2023,6,5.1.01.11.000001,0.0
03/2023,6,5.1.01.11.000002,0.0
03/2023,6,5.1.01.11.000005,0.0
03/2023,6,5.1.01.11.000006,-0.09662
03/2023,6,5.1.01.11.000007,-0.53081
03/2023,6,5.1.01.11.000008,0.0
03/2023,6,5.1.01.11.000009,0.0
03/2023,6,5.1.01.11.000012,0.0
03/2023,6,5.1.01.11.000014,0.0
03/2023,6,5.1.01.11.000015,0.0
03/2023,6,5.1.01.11.000016,-19.09104
03/2023,6,5.1.01.11.000017,-87.93442
03/2023,6,5.1.01.11.000021,-0.1065
03/2023,6,5.1.01.11.000022,0.0
03/2023,6,5.1.01.11.000025,-0.26254
03/2023,6,5.1.01.11.000027,0.0
03/2023,6,5.1.01.12.000001,0.0
03/2023,6,5.1.01.12.000009,0.0
03/2023,6,5.1.01.12.000011,0.0
03/2023,6,5.1.01.12.000020,0.0
03/2023,6,5.1.03.01.000004,-542.72844
03/2023,6,5.1.04.01.000001,-3.85861
03/2023,6,5.1.04.01.000004,-31.82174
03/2023,6,5.1.04.01.000005,-1e-05
03/2023,6,5.1.04.01.000006,-0.00307
03/2023,6,5.1.04.01.000013,0.0
03/2023,6,5.1.04.01.000014,-55.49537
03/2023,6,5.1.04.02.000001,0.00375
03/2023,6,5.1.04.02.000002,0.30301
03/2023,6,5.2.01.01.000001,-25.24607
03/2023,7,3.1.01.01.000005,3420.09375
03/2023,7,3.1.02.01.000001,-2.42954
03/2023,7,3.2.01.01.000003,7.5
03/2023,7,3.2.01.02.000003,0.0
03/2023,7,4.1.02.01.000001,-48.19094
03/2023,7,4.1.02.01.000003,-2.32268
03/2023,7,4.1.02.01.000009,0.0
03/2023,7,4.1.02.01.000010,0.0
03/2023,7,4.1.02.02.000001,-19.85854
03/2023,7,4.1.02.02.000002,-4.16174
03/2023,7,4.1.02.02.000003,-0.94739
03/2023,7,4.1.02.02.000005,-7.15515
03/2023,7,4.1.02.02.000006,0.0
03/2023,7,4.1.02.02.000008,0.0
03/2023,7,4.1.02.03.000004,-1.21896
03/2023,7,4.1.02.03.000006,-1.097
03/2023,7,4.1.02.03.000009,-7.7746
03/2023,7,4.1.02.03.000010,0.0
03/2023,7,4.1.02.03.000013,0.0
03/2023,7,4.1.02.05.000001,-1.0137
03/2023,7,4.1.02.05.000002,-1.134
03/2023,7,4.1.02.05.000003,-0.39333
03/2023,7,4.1.02.05.000004,-0.14
03/2023,7,4.1.02.05.000005,0.0
03/2023,7,4.1.02.05.000006,-2534.01735
03/2023,7,4.1.02.05.000007,-0.69066
03/2023,7,4.1.02.05.000009,0.0
03/2023,7,4.1.02.06.000001,-2.25
03/2023,7,4.1.02.06.000004,-261.95826
03/2023,7,4.1.02.07.000003,-7.9686
03/2023,7,4.1.02.07.000004,-0.41545
03/2023,7,4.1.02.07.000007,0.0
03/2023,7,4.1.02.07.000010,-6.76944
03/2023,7,4.1.02.07.000016,-36.22301
03/2023,7,4.1.02.08.000001,-5.53085
03/2023,7,4.1.02.08.000005,-0.3771
03/2023,7,5.1.01.05.000005,0.0
03/2023,7,5.1.01.05.000009,-0.135
03/2023,7,5.1.01.07.000007,-0.33387
03/2023,7,5.1.01.11.000005,-0.45
03/2023,7,5.1.01.11.000006,0.0
03/2023,7,5.1.01.11.000007,-0.05
03/2023,7,5.1.01.11.000008,-0.51861
03/2023,7,5.1.01.11.000016,-0.12375
03/2023,7,5.1.01.11.000017,-0.57
03/2023,7,5.1.01.13.000001,-11.94444
03/2023,7,5.1.04.01.000001,-4.18039
03/2023,7,5.1.04.01.000002,-43.08102
03/2023,7,5.1.04.01.000004,-58.01605
03/2023,7,5.1.04.01.000005,-18.24098
03/2023,7,5.1.04.01.000006,-2.25122
03/2023,7,5.1.04.01.000014,-37.22768
03/2023,7,5.1.04.02.000001,0.02494
03/2023,7,5.1.04.02.000002,0.8971
03/2023,7,5.1.04.02.000003,0.17826
03/2023,7,5.2.01.01.000001,-93.79884
03/2023,7,5.9.01.01.000001,0.0
03/2023,7,5.9.01.02.000001,0.0
03/2023,999,3.1.01.01.000002,494.98629
03/2023,999,3.1.01.01.000003,2.685
03/2023,999,3.1.01.01.000004,9.38259
03/2023,999,3.1.01.01.000006,1.0
03/2023,999,3.1.01.01.000008,0.0
03/2023,999,3.1.01.01.000009,0.0
03/2023,999,3.1.01.01.000010,0.0
03/2023,999,3.1.01.01.000011,0.0
03/2023,999,3.1.01.01.000012,0.0
03/2023,999,3.1.01.01.000013,29246.58168
03/2023,999,3.1.02.01.000001,0.0
03/2023,999,3.1.02.02.000005,0.0
03/2023,999,3.1.02.02.000008,0.0
03/2023,999,3.1.02.02.000010,-24.88356
03/2023,999,3.1.02.02.000011,0.0
03/2023,999,3.1.02.02.000012,0.0
03/2023,999,3.1.02.02.000013,-0.79502
03/2023,999,3.1.02.02.000014,-0.39751
03/2023,999,3.1.03.01.000007,0.0
03/2023,999,3.1.03.01.000011,0.0
03/2023,999,3.1.03.02.000003,0.0
03/2023,999,3.2.01.01.000001,3138.0
03/2023,999,3.2.01.01.000005,9.057
03/2023,999,3.2.01.02.000001,200.0
03/2023,999,3.2.01.02.000002,0.0
03/2023,999,3.2.01.02.000003,119.625
03/2023,999,3.2.01.02.000004,0.0
03/2023,999,4.1.01.01.000001,-449.58787
03/2023,999,4.1.01.01.000002,0.0
03/2023,999,4.1.01.01.000003,-28.02373
03/2023,999,4.1.01.01.000007,0.0
03/2023,999,4.1.01.01.000009,-57.68932
03/2023,999,4.1.01.01.000010,0.0
03/2023,999,4.1.01.02.000001,-139.08155
03/2023,999,4.1.01.02.000002,-42.04467
03/2023,999,4.1.01.02.000003,-6.13255
03/2023,999,4.1.01.02.000004,0.0
03/2023,999,4.1.01.02.000005,0.0
03/2023,999,4.1.01.02.000007,-1.0587
03/2023,999,4.1.01.03.000001,-46.41647
03/2023,999,4.1.01.03.000003,0.0
03/2023,999,4.1.01.03.000004,-6.10526
03/2023,999,4.1.01.03.000005,-15.59014
03/2023,999,4.1.01.03.000006,-8.177
03/2023,999,4.1.01.03.000008,-1.65
03/2023,999,4.1.01.03.000009,-51.31786
03/2023,999,4.1.01.03.000010,-16.25702
03/2023,999,4.1.01.03.000013,-0.05353
03/2023,999,4.1.01.04.000002,-1.11758
03/2023,999,4.1.01.04.000004,-52.888
03/2023,999,4.1.01.05.000001,-3.6622
03/2023,999,4.1.01.05.000002,-3.81633
03/2023,999,4.1.01.05.000003,-0.941
03/2023,999,4.1.01.05.000004,-1.4975
03/2023,999,4.1.01.05.000005,-2.0847
03/2023,999,4.1.01.05.000006,-1631.0776
03/2023,999,4.1.01.05.000007,-202.917
03/2023,999,4.1.01.05.000008,0.0
03/2023,999,4.1.01.06.000001,-18.0
03/2023,999,4.1.01.06.000002,-40.0427
03/2023,999,4.1.01.06.000003,0.0
03/2023,999,4.1.01.06.000004,-108.27944
03/2023,999,4.1.01.07.000001,-0.93164
03/2023,999,4.1.01.07.000002,-0.18996
03/2023,999,4.1.01.07.000003,-50.66253
03/2023,999,4.1.01.07.000004,-75.97813
03/2023,999,4.1.01.07.000005,-29.61897
03/2023,999,4.1.01.07.000006,-5.8
03/2023,999,4.1.01.07.000007,-4.1014
03/2023,999,4.1.01.07.000008,-0.132
03/2023,999,4.1.01.07.000009,0.0
03/2023,999,4.1.01.07.000010,0.0
03/2023,999,4.1.01.07.000011,-0.6
03/2023,999,4.1.01.07.000012,-0.66578
03/2023,999,4.1.01.07.000013,-21.55612
03/2023,999,4.1.01.07.000014,-293.8716
03/2023,999,4.1.01.07.000015,0.0
03/2023,999,4.1.01.07.000016,-6.0
03/2023,999,4.1.01.07.000017,-8.5
03/2023,999,4.1.01.07.000018,0.0
03/2023,999,4.1.01.07.000019,0.0
03/2023,999,4.1.01.07.000020,-10.32
03/2023,999,4.1.01.08.000001,-16.628
03/2023,999,4.1.01.08.000002,-16.31579
03/2023,999,4.1.01.08.000003,0.0
03/2023,999,4.1.01.08.000004,-1520.61088
03/2023,999,4.1.01.08.000005,-33.22917
03/2023,999,4.1.01.09.000004,-31.57686
03/2023,999,4.1.01.10.000001,-2.738
03/2023,999,4.1.01.10.000003,0.0
03/2023,999,4.1.01.10.000004,0.0
03/2023,999,4.1.01.10.000005,0.0
03/2023,999,4.1.01.11.000002,-51.7639
03/2023,999,4.1.01.11.000003,0.0
03/2023,999,4.1.01.11.000004,0.0
03/2023,999,4.1.01.11.000007,-0.06286
03/2023,999,4.1.01.11.000009,-23.1
03/2023,999,4.1.01.11.000010,0.0
03/2023,999,4.1.01.11.000017,0.0
03/2023,999,4.1.01.11.000019,0.0
03/2023,999,4.1.01.11.000020,0.0
03/2023,999,4.1.01.11.000021,0.0
03/2023,999,4.1.01.11.000025,-14.563
03/2023,999,4.1.01.11.000026,0.0
03/2023,999,4.1.01.12.000001,-12.53237
03/2023,999,4.1.01.12.000002,-7.9021
03/2023,999,4.1.01.13.000001,-0.30848
03/2023,999,4.1.01.13.000002,0.0
03/2023,999,4.1.01.13.000003,0.0
03/2023,999,4.1.01.13.000004,0.0
03/2023,999,4.1.01.13.000005,0.0
03/2023,999,5.1.01.01.000001,-274.09123
03/2023,999,5.1.01.01.000003,0.0
03/2023,999,5.1.01.01.000004,-15.31307
03/2023,999,5.1.01.01.000008,0.0
03/2023,999,5.1.01.01.000012,0.0
03/2023,999,5.1.01.01.000020,0.0
03/2023,999,5.1.01.01.000021,0.0
03/2023,999,5.1.01.01.000022,0.0
03/2023,999,5.1.01.01.000023,-31.92412
03/2023,999,5.1.01.01.000024,0.0
03/2023,999,5.1.01.02.000001,-84.64657
03/2023,999,5.1.01.02.000002,-22.56164
03/2023,999,5.1.01.02.000003,-2.9746
03/2023,999,5.1.01.02.000006,0.0
03/2023,999,5.1.01.02.000007,-4.4103
03/2023,999,5.1.01.02.000020,0.0
03/2023,999,5.1.01.02.000021,0.0
03/2023,999,5.1.01.02.000022,0.0
03/2023,999,5.1.01.03.000001,0.0
03/2023,999,5.1.01.03.000004,-6.77099
03/2023,999,5.1.01.03.000006,0.0
03/2023,999,5.1.01.03.000008,0.0
03/2023,999,5.1.01.03.000009,-25.438
03/2023,999,5.1.01.03.000010,-14.83712
03/2023,999,5.1.01.03.000012,0.0
03/2023,999,5.1.01.03.000013,-0.12
03/2023,999,5.1.01.03.000014,0.0
03/2023,999,5.1.01.04.000001,-0.4
03/2023,999,5.1.01.04.000002,-0.57757
03/2023,999,5.1.01.04.000003,0.0
03/2023,999,5.1.01.04.000004,-42.0
03/2023,999,5.1.01.05.000001,-8.8
03/2023,999,5.1.01.05.000002,-1.36626
03/2023,999,5.1.01.05.000003,0.0
03/2023,999,5.1.01.05.000004,-2.647
03/2023,999,5.1.01.05.000005,-0.31213
03/2023,999,5.1.01.05.000006,-4.19788
03/2023,999,5.1.01.05.000007,-4.47219
03/2023,999,5.1.01.05.000009,-0.16
03/2023,999,5.1.01.06.000001,-2.99374
03/2023,999,5.1.01.06.000002,0.0
03/2023,999,5.1.01.06.000003,0.0
03/2023,999,5.1.01.06.000004,0.0
03/2023,999,5.1.01.06.000005,-4.557
03/2023,999,5.1.01.06.000006,-42.78618
03/2023,999,5.1.01.06.000008,0.0
03/2023,999,5.1.01.07.000001,0.0
03/2023,999,5.1.01.07.000002,0.0
03/2023,999,5.1.01.07.000003,0.0
03/2023,999,5.1.01.07.000004,-1.77159
03/2023,999,5.1.01.07.000005,0.0
03/2023,999,5.1.01.07.000007,-0.41696
03/2023,999,5.1.01.07.000008,0.0
03/2023,999,5.1.01.07.000010,-26.26496
03/2023,999,5.1.01.07.000014,0.0
03/2023,999,5.1.01.07.000015,-1.08
03/2023,999,5.1.01.07.000020,0.0
03/2023,999,5.1.01.07.000021,0.0
03/2023,999,5.1.01.08.000001,0.0
03/2023,999,5.1.01.08.000002,0.0
03/2023,999,5.1.01.08.000003,0.0
03/2023,999,5.1.01.08.000004,0.0
03/2023,999,5.1.01.08.000005,0.0
03/2023,999,5.1.01.09.000001,0.0
03/2023,999,5.1.01.09.000003,-9.0
03/2023,999,5.1.01.09.000008,0.0
03/2023,999,5.1.01.10.000002,0.0
03/2023,999,5.1.01.10.000003,0.0
03/2023,999,5.1.01.10.000004,0.0
03/2023,999,5.1.01.11.000001,0.0
03/2023,999,5.1.01.11.000003,-0.1935
03/2023,999,5.1.01.11.000004,0.0
03/2023,999,5.1.01.11.000006,-5.18109
03/2023,999,5.1.01.11.000007,-40.66118
03/2023,999,5.1.01.11.000008,-0.08088
03/2023,999,5.1.01.11.000012,0.0
03/2023,999,5.1.01.11.000013,0.0
03/2023,999,5.1.01.11.000014,0.0
03/2023,999,5.1.01.11.000015,0.0
03/2023,999,5.1.01.11.000021,-64.875
03/2023,999,5.1.01.11.000022,0.0
03/2023,999,5.1.01.11.000025,0.0
03/2023,999,5.1.01.11.000026,0.0
03/2023,999,5.1.01.11.000027,0.0
03/2023,999,5.1.01.11.000031,0.0
03/2023,999,5.1.01.12.000003,0.0
03/2023,999,5.1.01.12.000008,0.0
03/2023,999,5.1.01.12.000009,0.0
03/2023,999,5.1.01.12.000019,0.0
03/2023,999,5.1.01.13.000001,-4.11519
03/2023,999,5.1.01.14.000001,0.0
03/2023,999,5.1.01.14.000002,0.0
03/2023,999,5.1.02.01.000006,0.0
03/2023,999,5.1.02.01.000009,0.0
03/2023,999,5.1.02.01.000010,0.0
03/2023,999,5.1.02.01.000011,0.0
03/2023,999,5.1.03.01.000001,0.0
03/2023,999,5.1.03.01.000002,0.0
03/2023,999,5.1.03.01.000003,0.0
03/2023,999,5.1.03.01.000004,-13871.49221
03/2023,999,5.1.03.01.000005,0.0
03/2023,999,5.1.03.01.000007,0.0
03/2023,999,5.1.03.02.000001,-7.44483
03/2023,999,5.1.04.01.000001,-9.29862
03/2023,999,5.1.04.01.000002,0.0
03/2023,999,5.1.04.01.000004,-2154.85228
03/2023,999,5.1.04.01.000005,-0.00047
03/2023,999,5.1.04.01.000006,-4.42977
03/2023,999,5.1.04.01.000007,0.0
03/2023,999,5.1.04.01.000010,0.0
03/2023,999,5.1.04.01.000011,0.0
03/2023,999,5.1.04.01.000014,-3468.43751
03/2023,999,5.1.04.01.000015,-0.18529
03/2023,999,5.1.04.01.000016,-50.3
03/2023,999,5.1.04.01.000017,0.0
03/2023,999,5.1.04.02.000001,73.49906
03/2023,999,5.1.04.02.000002,21.2584
03/2023,999,5.1.04.02.000003,0.0
03/2023,999,5.2.01.01.000001,1292.72877
03/2023,999,5.9.01.01.000001,0.0
03/2023,999,5.9.01.01.000002,0.0
03/2023,999,5.9.01.02.000001,0.0
03/2023,999,5.9.01.02.000002,0.0
03/2024,6,3.1.01.01.000002,1601.73953
03/2024,6,3.1.01.01.000003,0.0
03/2024,6,3.1.02.02.000002,0.0
03/2024,6,3.1.02.02.000003,0.0
03/2024,6,3.1.02.02.000004,0.0
03/2024,6,3.1.02.02.000009,0.0
03/2024,6,3.1.02.02.000010,-32.03479
03/2024,6,3.1.03.02.000003,0.0
03/2024,6,3.2.01.01.000001,0.0
03/2024,6,4.1.01.01.000001,-272.80305
03/2024,6,4.1.01.01.000002,0.0
03/2024,6,4.1.01.01.000003,-9.6588
03/2024,6,4.1.01.01.000008,0.0
03/2024,6,4.1.01.01.000009,-17.92683
03/2024,6,4.1.01.01.000010,0.0
03/2024,6,4.1.01.02.000001,-79.06272
03/2024,6,4.1.01.02.000002,-28.62571
03/2024,6,4.1.01.02.000003,0.0
03/2024,6,4.1.01.02.000004,0.0
03/2024,6,4.1.01.02.000006,0.0
03/2024,6,4.1.01.02.000007,0.0
03/2024,6,4.1.01.03.000001,-14.05233
03/2024,6,4.1.01.03.000003,-28.845
03/2024,6,4.1.01.03.000004,-0.11826
03/2024,6,4.1.01.03.000006,-1.772
03/2024,6,4.1.01.03.000009,-0.297
03/2024,6,4.1.01.03.000010,0.0
03/2024,6,4.1.01.04.000004,-4.2
03/2024,6,4.1.01.05.000001,0.0
03/2024,6,4.1.01.05.000002,0.0
03/2024,6,4.1.01.05.000003,-2.5758
03/2024,6,4.1.01.05.000006,-522.84091
03/2024,6,4.1.01.06.000001,0.0
03/2024,6,4.1.01.06.000002,0.0
03/2024,6,4.1.01.06.000004,0.0
03/2024,6,4.1.01.07.000007,0.0
03/2024,6,4.1.01.07.000012,0.0
03/2024,6,4.1.01.07.000013,0.0
03/2024,6,4.1.01.07.000014,0.0
03/2024,6,4.1.01.07.000018,0.0
03/2024,6,4.1.01.08.000001,0.0
03/2024,6,4.1.01.08.000004,-94.26099
03/2024,6,4.1.01.08.000005,0.0
03/2024,6,4.1.01.08.000006,0.0
03/2024,6,4.1.01.11.000002,0.0
03/2024,6,4.1.01.11.000007,-0.66592
03/2024,6,4.1.01.11.000008,0.0
03/2024,6,4.1.01.11.000009,0.0
03/2024,6,4.1.01.11.000025,0.0
03/2024,6,5.1.01.01.000001,-19.01322
03/2024,6,5.1.01.01.000003,0.0
03/2024,6,5.1.01.01.000004,0.0
03/2024,6,5.1.01.01.000023,0.0
03/2024,6,5.1.01.01.000024,0.0
03/2024,6,5.1.01.02.000001,-5.20553
03/2024,6,5.1.01.02.000002,-1.52542
03/2024,6,5.1.01.02.000003,0.0
03/2024,6,5.1.01.02.000004,0.0
03/2024,6,5.1.01.02.000005,0.0
03/2024,6,5.1.01.02.000007,0.0
03/2024,6,5.1.01.03.000001,-0.85167
03/2024,6,5.1.01.03.000004,-0.77152
03/2024,6,5.1.01.03.000006,0.0
03/2024,6,5.1.01.03.000009,-1.478
03/2024,6,5.1.01.03.000010,-2.0
03/2024,6,5.1.01.04.000001,0.0
03/2024,6,5.1.01.04.000002,0.0
03/2024,6,5.1.01.04.000004,0.0
03/2024,6,5.1.01.05.000001,0.0
03/2024,6,5.1.01.05.000002,0.0
03/2024,6,5.1.01.05.000006,-0.75076
03/2024,6,5.1.01.05.000009,0.0
03/2024,6,5.1.01.06.000001,0.0
03/2024,6,5.1.01.06.000004,0.0
03/2024,6,5.1.01.06.000007,0.0
03/2024,6,5.1.01.07.000007,0.0
03/2024,6,5.1.01.07.000012,0.0
03/2024,6,5.1.01.08.000001,0.0
03/2024,6,5.1.01.08.000004,0.0
03/2024,6,5.1.01.08.000005,0.0
03/2024,6,5.1.01.11.000001,0.0
03/2024,6,5.1.01.11.000002,0.0
03/2024,6,5.1.01.11.000005,0.0
03/2024,6,5.1.01.11.000006,-0.09009
03/2024,6,5.1.01.11.000007,-0.18131
03/2024,6,5.1.01.11.000008,-6.48811
03/2024,6,5.1.01.11.000009,0.0
03/2024,6,5.1.01.11.000012,0.0
03/2024,6,5.1.01.11.000014,0.0
03/2024,6,5.1.01.11.000015,0.0
03/2024,6,5.1.01.11.000016,0.0
03/2024,6,5.1.01.11.000017,0.0
03/2024,6,5.1.01.11.000021,0.0
03/2024,6,5.1.01.11.000022,0.0
03/2024,6,5.1.01.11.000025,0.0
03/2024,6,5.1.01.11.000026,0.0
03/2024,6,5.1.01.11.000027,0.0
03/2024,6,5.1.01.12.000001,0.0
03/2024,6,5.1.01.12.000009,0.0
03/2024,6,5.1.01.12.000011,0.0
03/2024,6,5.1.01.12.000020,0.0
03/2024,6,5.1.01.13.000001,-7.03941
03/2024,6,5.1.03.01.000001,-0.15699
03/2024,6,5.1.03.01.000002,-0.02739
03/2024,6,5.1.03.01.000004,-119.69703
03/2024,6,5.1.03.01.000007,-0.0029
03/2024,6,5.1.04.01.000001,-5.94636
03/2024,6,5.1.04.01.000004,-84.62504
03/2024,6,5.1.04.01.000005,0.0
03/2024,6,5.1.04.01.000006,-0.00198
03/2024,6,5.1.04.01.000013,0.0
03/2024,6,5.1.04.01.000014,-158.37039
03/2024,6,5.1.04.02.000001,0.00143
03/2024,6,5.1.04.02.000002,0.09259
03/2024,6,5.2.01.01.000001,-0.75749
03/2024,7,3.1.01.01.000005,2593.79464
03/2024,7,3.1.02.01.000001,0.0
03/2024,7,3.2.01.01.000003,25.0
03/2024,7,3.2.01.02.000002,2.58934
03/2024,7,3.2.01.02.000003,0.0
03/2024,7,4.1.02.01.000001,-50.9994
03/2024,7,4.1.02.01.000003,-0.8249
03/2024,7,4.1.02.01.000008,1.97084
03/2024,7,4.1.02.01.000009,-7.61395
03/2024,7,4.1.02.01.000010,-13.33685
03/2024,7,4.1.02.02.000001,-15.45947
03/2024,7,4.1.02.02.000002,-4.57249
03/2024,7,4.1.02.02.000003,0.0
03/2024,7,4.1.02.02.000005,0.0
03/2024,7,4.1.02.02.000006,0.0
03/2024,7,4.1.02.02.000007,-0.6
03/2024,7,4.1.02.02.000008,0.0
03/2024,7,4.1.02.03.000001,0.0
03/2024,7,4.1.02.03.000004,-7.489
03/2024,7,4.1.02.03.000005,0.0
03/2024,7,4.1.02.03.000006,-1.248
03/2024,7,4.1.02.03.000009,-14.7383
03/2024,7,4.1.02.03.000010,-3.8353
03/2024,7,4.1.02.03.000013,0.0
03/2024,7,4.1.02.04.000003,0.0
03/2024,7,4.1.02.04.000004,0.0
03/2024,7,4.1.02.05.000001,-1.44966
03/2024,7,4.1.02.05.000002,-1.43095
03/2024,7,4.1.02.05.000003,0.0
03/2024,7,4.1.02.05.000004,-0.335
03/2024,7,4.1.02.05.000005,-0.28633
03/2024,7,4.1.02.05.000006,-2246.1652
03/2024,7,4.1.02.05.000007,0.0
03/2024,7,4.1.02.05.000009,-0.6842
03/2024,7,4.1.02.05.000010,-4.4786
03/2024,7,4.1.02.06.000001,-3.2647
03/2024,7,4.1.02.06.000004,0.0
03/2024,7,4.1.02.07.000003,-13.29467
03/2024,7,4.1.02.07.000004,-0.42075
03/2024,7,4.1.02.07.000006,0.0
03/2024,7,4.1.02.07.000007,0.0
03/2024,7,4.1.02.07.000010,-3.5071
03/2024,7,4.1.02.07.000016,-36.20965
03/2024,7,4.1.02.08.000001,-6.007
03/2024,7,4.1.02.08.000002,-0.35
03/2024,7,4.1.02.08.000005,-4.41725
03/2024,7,5.1.01.04.000002,-0.1185
03/2024,7,5.1.01.04.000003,0.0
03/2024,7,5.1.01.05.000005,0.0
03/2024,7,5.1.01.05.000009,-0.144
03/2024,7,5.1.01.07.000007,0.0
03/2024,7,5.1.01.07.000010,0.0
03/2024,7,5.1.01.07.000015,-0.6
03/2024,7,5.1.01.07.000021,0.0
03/2024,7,5.1.01.09.000003,0.0
03/2024,7,5.1.01.09.000008,-0.072
03/2024,7,5.1.01.11.000001,-2.86105
03/2024,7,5.1.01.11.000005,0.0
03/2024,7,5.1.01.11.000006,-0.46084
03/2024,7,5.1.01.11.000007,-0.94687
03/2024,7,5.1.01.11.000008,-0.29362
03/2024,7,5.1.01.11.000016,-0.4125
03/2024,7,5.1.01.11.000017,-1.9
03/2024,7,5.1.01.11.000027,0.0
03/2024,7,5.1.01.13.000001,-5.0
03/2024,7,5.1.02.01.000009,0.0
03/2024,7,5.1.02.01.000010,0.0
03/2024,7,5.1.02.01.000011,0.0
03/2024,7,5.1.04.01.000001,-7.14229
03/2024,7,5.1.04.01.000002,0.0
03/2024,7,5.1.04.01.000003,-45.07398
03/2024,7,5.1.04.01.000004,-40.90855
03/2024,7,5.1.04.01.000005,0.0
03/2024,7,5.1.04.01.000006,-1.29498
03/2024,7,5.1.04.01.000014,-15.24674
03/2024,7,5.1.04.02.000001,0.04626
03/2024,7,5.1.04.02.000002,0.02409
03/2024,7,5.1.04.02.000003,0.01654
03/2024,7,5.2.01.01.000001,0.03
03/2024,7,5.9.01.01.000001,0.0
03/2024,7,5.9.01.02.000001,0.0
03/2024,999,3.1.01.01.000002,0.0
03/2024,999,3.1.01.01.000003,14.674
03/2024,999,3.1.01.01.000004,8.2453
03/2024,999,3.1.01.01.000006,1.4
03/2024,999,3.1.01.01.000008,0.0
03/2024,999,3.1.01.01.000009,0.0
03/2024,999,3.1.01.01.000010,0.0
03/2024,999,3.1.01.01.000011,0.0
03/2024,999,3.1.01.01.000012,0.0
03/2024,999,3.1.01.01.000013,24600.81965
03/2024,999,3.1.02.01.000001,0.0
03/2024,999,3.1.02.02.000004,0.0
03/2024,999,3.1.02.02.000005,0.0
03/2024,999,3.1.02.02.000008,0.0
03/2024,999,3.1.02.02.000010,-0.7337
03/2024,999,3.1.02.02.000011,0.0
03/2024,999,3.1.02.02.000012,0.0
03/2024,999,3.1.02.02.000013,-1.1403
03/2024,999,3.1.02.02.000014,-0.57017
03/2024,999,3.1.03.01.000007,0.0
03/2024,999,3.1.03.01.000011,0.0
03/2024,999,3.1.03.02.000003,0.0
03/2024,999,3.2.01.01.000001,1571.0
03/2024,999,3.2.01.01.000005,7.247
03/2024,999,3.2.01.02.000001,0.0
03/2024,999,3.2.01.02.000002,0.0
03/2024,999,3.2.01.02.000003,0.0
03/2024,999,3.2.01.02.000004,85.50393
03/2024,999,3.2.01.02.000006,0.0
03/2024,999,3.2.01.03.000001,0.0
03/2024,999,4.1.01.01.000001,-395.05242
03/2024,999,4.1.01.01.000002,0.0
03/2024,999,4.1.01.01.000003,-44.45122
03/2024,999,4.1.01.01.000006,0.0
03/2024,999,4.1.01.01.000007,0.0
03/2024,999,4.1.01.01.000009,-28.87409
03/2024,999,4.1.01.01.000010,0.0
03/2024,999,4.1.01.02.000001,-112.59019
03/2024,999,4.1.01.02.000002,-35.12719
03/2024,999,4.1.01.02.000003,-14.5625
03/2024,999,4.1.01.02.000004,0.0
03/2024,999,4.1.01.02.000005,0.0
03/2024,999,4.1.01.02.000007,-5.01852
03/2024,999,4.1.01.03.000001,-21.33251
03/2024,999,4.1.01.03.000003,0.0
03/2024,999,4.1.01.03.000004,-31.00928
03/2024,999,4.1.01.03.000005,-16.48623
03/2024,999,4.1.01.03.000006,-0.60399
03/2024,999,4.1.01.03.000008,-0.46386
03/2024,999,4.1.01.03.000009,-83.14931
03/2024,999,4.1.01.03.000010,-0.1
03/2024,999,4.1.01.03.000013,0.0
03/2024,999,4.1.01.04.000002,-0.3442
03/2024,999,4.1.01.04.000004,-67.93646
03/2024,999,4.1.01.05.000001,-4.74823
03/2024,999,4.1.01.05.000002,-6.02185
03/2024,999,4.1.01.05.000003,0.0
03/2024,999,4.1.01.05.000004,-0.137
03/2024,999,4.1.01.05.000005,-3.21528
03/2024,999,4.1.01.05.000006,-157.15581
03/2024,999,4.1.01.05.000007,-0.84
03/2024,999,4.1.01.05.000008,-0.0899
03/2024,999,4.1.01.05.000009,0.0
03/2024,999,4.1.01.06.000001,-37.30012
03/2024,999,4.1.01.06.000002,-15.76775
03/2024,999,4.1.01.06.000003,0.0
03/2024,999,4.1.01.06.000004,-95.80883
03/2024,999,4.1.01.07.000001,-0.78764
03/2024,999,4.1.01.07.000002,-0.19775
03/2024,999,4.1.01.07.000003,-55.17702
03/2024,999,4.1.01.07.000004,-0.50256
03/2024,999,4.1.01.07.000005,-60.49124
03/2024,999,4.1.01.07.000006,-7.85
03/2024,999,4.1.01.07.000007,-0.84928
03/2024,999,4.1.01.07.000008,-0.763
03/2024,999,4.1.01.07.000009,0.0
03/2024,999,4.1.01.07.000010,-18.06659
03/2024,999,4.1.01.07.000011,0.0
03/2024,999,4.1.01.07.000012,-11.34608
03/2024,999,4.1.01.07.000013,-34.52777
03/2024,999,4.1.01.07.000014,-107.28751
03/2024,999,4.1.01.07.000015,0.0
03/2024,999,4.1.01.07.000016,-39.0
03/2024,999,4.1.01.07.000017,0.0
03/2024,999,4.1.01.07.000018,0.0
03/2024,999,4.1.01.07.000019,-0.397
03/2024,999,4.1.01.07.000020,0.0
03/2024,999,4.1.01.08.000001,-5.94418
03/2024,999,4.1.01.08.000002,0.0
03/2024,999,4.1.01.08.000003,0.0
03/2024,999,4.1.01.08.000004,-1605.07136
03/2024,999,4.1.01.08.000005,-11.23656
03/2024,999,4.1.01.08.000007,0.0
03/2024,999,4.1.01.09.000004,-61.74466
03/2024,999,4.1.01.09.000006,0.0
03/2024,999,4.1.01.10.000001,0.0
03/2024,999,4.1.01.10.000003,0.0
03/2024,999,4.1.01.10.000004,0.0
03/2024,999,4.1.01.10.000005,0.0
03/2024,999,4.1.01.11.000002,-143.24226
03/2024,999,4.1.01.11.000003,0.0
03/2024,999,4.1.01.11.000004,0.0
03/2024,999,4.1.01.11.000007,0.0
03/2024,999,4.1.01.11.000009,-51.23182
03/2024,999,4.1.01.11.000010,0.0
03/2024,999,4.1.01.11.000017,0.0
03/2024,999,4.1.01.11.000019,-6.33702
03/2024,999,4.1.01.11.000020,-5.28291
03/2024,999,4.1.01.11.000021,0.0
03/2024,999,4.1.01.11.000025,0.0
03/2024,999,4.1.01.11.000026,0.0
03/2024,999,4.1.01.12.000001,-4.23611
03/2024,999,4.1.01.12.000002,-34.94645
03/2024,999,4.1.01.13.000001,0.0
03/2024,999,4.1.01.13.000002,0.0
03/2024,999,4.1.01.13.000003,0.0
03/2024,999,4.1.01.13.000004,0.0
03/2024,999,4.1.01.13.000005,0.0
03/2024,999,5.1.01.01.000001,-300.74222
03/2024,999,5.1.01.01.000003,0.0
03/2024,999,5.1.01.01.000004,-3.32429
03/2024,999,5.1.01.01.000008,0.0
03/2024,999,5.1.01.01.000012,-4.23696
03/2024,999,5.1.01.01.000020,0.0
03/2024,999,5.1.01.01.000021,0.0
03/2024,999,5.1.01.01.000022,0.0
03/2024,999,5.1.01.01.000023,-12.93917
03/2024,999,5.1.01.01.000024,0.0
03/2024,999,5.1.01.02.000001,-84.39928
03/2024,999,5.1.01.02.000002,-26.6855
03/2024,999,5.1.01.02.000003,-0.31941
03/2024,999,5.1.01.02.000006,0.0
03/2024,999,5.1.01.02.000007,0.0
03/2024,999,5.1.01.02.000020,0.0
03/2024,999,5.1.01.02.000021,0.0
03/2024,999,5.1.01.02.000022,0.0
03/2024,999,5.1.01.03.000001,-29.29641
03/2024,999,5.1.01.03.000004,-18.14073
03/2024,999,5.1.01.03.000006,-3.995
03/2024,999,5.1.01.03.000008,-1.52772
03/2024,999,5.1.01.03.000009,-51.5898
03/2024,999,5.1.01.03.000010,-6.0744
03/2024,999,5.1.01.03.000012,0.0
03/2024,999,5.1.01.03.000013,0.0
03/2024,999,5.1.01.03.000014,0.0
03/2024,999,5.1.01.04.000001,0.0
03/2024,999,5.1.01.04.000002,-0.12314
03/2024,999,5.1.01.04.000003,0.0
03/2024,999,5.1.01.04.000004,-49.5332
03/2024,999,5.1.01.05.000001,-24.62129
03/2024,999,5.1.01.05.000002,-0.52895
03/2024,999,5.1.01.05.000003,0.0
03/2024,999,5.1.01.05.000004,0.0
03/2024,999,5.1.01.05.000005,-3.99079
03/2024,999,5.1.01.05.000006,-11.223
03/2024,999,5.1.01.05.000007,0.0
03/2024,999,5.1.01.05.000009,-0.144
03/2024,999,5.1.01.06.000001,-29.07745
03/2024,999,5.1.01.06.000002,0.0
03/2024,999,5.1.01.06.000003,0.0
03/2024,999,5.1.01.06.000004,-40.2517
03/2024,999,5.1.01.06.000005,0.0
03/2024,999,5.1.01.06.000006,-45.7653
03/2024,999,5.1.01.06.000008,0.0
03/2024,999,5.1.01.07.000001,0.0
03/2024,999,5.1.01.07.000002,0.0
03/2024,999,5.1.01.07.000003,0.0
03/2024,999,5.1.01.07.000004,0.0
03/2024,999,5.1.01.07.000005,-5.77841
03/2024,999,5.1.01.07.000007,0.0
03/2024,999,5.1.01.07.000008,0.0
03/2024,999,5.1.01.07.000010,-204.48189
03/2024,999,5.1.01.07.000014,0.0
03/2024,999,5.1.01.07.000015,-1.08
03/2024,999,5.1.01.07.000020,0.0
03/2024,999,5.1.01.07.000021,0.0
03/2024,999,5.1.01.08.000001,-2.54
03/2024,999,5.1.01.08.000002,0.0
03/2024,999,5.1.01.08.000003,0.0
03/2024,999,5.1.01.08.000004,-3.0373
03/2024,999,5.1.01.08.000005,-32.41547
03/2024,999,5.1.01.09.000001,0.0
03/2024,999,5.1.01.09.000003,-20.0
03/2024,999,5.1.01.09.000005,0.0
03/2024,999,5.1.01.09.000008,0.0
03/2024,999,5.1.01.10.000002,0.0
03/2024,999,5.1.01.10.000003,0.0
03/2024,999,5.1.01.10.000004,0.0
03/2024,999,5.1.01.11.000001,-6.17541
03/2024,999,5.1.01.11.000003,0.0
03/2024,999,5.1.01.11.000004,0.0
03/2024,999,5.1.01.11.000006,-13.13485
03/2024,999,5.1.01.11.000007,-12.40666
03/2024,999,5.1.01.11.000008,-4.03109
03/2024,999,5.1.01.11.000010,0.0
03/2024,999,5.1.01.11.000012,0.0
03/2024,999,5.1.01.11.000013,0.0
03/2024,999,5.1.01.11.000014,0.0
03/2024,999,5.1.01.11.000015,0.0
03/2024,999,5.1.01.11.000021,0.0
03/2024,999,5.1.01.11.000022,0.0
03/2024,999,5.1.01.11.000025,0.0
03/2024,999,5.1.01.11.000026,0.0
03/2024,999,5.1.01.11.000027,-0.2935
03/2024,999,5.1.01.11.000031,0.0
03/2024,999,5.1.01.12.000003,0.0
03/2024,999,5.1.01.12.000008,0.0
03/2024,999,5.1.01.12.000009,0.0
03/2024,999,5.1.01.12.000019,0.0
03/2024,999,5.1.01.13.000001,-8.11795
03/2024,999,5.1.01.14.000001,0.0
03/2024,999,5.1.01.14.000002,0.0
03/2024,999,5.1.01.14.000003,0.0
03/2024,999,5.1.02.01.000006,0.0
03/2024,999,5.1.02.01.000009,0.0
03/2024,999,5.1.02.01.000010,-427.18015
03/2024,999,5.1.02.01.000011,0.0
03/2024,999,5.1.02.01.000012,0.0
03/2024,999,5.1.03.01.000001,-21.9412
03/2024,999,5.1.03.01.000002,-2.62023
03/2024,999,5.1.03.01.000003,-94.17399
03/2024,999,5.1.03.01.000004,-7241.05468
03/2024,999,5.1.03.01.000005,-9.63567
03/2024,999,5.1.03.01.000007,-0.46036
03/2024,999,5.1.03.02.000001,-8.8557
03/2024,999,5.1.04.01.000001,-17.0515
03/2024,999,5.1.04.01.000002,0.0
03/2024,999,5.1.04.01.000004,-947.42607
03/2024,999,5.1.04.01.000005,-17.34123
03/2024,999,5.1.04.01.000006,-50.16178
03/2024,999,5.1.04.01.000007,0.0
03/2024,999,5.1.04.01.000009,0.0
03/2024,999,5.1.04.01.000010,0.0
03/2024,999,5.1.04.01.000011,0.0
03/2024,999,5.1.04.01.000014,-2116.78197
03/2024,999,5.1.04.01.000015,-0.0515
03/2024,999,5.1.04.01.000016,0.0
03/2024,999,5.1.04.01.000017,-296.65563
03/2024,999,5.1.04.02.000001,91.38431
03/2024,999,5.1.04.02.000002,16.21872
03/2024,999,5.1.04.02.000003,0.00064
03/2024,999,5.2.01.01.000001,46.05368
03/2024,999,5.9.01.01.000001,0.0
03/2024,999,5.9.01.01.000002,0.0
03/2024,999,5.9.01.02.000001,0.0
03/2024,999,5.9.01.02.000002,0.0
03/2025,6,3.1.01.01.000002,2027.05157
03/2025,6,3.1.01.01.000003,0.0
03/2025,6,3.1.01.01.000013,0.0
03/2025,6,3.1.02.02.000002,0.0
03/2025,6,3.1.02.02.000003,0.0
03/2025,6,3.1.02.02.000004,0.0
03/2025,6,3.1.02.02.000009,0.0
03/2025,6,3.1.02.02.000010,-39.04105
03/2025,6,3.1.03.02.000003,0.0
03/2025,6,3.1.03.03.000001,0.0
03/2025,6,3.2.01.01.000001,0.0
03/2025,6,3.2.01.02.000002,0.3694
03/2025,6,4.1.01.01.000001,-308.14974
03/2025,6,4.1.01.01.000002,0.0
03/2025,6,4.1.01.01.000003,0.0
03/2025,6,4.1.01.01.000006,0.0
03/2025,6,4.1.01.01.000008,0.0
03/2025,6,4.1.01.01.000009,-23.25566
03/2025,6,4.1.01.01.000010,0.0
03/2025,6,4.1.01.02.000001,-53.29457
03/2025,6,4.1.01.02.000002,-26.78851
03/2025,6,4.1.01.02.000003,0.0
03/2025,6,4.1.01.02.000004,0.0
03/2025,6,4.1.01.02.000006,0.0
03/2025,6,4.1.01.02.000007,0.0
03/2025,6,4.1.01.03.000001,-20.19521
03/2025,6,4.1.01.03.000003,0.0
03/2025,6,4.1.01.03.000004,-0.48244
03/2025,6,4.1.01.03.000006,-8.151
03/2025,6,4.1.01.03.000009,-31.489
03/2025,6,4.1.01.03.000010,0.0
03/2025,6,4.1.01.04.000004,-4.19333
03/2025,6,4.1.01.05.000001,0.0
03/2025,6,4.1.01.05.000002,0.0
03/2025,6,4.1.01.05.000003,0.0
03/2025,6,4.1.01.05.000006,-602.03527
03/2025,6,4.1.01.06.000001,-4.752
03/2025,6,4.1.01.06.000002,0.0
03/2025,6,4.1.01.06.000004,-3.6
03/2025,6,4.1.01.07.000007,0.0
03/2025,6,4.1.01.07.000012,0.0
03/2025,6,4.1.01.07.000013,0.0
03/2025,6,4.1.01.07.000014,0.0
03/2025,6,4.1.01.07.000018,0.0
03/2025,6,4.1.01.08.000001,0.0
03/2025,6,4.1.01.08.000004,-77.00166
03/2025,6,4.1.01.08.000005,0.0
03/2025,6,4.1.01.08.000006,0.0
03/2025,6,4.1.01.11.000002,-6.58432
03/2025,6,4.1.01.11.000007,0.0
03/2025,6,4.1.01.11.000008,0.0
03/2025,6,4.1.01.11.000009,-0.72512
03/2025,6,4.1.01.11.000025,0.0
03/2025,6,5.1.01.01.000001,0.0
03/2025,6,5.1.01.01.000003,0.0
03/2025,6,5.1.01.01.000004,0.0
03/2025,6,5.1.01.01.000023,0.0
03/2025,6,5.1.01.01.000024,0.0
03/2025,6,5.1.01.02.000001,0.0
03/2025,6,5.1.01.02.000002,0.0
03/2025,6,5.1.01.02.000003,0.0
03/2025,6,5.1.01.02.000004,0.0
03/2025,6,5.1.01.02.000005,0.0
03/2025,6,5.1.01.02.000007,0.0
03/2025,6,5.1.01.03.000001,0.0
03/2025,6,5.1.01.03.000004,0.0
03/2025,6,5.1.01.03.000006,0.0
03/2025,6,5.1.01.03.000009,0.0
03/2025,6,5.1.01.03.000010,0.0
03/2025,6,5.1.01.04.000001,0.0
03/2025,6,5.1.01.04.000002,0.0
03/2025,6,5.1.01.04.000004,0.0
03/2025,6,5.1.01.05.000001,0.0
03/2025,6,5.1.01.05.000002,0.0
03/2025,6,5.1.01.05.000006,0.0
03/2025,6,5.1.01.05.000009,0.0
03/2025,6,5.1.01.06.000001,0.0
03/2025,6,5.1.01.06.000004,0.0
03/2025,6,5.1.01.06.000007,0.0
03/2025,6,5.1.01.07.000007,0.0
03/2025,6,5.1.01.07.000012,0.0
03/2025,6,5.1.01.08.000001,0.0
03/2025,6,5.1.01.08.000004,0.0
03/2025,6,5.1.01.08.000005,0.0
03/2025,6,5.1.01.11.000001,0.0
03/2025,6,5.1.01.11.000002,0.0
03/2025,6,5.1.01.11.000005,0.0
03/2025,6,5.1.01.11.000006,0.0
03/2025,6,5.1.01.11.000007,-0.19317
03/2025,6,5.1.01.11.000008,0.0
03/2025,6,5.1.01.11.000009,0.0
03/2025,6,5.1.01.11.000012,0.0
03/2025,6,5.1.01.11.000014,0.0
03/2025,6,5.1.01.11.000015,0.0
03/2025,6,5.1.01.11.000016,-13.48069
03/2025,6,5.1.01.11.000017,-62.09288
03/2025,6,5.1.01.11.000021,0.0
03/2025,6,5.1.01.11.000022,0.0
03/2025,6,5.1.01.11.000025,0.0
03/2025,6,5.1.01.11.000026,-3.92887
03/2025,6,5.1.01.11.000027,0.0
03/2025,6,5.1.01.12.000001,0.0
03/2025,6,5.1.01.12.000009,0.0
03/2025,6,5.1.01.12.000011,0.0
03/2025,6,5.1.01.12.000020,0.0
03/2025,6,5.1.01.13.000001,0.0
03/2025,6,5.1.03.01.000001,-0.15702
03/2025,6,5.1.03.01.000002,-0.02739
03/2025,6,5.1.03.01.000004,-9.0
03/2025,6,5.1.03.01.000007,-0.04323
03/2025,6,5.1.04.01.000001,-3.57309
03/2025,6,5.1.04.01.000004,-4.26906
03/2025,6,5.1.04.01.000005,0.0
03/2025,6,5.1.04.01.000006,-0.00419
03/2025,6,5.1.04.01.000011,0.0
03/2025,6,5.1.04.01.000013,0.0
03/2025,6,5.1.04.01.000014,-82.14041
03/2025,6,5.1.04.02.000001,0.00545
03/2025,6,5.1.04.02.000002,0.0
03/2025,6,5.1.04.02.000003,55.70942
03/2025,6,5.2.01.01.000001,2.95483
03/2025,7,3.1.01.01.000005,4934.68174
03/2025,7,3.1.02.01.000001,0.0
03/2025,7,3.2.01.01.000003,21.0
03/2025,7,3.2.01.02.000002,8.16145
03/2025,7,3.2.01.02.000003,0.0
03/2025,7,4.1.01.08.000005,0.0
03/2025,7,4.1.02.01.000001,-55.1719
03/2025,7,4.1.02.01.000003,0.0
03/2025,7,4.1.02.01.000008,0.0
03/2025,7,4.1.02.01.000009,-5.8877
03/2025,7,4.1.02.01.000010,-13.19969
03/2025,7,4.1.02.02.000001,-16.64147
03/2025,7,4.1.02.02.000002,-4.87663
03/2025,7,4.1.02.02.000003,0.0
03/2025,7,4.1.02.02.000005,0.0
03/2025,7,4.1.02.02.000006,0.0
03/2025,7,4.1.02.02.000007,-0.6
03/2025,7,4.1.02.02.000008,0.0
03/2025,7,4.1.02.03.000001,0.0
03/2025,7,4.1.02.03.000004,-5.692
03/2025,7,4.1.02.03.000005,0.0
03/2025,7,4.1.02.03.000006,-2.438
03/2025,7,4.1.02.03.000009,-11.245
03/2025,7,4.1.02.03.000010,0.0
03/2025,7,4.1.02.03.000013,0.0
03/2025,7,4.1.02.04.000003,-6.99498
03/2025,7,4.1.02.04.000004,0.0
03/2025,7,4.1.02.05.000001,-1.74167
03/2025,7,4.1.02.05.000002,-1.5604
03/2025,7,4.1.02.05.000003,0.0
03/2025,7,4.1.02.05.000004,-0.385
03/2025,7,4.1.02.05.000005,-0.34935
03/2025,7,4.1.02.05.000006,-3682.18106
03/2025,7,4.1.02.05.000007,0.0
03/2025,7,4.1.02.05.000009,-4.37178
03/2025,7,4.1.02.05.000010,0.0
03/2025,7,4.1.02.06.000001,-4.22205
03/2025,7,4.1.02.06.000004,0.0
03/2025,7,4.1.02.07.000003,-14.89805
03/2025,7,4.1.02.07.000004,-0.42075
03/2025,7,4.1.02.07.000006,-0.96
03/2025,7,4.1.02.07.000007,0.0
03/2025,7,4.1.02.07.000010,0.0
03/2025,7,4.1.02.07.000016,-36.3779
03/2025,7,4.1.02.08.000001,-2.77223
03/2025,7,4.1.02.08.000002,0.0
03/2025,7,4.1.02.08.000005,-3.98768
03/2025,7,5.1.01.04.000002,0.0
03/2025,7,5.1.01.04.000003,0.0
03/2025,7,5.1.01.05.000001,0.0
03/2025,7,5.1.01.05.000003,0.0
03/2025,7,5.1.01.05.000005,0.0
03/2025,7,5.1.01.05.000009,0.0
03/2025,7,5.1.01.07.000007,0.0
03/2025,7,5.1.01.07.000010,-3.7808
03/2025,7,5.1.01.07.000015,-0.6
03/2025,7,5.1.01.07.000021,0.0
03/2025,7,5.1.01.08.000005,0.0
03/2025,7,5.1.01.09.000003,0.0
03/2025,7,5.1.01.09.000008,0.0
03/2025,7,5.1.01.11.000001,-1.89313
03/2025,7,5.1.01.11.000005,0.0
03/2025,7,5.1.01.11.000006,-2.55414
03/2025,7,5.1.01.11.000007,-0.2121
03/2025,7,5.1.01.11.000008,-0.01454
03/2025,7,5.1.01.11.000016,-0.3465
03/2025,7,5.1.01.11.000017,-1.596
03/2025,7,5.1.01.11.000027,0.0
03/2025,7,5.1.01.13.000001,0.0
03/2025,7,5.1.01.14.000003,0.0
03/2025,7,5.1.02.01.000009,0.0
03/2025,7,5.1.02.01.000010,0.0
03/2025,7,5.1.02.01.000011,0.0
03/2025,7,5.1.04.01.000001,-12.34728
03/2025,7,5.1.04.01.000002,-195.9847
03/2025,7,5.1.04.01.000003,0.0
03/2025,7,5.1.04.01.000004,-24.88804
03/2025,7,5.1.04.01.000005,0.0
03/2025,7,5.1.04.01.000006,-0.01572
03/2025,7,5.1.04.01.000014,0.0
03/2025,7,5.1.04.02.000001,0.0184
03/2025,7,5.1.04.02.000002,0.0
03/2025,7,5.1.04.02.000003,0.14726
03/2025,7,5.2.01.01.000001,0.0
03/2025,7,5.9.01.01.000001,0.0
03/2025,7,5.9.01.02.000001,0.0
03/2025,999,3.1.01.01.000002,0.0
03/2025,999,3.1.01.01.000003,213.47255
03/2025,999,3.1.01.01.000004,217.64938
03/2025,999,3.1.01.01.000006,20.98893
03/2025,999,3.1.01.01.000008,0.0
03/2025,999,3.1.01.01.000009,0.0
03/2025,999,3.1.01.01.000010,0.0
03/2025,999,3.1.01.01.000011,0.0
03/2025,999,3.1.01.01.000012,0.0
03/2025,999,3.1.01.01.000013,26189.88011
03/2025,999,3.1.02.01.000001,0.0
03/2025,999,3.1.02.02.000004,0.0
03/2025,999,3.1.02.02.000005,0.0
03/2025,999,3.1.02.02.000008,0.0
03/2025,999,3.1.02.02.000010,-0.32363
03/2025,999,3.1.02.02.000011,0.0
03/2025,999,3.1.02.02.000012,0.0
03/2025,999,3.1.02.02.000013,-1.1969
03/2025,999,3.1.02.02.000014,-0.59844
03/2025,999,3.1.03.01.000007,0.0
03/2025,999,3.1.03.01.000011,0.0
03/2025,999,3.1.03.02.000001,0.0
03/2025,999,3.1.03.02.000003,0.0
03/2025,999,3.1.03.02.000004,0.0
03/2025,999,3.1.03.03.000001,0.0
03/2025,999,3.2.01.01.000001,5036.0
03/2025,999,3.2.01.01.000005,0.47025
03/2025,999,3.2.01.02.000001,0.0
03/2025,999,3.2.01.02.000002,3.1488
03/2025,999,3.2.01.02.000003,0.3
03/2025,999,3.2.01.02.000004,0.0
03/2025,999,3.2.01.02.000005,0.0
03/2025,999,3.2.01.02.000006,0.0
03/2025,999,3.2.01.03.000001,0.0
03/2025,999,4.1.01.01.000001,-400.00082
03/2025,999,4.1.01.01.000002,-15.33346
03/2025,999,4.1.01.01.000003,-25.83483
03/2025,999,4.1.01.01.000004,0.0
03/2025,999,4.1.01.01.000006,0.0
03/2025,999,4.1.01.01.000007,0.0
03/2025,999,4.1.01.01.000009,-19.20653
03/2025,999,4.1.01.01.000010,0.0
03/2025,999,4.1.01.02.000001,-108.99469
03/2025,999,4.1.01.02.000002,-34.3327
03/2025,999,4.1.01.02.000003,-12.52467
03/2025,999,4.1.01.02.000004,0.0
03/2025,999,4.1.01.02.000005,0.0
03/2025,999,4.1.01.02.000007,-4.78516
03/2025,999,4.1.01.03.000001,-51.62644
03/2025,999,4.1.01.03.000003,0.0
03/2025,999,4.1.01.03.000004,-23.39913
03/2025,999,4.1.01.03.000005,0.0
03/2025,999,4.1.01.03.000006,-8.765
03/2025,999,4.1.01.03.000008,-0.25305
03/2025,999,4.1.01.03.000009,-45.0805
03/2025,999,4.1.01.03.000010,0.0
03/2025,999,4.1.01.03.000013,0.0
03/2025,999,4.1.01.04.000002,0.0
03/2025,999,4.1.01.04.000004,-81.99159
03/2025,999,4.1.01.05.000001,-0.339
03/2025,999,4.1.01.05.000002,-6.1994
03/2025,999,4.1.01.05.000003,-0.41388
03/2025,999,4.1.01.05.000004,0.0
03/2025,999,4.1.01.05.000005,-3.91951
03/2025,999,4.1.01.05.000006,-167.92585
03/2025,999,4.1.01.05.000007,-10.95268
03/2025,999,4.1.01.05.000008,0.0
03/2025,999,4.1.01.05.000009,-0.496
03/2025,999,4.1.01.06.000001,-42.17439
03/2025,999,4.1.01.06.000002,-47.22916
03/2025,999,4.1.01.06.000003,0.0
03/2025,999,4.1.01.06.000004,-158.32533
03/2025,999,4.1.01.06.000007,0.0
03/2025,999,4.1.01.07.000001,-1.84477
03/2025,999,4.1.01.07.000002,-0.44755
03/2025,999,4.1.01.07.000003,-50.62035
03/2025,999,4.1.01.07.000004,-102.20274
03/2025,999,4.1.01.07.000005,-7.5
03/2025,999,4.1.01.07.000006,-4.5
03/2025,999,4.1.01.07.000007,-24.01833
03/2025,999,4.1.01.07.000008,-0.528
03/2025,999,4.1.01.07.000009,0.0
03/2025,999,4.1.01.07.000010,-4.43
03/2025,999,4.1.01.07.000011,0.0
03/2025,999,4.1.01.07.000012,-24.27628
03/2025,999,4.1.01.07.000013,-40.68554
03/2025,999,4.1.01.07.000014,-135.42034
03/2025,999,4.1.01.07.000015,0.0
03/2025,999,4.1.01.07.000016,-39.0
03/2025,999,4.1.01.07.000017,0.0
03/2025,999,4.1.01.07.000018,-0.93
03/2025,999,4.1.01.07.000019,-11.41385
03/2025,999,4.1.01.07.000020,0.0
03/2025,999,4.1.01.08.000001,-9.04967
03/2025,999,4.1.01.08.000002,-0.205
03/2025,999,4.1.01.08.000003,0.0
03/2025,999,4.1.01.08.000004,-1572.9456
03/2025,999,4.1.01.08.000005,-4.27399
03/2025,999,4.1.01.08.000007,-1.934
03/2025,999,4.1.01.08.000008,0.0
03/2025,999,4.1.01.09.000004,-104.51515
03/2025,999,4.1.01.09.000006,0.0
03/2025,999,4.1.01.10.000001,0.0
03/2025,999,4.1.01.10.000003,0.0
03/2025,999,4.1.01.10.000004,0.0
03/2025,999,4.1.01.10.000005,0.0
03/2025,999,4.1.01.11.000002,-45.58812
03/2025,999,4.1.01.11.000003,0.0
03/2025,999,4.1.01.11.000004,0.0
03/2025,999,4.1.01.11.000007,0.0
03/2025,999,4.1.01.11.000009,-74.28982
03/2025,999,4.1.01.11.000010,0.0
03/2025,999,4.1.01.11.000017,0.0
03/2025,999,4.1.01.11.000019,0.0
03/2025,999,4.1.01.11.000020,0.0
03/2025,999,4.1.01.11.000021,0.0
03/2025,999,4.1.01.11.000025,0.0
03/2025,999,4.1.01.11.000026,0.0
03/2025,999,4.1.01.12.000001,-50.3779
03/2025,999,4.1.01.12.000002,-0.69
03/2025,999,4.1.01.13.000001,-0.35476
03/2025,999,4.1.01.13.000002,0.0
03/2025,999,4.1.01.13.000003,0.0
03/2025,999,4.1.01.13.000004,0.0
03/2025,999,4.1.01.13.000005,0.0
03/2025,999,5.1.01.01.000001,-291.15964
03/2025,999,5.1.01.01.000003,0.0
03/2025,999,5.1.01.01.000004,-40.59155
03/2025,999,5.1.01.01.000005,0.0
03/2025,999,5.1.01.01.000008,0.0
03/2025,999,5.1.01.01.000012,-4.55596
03/2025,999,5.1.01.01.000020,0.0
03/2025,999,5.1.01.01.000021,0.0
03/2025,999,5.1.01.01.000022,0.0
03/2025,999,5.1.01.01.000023,-10.43303
03/2025,999,5.1.01.01.000024,0.0
03/2025,999,5.1.01.02.000001,-70.79765
03/2025,999,5.1.01.02.000002,-23.77237
03/2025,999,5.1.01.02.000003,-18.51429
03/2025,999,5.1.01.02.000005,0.0
03/2025,999,5.1.01.02.000006,0.0
03/2025,999,5.1.01.02.000007,0.0
03/2025,999,5.1.01.02.000020,0.0
03/2025,999,5.1.01.02.000021,0.0
03/2025,999,5.1.01.02.000022,0.0
03/2025,999,5.1.01.03.000001,-46.0347
03/2025,999,5.1.01.03.000004,3.28657
03/2025,999,5.1.01.03.000006,-0.424
03/2025,999,5.1.01.03.000008,-2.02301
03/2025,999,5.1.01.03.000009,-17.528
03/2025,999,5.1.01.03.000010,-7.125
03/2025,999,5.1.01.03.000012,0.0
03/2025,999,5.1.01.03.000013,0.0
03/2025,999,5.1.01.03.000014,0.0
03/2025,999,5.1.01.04.000001,0.0
03/2025,999,5.1.01.04.000002,-0.7975
03/2025,999,5.1.01.04.000003,0.0
03/2025,999,5.1.01.04.000004,-39.88222
03/2025,999,5.1.01.05.000001,-3.11419
03/2025,999,5.1.01.05.000002,-0.45004
03/2025,999,5.1.01.05.000003,0.0
03/2025,999,5.1.01.05.000004,-4.8678
03/2025,999,5.1.01.05.000005,-0.68287
03/2025,999,5.1.01.05.000006,-32.16645
03/2025,999,5.1.01.05.000007,0.0
03/2025,999,5.1.01.05.000009,-0.2115
03/2025,999,5.1.01.05.000010,0.0
03/2025,999,5.1.01.06.000001,-38.95004
03/2025,999,5.1.01.06.000002,0.0
03/2025,999,5.1.01.06.000003,0.0
03/2025,999,5.1.01.06.000004,-132.97335
03/2025,999,5.1.01.06.000005,0.0
03/2025,999,5.1.01.06.000006,-48.95151
03/2025,999,5.1.01.06.000008,0.0
03/2025,999,5.1.01.07.000001,0.0
03/2025,999,5.1.01.07.000002,0.0
03/2025,999,5.1.01.07.000003,0.0
03/2025,999,5.1.01.07.000004,0.0
03/2025,999,5.1.01.07.000005,0.0
03/2025,999,5.1.01.07.000007,0.0
03/2025,999,5.1.01.07.000008,0.0
03/2025,999,5.1.01.07.000010,-21.92361
03/2025,999,5.1.01.07.000014,0.0
03/2025,999,5.1.01.07.000015,-1.08
03/2025,999,5.1.01.07.000020,-16.77382
03/2025,999,5.1.01.07.000021,-0.07074
03/2025,999,5.1.01.08.000001,-5.05
03/2025,999,5.1.01.08.000002,0.0
03/2025,999,5.1.01.08.000003,0.0
03/2025,999,5.1.01.08.000004,-1.88253
03/2025,999,5.1.01.08.000005,-88.05737
03/2025,999,5.1.01.09.000001,0.0
03/2025,999,5.1.01.09.000003,-9.0
03/2025,999,5.1.01.09.000005,0.0
03/2025,999,5.1.01.09.000007,0.0
03/2025,999,5.1.01.09.000008,0.0
03/2025,999,5.1.01.10.000002,0.0
03/2025,999,5.1.01.10.000003,0.0
03/2025,999,5.1.01.10.000004,0.0
03/2025,999,5.1.01.11.000001,-6.40437
03/2025,999,5.1.01.11.000003,0.0
03/2025,999,5.1.01.11.000004,0.0
03/2025,999,5.1.01.11.000006,-11.32231
03/2025,999,5.1.01.11.000007,-28.38607
03/2025,999,5.1.01.11.000008,-36.84698
03/2025,999,5.1.01.11.000010,-1.06162
03/2025,999,5.1.01.11.000012,0.0
03/2025,999,5.1.01.11.000013,0.0
03/2025,999,5.1.01.11.000014,0.0
03/2025,999,5.1.01.11.000015,0.0
03/2025,999,5.1.01.11.000021,-0.08915
03/2025,999,5.1.01.11.000022,0.0
03/2025,999,5.1.01.11.000025,0.0
03/2025,999,5.1.01.11.000026,0.0
03/2025,999,5.1.01.11.000027,-3.7913
03/2025,999,5.1.01.11.000030,0.0
03/2025,999,5.1.01.11.000031,-154.69676
03/2025,999,5.1.01.12.000003,0.0
03/2025,999,5.1.01.12.000008,0.0
03/2025,999,5.1.01.12.000009,0.0
03/2025,999,5.1.01.12.000019,0.0
03/2025,999,5.1.01.12.000021,-118.99649
03/2025,999,5.1.01.13.000001,0.0
03/2025,999,5.1.01.14.000001,0.0
03/2025,999,5.1.01.14.000002,0.0
03/2025,999,5.1.01.14.000003,-143.92725
03/2025,999,5.1.02.01.000006,0.0
03/2025,999,5.1.02.01.000009,0.0
03/2025,999,5.1.02.01.000010,0.0
03/2025,999,5.1.02.01.000011,0.0
03/2025,999,5.1.02.01.000012,150.0
03/2025,999,5.1.03.01.000001,-23.1332
03/2025,999,5.1.03.01.000002,-3.03905
03/2025,999,5.1.03.01.000003,-94.174
03/2025,999,5.1.03.01.000004,-4598.78322
03/2025,999,5.1.03.01.000005,-10.42182
03/2025,999,5.1.03.01.000007,-0.88552
03/2025,999,5.1.03.02.000001,-17.5398
03/2025,999,5.1.04.01.000001,-18.10607
03/2025,999,5.1.04.01.000002,0.0
03/2025,999,5.1.04.01.000004,-946.32489
03/2025,999,5.1.04.01.000005,-16.02
03/2025,999,5.1.04.01.000006,-9.12404
03/2025,999,5.1.04.01.000007,0.0
03/2025,999,5.1.04.01.000009,-3.5
03/2025,999,5.1.04.01.000010,0.0
03/2025,999,5.1.04.01.000011,0.0
03/2025,999,5.1.04.01.000014,-1499.861
03/2025,999,5.1.04.01.000015,-0.12905
03/2025,999,5.1.04.01.000016,-1.04
03/2025,999,5.1.04.01.000017,-158.44329
03/2025,999,5.1.04.02.000001,77.20431
03/2025,999,5.1.04.02.000002,2.68696
03/2025,999,5.1.04.02.000003,1.2506
03/2025,999,5.2.01.01.000001,4.27347
03/2025,999,5.9.01.01.000001,0.0
03/2025,999,5.9.01.01.000002,0.0
03/2025,999,5.9.01.02.000001,0.0
03/2025,999,5.9.01.02.000002,0.0
03/2026,6,3.1.01.01.000002,0.0
03/2026,6,3.1.01.01.000003,0.0
03/2026,6,3.1.01.01.000013,0.0
03/2026,6,3.1.02.02.000002,0.0
03/2026,6,3.1.02.02.000003,0.0
03/2026,6,3.1.02.02.000004,0.0
03/2026,6,3.1.02.02.000009,0.0
03/2026,6,3.1.02.02.000010,0.0
03/2026,6,3.1.03.02.000003,0.0
03/2026,6,3.1.03.03.000001,0.0
03/2026,6,3.2.01.01.000001,0.0
03/2026,6,3.2.01.02.000002,0.0
03/2026,6,4.1.01.01.000001,0.0
03/2026,6,4.1.01.01.000002,0.0
03/2026,6,4.1.01.01.000003,0.0
03/2026,6,4.1.01.01.000006,0.0
03/2026,6,4.1.01.01.000008,0.0
03/2026,6,4.1.01.01.000009,0.0
03/2026,6,4.1.01.01.000010,0.0
03/2026,6,4.1.01.02.000001,0.0
03/2026,6,4.1.01.02.000002,0.0
03/2026,6,4.1.01.02.000003,0.0
03/2026,6,4.1.01.02.000004,0.0
03/2026,6,4.1.01.02.000006,0.0
03/2026,6,4.1.01.02.000007,0.0
03/2026,6,4.1.01.03.000001,0.0
03/2026,6,4.1.01.03.000003,0.0
03/2026,6,4.1.01.03.000004,0.0
03/2026,6,4.1.01.03.000006,0.0
03/2026,6,4.1.01.03.000009,0.0
03/2026,6,4.1.01.03.000010,0.0
03/2026,6,4.1.01.04.000004,0.0
03/2026,6,4.1.01.05.000001,0.0
03/2026,6,4.1.01.05.000002,0.0
03/2026,6,4.1.01.05.000003,0.0
03/2026,6,4.1.01.05.000006,0.0
03/2026,6,4.1.01.06.000001,0.0
03/2026,6,4.1.01.06.000002,0.0
03/2026,6,4.1.01.06.000004,0.0
03/2026,6,4.1.01.07.000007,0.0
03/2026,6,4.1.01.07.000012,0.0
03/2026,6,4.1.01.07.000013,0.0
03/2026,6,4.1.01.07.000014,0.0
03/2026,6,4.1.01.07.000018,0.0
03/2026,6,4.1.01.08.000001,0.0
03/2026,6,4.1.01.08.000004,0.0
03/2026,6,4.1.01.08.000005,0.0
03/2026,6,4.1.01.08.000006,0.0
03/2026,6,4.1.01.11.000002,0.0
03/2026,6,4.1.01.11.000007,0.0
03/2026,6,4.1.01.11.000008,0.0
03/2026,6,4.1.01.11.000009,0.0
03/2026,6,4.1.01.11.000025,0.0
03/2026,6,5.1.01.01.000001,0.0
03/2026,6,5.1.01.01.000003,0.0
03/2026,6,5.1.01.01.000004,0.0
03/2026,6,5.1.01.01.000023,0.0
03/2026,6,5.1.01.01.000024,0.0
03/2026,6,5.1.01.02.000001,0.0
03/2026,6,5.1.01.02.000002,0.0
03/2026,6,5.1.01.02.000003,0.0
03/2026,6,5.1.01.02.000004,0.0
03/2026,6,5.1.01.02.000005,0.0
03/2026,6,5.1.01.02.000007,0.0
03/2026,6,5.1.01.03.000001,0.0
03/2026,6,5.1.01.03.000004,0.0
03/2026,6,5.1.01.03.000006,0.0
03/2026,6,5.1.01.03.000009,0.0
03/2026,6,5.1.01.03.000010,0.0
03/2026,6,5.1.01.04.000001,0.0
03/2026,6,5.1.01.04.000002,0.0
03/2026,6,5.1.01.04.000004,0.0
03/2026,6,5.1.01.05.000001,0.0
03/2026,6,5.1.01.05.000002,0.0
03/2026,6,5.1.01.05.000006,0.0
03/2026,6,5.1.01.05.000009,0.0
03/2026,6,5.1.01.06.000001,0.0
03/2026,6,5.1.01.06.000004,0.0
03/2026,6,5.1.01.06.000007,0.0
03/2026,6,5.1.01.07.000007,0.0
03/2026,6,5.1.01.07.000012,0.0
03/2026,6,5.1.01.08.000001,0.0
03/2026,6,5.1.01.08.000004,0.0
03/2026,6,5.1.01.08.000005,0.0
03/2026,6,5.1.01.11.000001,0.0
03/2026,6,5.1.01.11.000002,0.0
03/2026,6,5.1.01.11.000005,0.0
03/2026,6,5.1.01.11.000006,0.0
03/2026,6,5.1.01.11.000007,0.0
03/2026,6,5.1.01.11.000008,0.0
03/2026,6,5.1.01.11.000009,0.0
03/2026,6,5.1.01.11.000012,0.0
03/2026,6,5.1.01.11.000014,0.0
03/2026,6,5.1.01.11.000015,0.0
03/2026,6,5.1.01.11.000016,0.0
03/2026,6,5.1.01.11.000017,0.0
03/2026,6,5.1.01.11.000021,0.0
03/2026,6,5.1.01.11.000022,0.0
03/2026,6,5.1.01.11.000025,0.0
03/2026,6,5.1.01.11.000026,0.0
03/2026,6,5.1.01.11.000027,0.0
03/2026,6,5.1.01.12.000001,0.0
03/2026,6,5.1.01.12.000009,0.0
03/2026,6,5.1.01.12.000011,0.0
03/2026,6,5.1.01.12.000020,0.0
03/2026,6,5.1.01.13.000001,0.0
03/2026,6,5.1.03.01.000001,0.0
03/2026,6,5.1.03.01.000002,0.0
03/2026,6,5.1.03.01.000004,0.0
03/2026,6,5.1.03.01.000007,0.0
03/2026,6,5.1.04.01.000001,0.0
03/2026,6,5.1.04.01.000004,0.0
03/2026,6,5.1.04.01.000005,0.0
03/2026,6,5.1.04.01.000006,0.0
03/2026,6,5.1.04.01.000011,0.0
03/2026,6,5.1.04.01.000013,0.0
03/2026,6,5.1.04.01.000014,0.0
03/2026,6,5.1.04.02.000001,0.0
03/2026,6,5.1.04.02.000002,0.0
03/2026,6,5.1.04.02.000003,0.0
03/2026,6,5.2.01.01.000001,0.0
03/2026,999,3.1.01.01.000002,0.0
03/2026,999,3.1.01.01.000003,9865.46713
03/2026,999,3.1.01.01.000004,0.0
03/2026,999,3.1.01.01.000006,0.0
03/2026,999,3.1.01.01.000008,0.0
03/2026,999,3.1.01.01.000009,0.0
03/2026,999,3.1.01.01.000010,0.0
03/2026,999,3.1.01.01.000011,0.0
03/2026,999,3.1.01.01.000012,0.0
03/2026,999,3.1.01.01.000013,125.0
03/2026,999,3.1.02.01.000001,-90.0
03/2026,999,3.1.02.02.000004,0.0
03/2026,999,3.1.02.02.000005,0.0
03/2026,999,3.1.02.02.000008,0.0
03/2026,999,3.1.02.02.000010,0.0
03/2026,999,3.1.02.02.000011,0.0
03/2026,999,3.1.02.02.000012,0.0
03/2026,999,3.1.02.02.000013,-0.1728
03/2026,999,3.1.02.02.000014,-0.0864
03/2026,999,3.1.03.01.000007,0.0
03/2026,999,3.1.03.01.000011,0.0
03/2026,999,3.1.03.02.000001,0.0
03/2026,999,3.1.03.02.000003,0.0
03/2026,999,3.1.03.02.000004,0.0
03/2026,999,3.1.03.03.000001,133.29122
03/2026,999,3.2.01.01.000001,6381.0
03/2026,999,3.2.01.01.000005,4.408
03/2026,999,3.2.01.02.000001,0.0
03/2026,999,3.2.01.02.000002,3.15287
03/2026,999,3.2.01.02.000003,0.0
03/2026,999,3.2.01.02.000004,0.11625
03/2026,999,3.2.01.02.000005,0.0
03/2026,999,3.2.01.02.000006,0.0
03/2026,999,3.2.01.03.000001,0.0
03/2026,999,4.1.01.01.000001,-347.92573
03/2026,999,4.1.01.01.000002,0.0
03/2026,999,4.1.01.01.000003,-26.69655
03/2026,999,4.1.01.01.000004,0.0
03/2026,999,4.1.01.01.000006,0.0
03/2026,999,4.1.01.01.000007,0.0
03/2026,999,4.1.01.01.000009,-1.41788
03/2026,999,4.1.01.01.000010,0.0
03/2026,999,4.1.01.02.000001,-96.44977
03/2026,999,4.1.01.02.000002,-32.30559
03/2026,999,4.1.01.02.000003,-19.74366
03/2026,999,4.1.01.02.000004,0.0
03/2026,999,4.1.01.02.000005,0.0
03/2026,999,4.1.01.02.000007,-0.8048
03/2026,999,4.1.01.03.000001,-34.18485
03/2026,999,4.1.01.03.000003,0.0
03/2026,999,4.1.01.03.000004,-19.77121
03/2026,999,4.1.01.03.000005,0.0
03/2026,999,4.1.01.03.000006,-5.47647
03/2026,999,4.1.01.03.000008,-2.3009
03/2026,999,4.1.01.03.000009,-49.66068
03/2026,999,4.1.01.03.000010,0.0
03/2026,999,4.1.01.03.000013,0.0
03/2026,999,4.1.01.04.000002,0.0
03/2026,999,4.1.01.04.000004,-40.11911
03/2026,999,4.1.01.05.000001,-0.6445
03/2026,999,4.1.01.05.000002,-0.81789
03/2026,999,4.1.01.05.000003,-0.18305
03/2026,999,4.1.01.05.000004,-0.30587
03/2026,999,4.1.01.05.000005,-1.86585
03/2026,999,4.1.01.05.000006,-17.12147
03/2026,999,4.1.01.05.000007,-3.56
03/2026,999,4.1.01.05.000008,0.0
03/2026,999,4.1.01.05.000009,0.0
03/2026,999,4.1.01.06.000001,-62.66227
03/2026,999,4.1.01.06.000002,-22.72
03/2026,999,4.1.01.06.000003,0.0
03/2026,999,4.1.01.06.000004,-220.2074
03/2026,999,4.1.01.06.000007,0.0
03/2026,999,4.1.01.07.000001,-0.59036
03/2026,999,4.1.01.07.000002,-2.44553
03/2026,999,4.1.01.07.000003,-27.6792
03/2026,999,4.1.01.07.000004,-41.75758
03/2026,999,4.1.01.07.000005,-5.54023
03/2026,999,4.1.01.07.000006,-11.98
03/2026,999,4.1.01.07.000007,-7.33195
03/2026,999,4.1.01.07.000008,-0.368
03/2026,999,4.1.01.07.000009,0.0
03/2026,999,4.1.01.07.000010,-4.564
03/2026,999,4.1.01.07.000011,0.0
03/2026,999,4.1.01.07.000012,-16.85248
03/2026,999,4.1.01.07.000013,-15.62751
03/2026,999,4.1.01.07.000014,-5.705
03/2026,999,4.1.01.07.000015,0.0
03/2026,999,4.1.01.07.000016,-32.0
03/2026,999,4.1.01.07.000017,-9.0
03/2026,999,4.1.01.07.000018,0.0
03/2026,999,4.1.01.07.000019,0.0
03/2026,999,4.1.01.07.000020,0.0
03/2026,999,4.1.01.08.000001,-9.443
03/2026,999,4.1.01.08.000002,0.0
03/2026,999,4.1.01.08.000003,0.0
03/2026,999,4.1.01.08.000004,-775.32321
03/2026,999,4.1.01.08.000005,-38.1698
03/2026,999,4.1.01.08.000007,0.0
03/2026,999,4.1.01.08.000008,0.0
03/2026,999,4.1.01.09.000004,-35.08969
03/2026,999,4.1.01.09.000006,0.0
03/2026,999,4.1.01.10.000001,0.0
03/2026,999,4.1.01.10.000003,0.0
03/2026,999,4.1.01.10.000004,0.0
03/2026,999,4.1.01.10.000005,0.0
03/2026,999,4.1.01.11.000002,-34.77241
03/2026,999,4.1.01.11.000003,0.0
03/2026,999,4.1.01.11.000004,0.0
03/2026,999,4.1.01.11.000007,0.0
03/2026,999,4.1.01.11.000009,-78.17369
03/2026,999,4.1.01.11.000010,0.0
03/2026,999,4.1.01.11.000017,0.0
03/2026,999,4.1.01.11.000019,0.0
03/2026,999,4.1.01.11.000020,0.0
03/2026,999,4.1.01.11.000021,0.0
03/2026,999,4.1.01.11.000025,0.0
03/2026,999,4.1.01.11.000026,0.0
03/2026,999,4.1.01.12.000001,-2.29623
03/2026,999,4.1.01.12.000002,0.0
03/2026,999,4.1.01.13.000001,0.0
03/2026,999,4.1.01.13.000002,0.0
03/2026,999,4.1.01.13.000003,0.0
03/2026,999,4.1.01.13.000004,0.0
03/2026,999,4.1.01.13.000005,0.0
03/2026,999,5.1.01.01.000001,-195.6234
03/2026,999,5.1.01.01.000003,0.0
03/2026,999,5.1.01.01.000004,-123.25224
03/2026,999,5.1.01.01.000005,0.0
03/2026,999,5.1.01.01.000008,0.0
03/2026,999,5.1.01.01.000012,0.0
03/2026,999,5.1.01.01.000020,0.0
03/2026,999,5.1.01.01.000021,0.0
03/2026,999,5.1.01.01.000022,0.0
03/2026,999,5.1.01.01.000023,-12.52695
03/2026,999,5.1.01.01.000024,0.0
03/2026,999,5.1.01.02.000001,-62.86043
03/2026,999,5.1.01.02.000002,-26.71146
03/2026,999,5.1.01.02.000003,0.0
03/2026,999,5.1.01.02.000005,0.0
03/2026,999,5.1.01.02.000006,0.0
03/2026,999,5.1.01.02.000007,0.0
03/2026,999,5.1.01.02.000020,0.0
03/2026,999,5.1.01.02.000021,0.0
03/2026,999,5.1.01.02.000022,0.0
03/2026,999,5.1.01.03.000001,-2.11688
03/2026,999,5.1.01.03.000004,1.2876
03/2026,999,5.1.01.03.000006,0.0
03/2026,999,5.1.01.03.000008,0.0
03/2026,999,5.1.01.03.000009,-0.221
03/2026,999,5.1.01.03.000010,-3.62
03/2026,999,5.1.01.03.000012,0.0
03/2026,999,5.1.01.03.000013,0.0
03/2026,999,5.1.01.03.000014,0.0
03/2026,999,5.1.01.04.000001,0.0
03/2026,999,5.1.01.04.000002,0.0
03/2026,999,5.1.01.04.000003,0.0
03/2026,999,5.1.01.04.000004,0.0
03/2026,999,5.1.01.05.000001,0.0
03/2026,999,5.1.01.05.000002,-1.9199
03/2026,999,5.1.01.05.000003,0.0
03/2026,999,5.1.01.05.000004,0.0
03/2026,999,5.1.01.05.000005,-0.293
03/2026,999,5.1.01.05.000006,-15.16102
03/2026,999,5.1.01.05.000007,0.0
03/2026,999,5.1.01.05.000009,-0.235
03/2026,999,5.1.01.05.000010,0.0
03/2026,999,5.1.01.06.000001,-2.41184
03/2026,999,5.1.01.06.000002,0.0
03/2026,999,5.1.01.06.000003,0.0
03/2026,999,5.1.01.06.000004,0.0
03/2026,999,5.1.01.06.000005,0.0
03/2026,999,5.1.01.06.000006,-33.0217
03/2026,999,5.1.01.06.000008,0.0
03/2026,999,5.1.01.07.000001,0.0
03/2026,999,5.1.01.07.000002,0.0
03/2026,999,5.1.01.07.000003,-13.03248
03/2026,999,5.1.01.07.000004,0.0
03/2026,999,5.1.01.07.000005,0.0
03/2026,999,5.1.01.07.000007,0.0
03/2026,999,5.1.01.07.000008,0.0
03/2026,999,5.1.01.07.000010,-53.81752
03/2026,999,5.1.01.07.000014,0.0
03/2026,999,5.1.01.07.000015,-0.72
03/2026,999,5.1.01.07.000020,0.0
03/2026,999,5.1.01.07.000021,0.0
03/2026,999,5.1.01.08.000001,-0.496
03/2026,999,5.1.01.08.000002,0.0
03/2026,999,5.1.01.08.000003,0.0
03/2026,999,5.1.01.08.000004,-0.23
03/2026,999,5.1.01.08.000005,-237.22213
03/2026,999,5.1.01.09.000001,0.0
03/2026,999,5.1.01.09.000003,0.0
03/2026,999,5.1.01.09.000005,0.0
03/2026,999,5.1.01.09.000007,0.0
03/2026,999,5.1.01.09.000008,0.0
03/2026,999,5.1.01.10.000002,0.0
03/2026,999,5.1.01.10.000003,0.0
03/2026,999,5.1.01.10.000004,0.0
03/2026,999,5.1.01.11.000001,0.0
03/2026,999,5.1.01.11.000003,-10.24854
03/2026,999,5.1.01.11.000004,0.0
03/2026,999,5.1.01.11.000006,-3.85005
03/2026,999,5.1.01.11.000007,-15.5018
03/2026,999,5.1.01.11.000008,-1.63799
03/2026,999,5.1.01.11.000010,0.0
03/2026,999,5.1.01.11.000012,0.0
03/2026,999,5.1.01.11.000013,0.0
03/2026,999,5.1.01.11.000014,0.0
03/2026,999,5.1.01.11.000015,0.0
03/2026,999,5.1.01.11.000021,-0.1056
03/2026,999,5.1.01.11.000022,0.0
03/2026,999,5.1.01.11.000025,0.0
03/2026,999,5.1.01.11.000026,0.0
03/2026,999,5.1.01.11.000027,-0.98444
03/2026,999,5.1.01.11.000030,0.0
03/2026,999,5.1.01.11.000031,-2469.26787
03/2026,999,5.1.01.12.000003,0.0
03/2026,999,5.1.01.12.000008,0.0
03/2026,999,5.1.01.12.000009,0.0
03/2026,999,5.1.01.12.000019,0.0
03/2026,999,5.1.01.12.000021,0.0
03/2026,999,5.1.01.13.000001,0.0
03/2026,999,5.1.01.14.000001,0.0
03/2026,999,5.1.01.14.000002,0.0
03/2026,999,5.1.01.14.000003,0.0
03/2026,999,5.1.02.01.000006,0.0
03/2026,999,5.1.02.01.000009,0.0
03/2026,999,5.1.02.01.000010,0.0
03/2026,999,5.1.02.01.000011,0.0
03/2026,999,5.1.02.01.000012,7.21213
03/2026,999,5.1.03.01.000001,-15.43264
03/2026,999,5.1.03.01.000002,-2.05816
03/2026,999,5.1.03.01.000003,-62.78268
03/2026,999,5.1.03.01.000004,-4147.68727
03/2026,999,5.1.03.01.000005,-6.94788
03/2026,999,5.1.03.01.000007,-0.62908
03/2026,999,5.1.03.02.000001,-14.31648
03/2026,999,5.1.04.01.000001,-10.48481
03/2026,999,5.1.04.01.000002,0.0
03/2026,999,5.1.04.01.000004,-718.98682
03/2026,999,5.1.04.01.000005,0.0
03/2026,999,5.1.04.01.000006,-1.87862
03/2026,999,5.1.04.01.000007,0.0
03/2026,999,5.1.04.01.000009,0.0
03/2026,999,5.1.04.01.000010,0.0
03/2026,999,5.1.04.01.000011,0.0
03/2026,999,5.1.04.01.000014,-1655.04153
03/2026,999,5.1.04.01.000015,-0.1195
03/2026,999,5.1.04.01.000016,0.0
03/2026,999,5.1.04.01.000017,0.0
03/2026,999,5.1.04.02.000001,131.27248
03/2026,999,5.1.04.02.000002,0.00046
03/2026,999,5.1.04.02.000003,0.03494
03/2026,999,5.2.01.01.000001,6.25194
03/2026,999,5.9.01.01.000001,0.0
03/2026,999,5.9.01.01.000002,0.0
03/2026,999,5.9.01.02.000001,0.0
03/2026,999,5.9.01.02.000002,0.0
04/2022,6,3.1.01.01.000002,2139.82969
04/2022,6,3.1.01.01.000003,0.0
04/2022,6,3.1.02.02.000002,-42.79658
04/2022,6,3.1.02.02.000003,-35.30792
04/2022,6,3.1.02.02.000004,-162.6304
04/2022,6,3.1.02.02.000009,0.0
04/2022,6,3.1.02.02.000010,0.0
04/2022,6,3.1.03.02.000003,0.0
04/2022,6,4.1.01.01.000001,-365.96224
04/2022,6,4.1.01.01.000002,-10.0
04/2022,6,4.1.01.01.000003,0.0
04/2022,6,4.1.01.01.000009,0.0
04/2022,6,4.1.01.02.000001,-96.11022
04/2022,6,4.1.01.02.000002,-25.82659
04/2022,6,4.1.01.02.000003,-5.49854
04/2022,6,4.1.01.02.000004,-0.36462
04/2022,6,4.1.01.02.000006,0.0
04/2022,6,4.1.01.02.000007,-2.0
04/2022,6,4.1.01.03.000001,-26.12071
04/2022,6,4.1.01.03.000003,0.0
04/2022,6,4.1.01.03.000004,0.0
04/2022,6,4.1.01.03.000006,-2.52587
04/2022,6,4.1.01.03.000009,-46.68587
04/2022,6,4.1.01.03.000010,-0.088
04/2022,6,4.1.01.04.000004,0.0
04/2022,6,4.1.01.05.000001,0.0
04/2022,6,4.1.01.05.000002,-0.2998
04/2022,6,4.1.01.05.000003,0.0
04/2022,6,4.1.01.05.000006,-808.202
04/2022,6,4.1.01.06.000001,0.0
04/2022,6,4.1.01.06.000002,0.0
04/2022,6,4.1.01.06.000004,-36.68
04/2022,6,4.1.01.07.000007,0.0
04/2022,6,4.1.01.07.000012,0.0
04/2022,6,4.1.01.07.000013,0.0
04/2022,6,4.1.01.07.000014,-0.42
04/2022,6,4.1.01.08.000001,0.0
04/2022,6,4.1.01.08.000004,-83.96555
04/2022,6,4.1.01.08.000005,0.0
04/2022,6,4.1.01.08.000006,0.0
04/2022,6,4.1.01.11.000002,-12.80188
04/2022,6,4.1.01.11.000008,0.0
04/2022,6,4.1.01.11.000009,-3.75294
04/2022,6,4.1.01.11.000025,0.0
04/2022,6,5.1.01.01.000001,0.0
04/2022,6,5.1.01.01.000003,0.0
04/2022,6,5.1.01.01.000004,0.0
04/2022,6,5.1.01.02.000001,0.0
04/2022,6,5.1.01.02.000002,0.0
04/2022,6,5.1.01.02.000004,-0.39817
04/2022,6,5.1.01.02.000005,0.0
04/2022,6,5.1.01.02.000007,0.0
04/2022,6,5.1.01.03.000001,0.0
04/2022,6,5.1.01.03.000004,-1.634
04/2022,6,5.1.01.03.000006,0.0
04/2022,6,5.1.01.03.000009,0.0
04/2022,6,5.1.01.03.000010,-7.0058
04/2022,6,5.1.01.04.000001,0.0
04/2022,6,5.1.01.04.000002,0.0
04/2022,6,5.1.01.04.000004,0.0
04/2022,6,5.1.01.05.000001,-0.26
04/2022,6,5.1.01.05.000002,0.0
04/2022,6,5.1.01.05.000006,0.0
04/2022,6,5.1.01.06.000004,0.0
04/2022,6,5.1.01.06.000007,0.0
04/2022,6,5.1.01.07.000007,0.0
04/2022,6,5.1.01.07.000012,0.0
04/2022,6,5.1.01.08.000001,0.0
04/2022,6,5.1.01.08.000004,0.0
04/2022,6,5.1.01.08.000005,0.0
04/2022,6,5.1.01.11.000001,-0.14306
04/2022,6,5.1.01.11.000002,0.0
04/2022,6,5.1.01.11.000005,-2.0
04/2022,6,5.1.01.11.000006,-1.91468
04/2022,6,5.1.01.11.000007,0.0
04/2022,6,5.1.01.11.000008,-9.41058
04/2022,6,5.1.01.11.000009,0.0
04/2022,6,5.1.01.11.000012,0.0
04/2022,6,5.1.01.11.000014,0.0
04/2022,6,5.1.01.11.000015,0.0
04/2022,6,5.1.01.11.000016,0.0
04/2022,6,5.1.01.11.000017,0.0
04/2022,6,5.1.01.11.000021,0.0
04/2022,6,5.1.01.11.000022,-0.09061
04/2022,6,5.1.01.11.000025,0.0
04/2022,6,5.1.01.11.000027,0.0
04/2022,6,5.1.01.12.000001,-4.48195
04/2022,6,5.1.01.12.000009,0.0
04/2022,6,5.1.01.12.000011,-0.43998
04/2022,6,5.1.01.12.000020,-0.00366
04/2022,6,5.1.03.01.000004,-1046.2259
04/2022,6,5.1.04.01.000001,-0.006
04/2022,6,5.1.04.01.000004,-32.33262
04/2022,6,5.1.04.01.000005,0.0
04/2022,6,5.1.04.01.000006,-0.00203
04/2022,6,5.1.04.01.000013,0.0
04/2022,6,5.1.04.01.000014,0.0
04/2022,6,5.1.04.02.000001,0.04395
04/2022,6,5.1.04.02.000002,0.0
04/2022,999,3.1.01.01.000002,655.54976
04/2022,999,3.1.01.01.000003,47.6135
04/2022,999,3.1.01.01.000004,80.11277
04/2022,999,3.1.01.01.000006,60.50236
04/2022,999,3.1.01.01.000008,0.0
04/2022,999,3.1.01.01.000009,75.0
04/2022,999,3.1.01.01.000010,0.0
04/2022,999,3.1.01.01.000011,0.0
04/2022,999,3.1.01.01.000012,835.31011
04/2022,999,3.1.01.01.000013,19594.78378
04/2022,999,3.1.02.01.000001,0.0
04/2022,999,3.1.02.02.000005,-15.859
04/2022,999,3.1.02.02.000008,-76.1208
04/2022,999,3.1.02.02.000010,-34.98068
04/2022,999,3.1.02.02.000011,-10.30803
04/2022,999,3.1.02.02.000012,-47.55485
04/2022,999,3.1.02.02.000013,-0.24645
04/2022,999,3.1.02.02.000014,-0.12322
04/2022,999,3.1.03.01.000007,0.0
04/2022,999,3.1.03.01.000011,0.0
04/2022,999,3.1.03.02.000003,0.0
04/2022,999,3.2.01.01.000001,2525.5
04/2022,999,3.2.01.01.000005,0.0
04/2022,999,3.2.01.02.000001,400.0
04/2022,999,3.2.01.02.000002,11.94868
04/2022,999,3.2.01.02.000003,3.16994
04/2022,999,3.2.01.02.000004,27.92683
04/2022,999,4.1.01.01.000001,-480.52207
04/2022,999,4.1.01.01.000003,-33.85051
04/2022,999,4.1.01.01.000007,-4.41366
04/2022,999,4.1.01.02.000001,-146.45288
04/2022,999,4.1.01.02.000002,-42.27295
04/2022,999,4.1.01.02.000003,-6.43995
04/2022,999,4.1.01.02.000004,0.0
04/2022,999,4.1.01.02.000005,-54.37686
04/2022,999,4.1.01.02.000007,-8.79491
04/2022,999,4.1.01.03.000001,0.0
04/2022,999,4.1.01.03.000003,-6.84
04/2022,999,4.1.01.03.000004,-13.85047
04/2022,999,4.1.01.03.000005,-8.16949
04/2022,999,4.1.01.03.000006,0.0
04/2022,999,4.1.01.03.000008,0.0
04/2022,999,4.1.01.03.000009,-180.6154
04/2022,999,4.1.01.03.000010,-1.525
04/2022,999,4.1.01.03.000013,0.0
04/2022,999,4.1.01.04.000002,0.0
04/2022,999,4.1.01.04.000004,-20.882
04/2022,999,4.1.01.05.000001,-4.42
04/2022,999,4.1.01.05.000002,0.0
04/2022,999,4.1.01.05.000003,-2.05563
04/2022,999,4.1.01.05.000004,-7.0
04/2022,999,4.1.01.05.000005,0.0
04/2022,999,4.1.01.05.000006,-1974.55618
04/2022,999,4.1.01.05.000007,-305.838
04/2022,999,4.1.01.06.000001,0.0
04/2022,999,4.1.01.06.000002,-65.73214
04/2022,999,4.1.01.06.000003,-2.81
04/2022,999,4.1.01.06.000004,-272.2394
04/2022,999,4.1.01.07.000001,-2.50413
04/2022,999,4.1.01.07.000002,0.0
04/2022,999,4.1.01.07.000003,-81.84995
04/2022,999,4.1.01.07.000004,-4.80555
04/2022,999,4.1.01.07.000005,-146.51009
04/2022,999,4.1.01.07.000006,-8.1
04/2022,999,4.1.01.07.000007,-4.2973
04/2022,999,4.1.01.07.000008,0.0
04/2022,999,4.1.01.07.000009,-2.1964
04/2022,999,4.1.01.07.000010,-87.41131
04/2022,999,4.1.01.07.000011,-2.1144
04/2022,999,4.1.01.07.000012,-0.33415
04/2022,999,4.1.01.07.000013,-34.20565
04/2022,999,4.1.01.07.000014,-90.84391
04/2022,999,4.1.01.07.000015,-1.748
04/2022,999,4.1.01.07.000016,-48.0
04/2022,999,4.1.01.07.000017,-6.79577
04/2022,999,4.1.01.07.000018,0.0
04/2022,999,4.1.01.07.000019,-16.67967
04/2022,999,4.1.01.08.000001,-2.7654
04/2022,999,4.1.01.08.000002,-7.0
04/2022,999,4.1.01.08.000003,0.0
04/2022,999,4.1.01.08.000004,-2858.20708
04/2022,999,4.1.01.08.000005,-7.434
04/2022,999,4.1.01.09.000004,-102.04514
04/2022,999,4.1.01.10.000001,0.0
04/2022,999,4.1.01.10.000003,-0.93
04/2022,999,4.1.01.10.000004,-0.74279
04/2022,999,4.1.01.10.000005,0.0
04/2022,999,4.1.01.11.000002,-1047.98608
04/2022,999,4.1.01.11.000003,-0.1775
04/2022,999,4.1.01.11.000004,0.0
04/2022,999,4.1.01.11.000009,-110.88606
04/2022,999,4.1.01.11.000010,0.0
04/2022,999,4.1.01.11.000017,0.0
04/2022,999,4.1.01.11.000019,-13.30534
04/2022,999,4.1.01.11.000020,-108.32273
04/2022,999,4.1.01.11.000021,-0.0
04/2022,999,4.1.01.11.000025,-0.57799
04/2022,999,4.1.01.11.000026,0.0
04/2022,999,4.1.01.12.000001,-515.39967
04/2022,999,4.1.01.12.000002,-2095.98751
04/2022,999,4.1.01.13.000001,-1235.59302
04/2022,999,4.1.01.13.000002,-188.44512
04/2022,999,4.1.01.13.000003,0.0
04/2022,999,4.1.01.13.000004,-7.89432
04/2022,999,4.1.01.13.000005,-214.52076
04/2022,999,5.1.01.01.000003,0.0
04/2022,999,5.1.01.01.000008,0.0
04/2022,999,5.1.01.01.000020,-265.10862
04/2022,999,5.1.01.01.000021,-4.848
04/2022,999,5.1.01.01.000022,-19.40705
04/2022,999,5.1.01.02.000003,-3.69213
04/2022,999,5.1.01.02.000006,0.0
04/2022,999,5.1.01.02.000007,-0.80034
04/2022,999,5.1.01.02.000020,-84.03319
04/2022,999,5.1.01.02.000021,-24.23578
04/2022,999,5.1.01.02.000022,-37.79355
04/2022,999,5.1.01.03.000001,-55.16228
04/2022,999,5.1.01.03.000004,-16.43758
04/2022,999,5.1.01.03.000006,-3.011
04/2022,999,5.1.01.03.000008,0.0
04/2022,999,5.1.01.03.000009,-91.55211
04/2022,999,5.1.01.03.000010,-16.52401
04/2022,999,5.1.01.03.000012,0.0
04/2022,999,5.1.01.03.000013,0.0
04/2022,999,5.1.01.03.000014,-35.47482
04/2022,999,5.1.01.04.000001,0.0
04/2022,999,5.1.01.04.000002,0.0
04/2022,999,5.1.01.04.000003,-0.5943
04/2022,999,5.1.01.04.000004,-16.159
04/2022,999,5.1.01.05.000001,-18.71185
04/2022,999,5.1.01.05.000002,-13.99006
04/2022,999,5.1.01.05.000003,-9.869
04/2022,999,5.1.01.05.000004,-40.65229
04/2022,999,5.1.01.05.000005,0.0
04/2022,999,5.1.01.05.000006,0.0
04/2022,999,5.1.01.05.000007,0.0
04/2022,999,5.1.01.05.000009,-0.135
04/2022,999,5.1.01.06.000001,-77.4555
04/2022,999,5.1.01.06.000002,0.0
04/2022,999,5.1.01.06.000003,0.0
04/2022,999,5.1.01.06.000004,-87.09011
04/2022,999,5.1.01.06.000005,-20.69672
04/2022,999,5.1.01.06.000006,-53.599
04/2022,999,5.1.01.06.000008,-20.26933
04/2022,999,5.1.01.07.000001,0.0
04/2022,999,5.1.01.07.000002,0.0
04/2022,999,5.1.01.07.000003,-34.69417
04/2022,999,5.1.01.07.000004,-2.63393
04/2022,999,5.1.01.07.000005,-2.05532
04/2022,999,5.1.01.07.000007,0.0
04/2022,999,5.1.01.07.000008,0.0
04/2022,999,5.1.01.07.000010,-58.72516
04/2022,999,5.1.01.07.000014,0.0
04/2022,999,5.1.01.07.000015,-1.72566
04/2022,999,5.1.01.07.000020,0.0
04/2022,999,5.1.01.07.000021,0.0
04/2022,999,5.1.01.08.000001,-1.525
04/2022,999,5.1.01.08.000002,-0.1
04/2022,999,5.1.01.08.000003,-0.12495
04/2022,999,5.1.01.08.000004,0.0
04/2022,999,5.1.01.08.000005,-67.87079
04/2022,999,5.1.01.09.000001,0.0
04/2022,999,5.1.01.09.000003,-12.0
04/2022,999,5.1.01.09.000008,0.0
04/2022,999,5.1.01.10.000002,0.0
04/2022,999,5.1.01.10.000003,0.0
04/2022,999,5.1.01.10.000004,-0.79163
04/2022,999,5.1.01.11.000001,-5.6167
04/2022,999,5.1.01.11.000003,-18.53789
04/2022,999,5.1.01.11.000004,0.0
04/2022,999,5.1.01.11.000006,-62.23426
04/2022,999,5.1.01.11.000007,-27.20645
04/2022,999,5.1.01.11.000008,-1.52588
04/2022,999,5.1.01.11.000012,0.0
04/2022,999,5.1.01.11.000013,0.0
04/2022,999,5.1.01.11.000014,-0.21421
04/2022,999,5.1.01.11.000015,0.0
04/2022,999,5.1.01.11.000021,0.0
04/2022,999,5.1.01.11.000022,-10.48135
04/2022,999,5.1.01.11.000026,0.0
04/2022,999,5.1.01.11.000027,-0.17821
04/2022,999,5.1.01.11.000031,-3651.38444
04/2022,999,5.1.01.12.000003,0.0
04/2022,999,5.1.01.12.000008,0.0
04/2022,999,5.1.01.12.000009,-3399.38911
04/2022,999,5.1.01.12.000019,0.0
04/2022,999,5.1.02.01.000006,-4.54519
04/2022,999,5.1.03.01.000001,-1.07524
04/2022,999,5.1.03.01.000002,-1.4516
04/2022,999,5.1.03.01.000004,-11896.30716
04/2022,999,5.1.03.01.000005,-0.70208
04/2022,999,5.1.04.01.000001,-17.16374
04/2022,999,5.1.04.01.000002,-0.165
04/2022,999,5.1.04.01.000004,-884.25151
04/2022,999,5.1.04.01.000005,-0.4338
04/2022,999,5.1.04.01.000006,-622.64561
04/2022,999,5.1.04.01.000007,0.0
04/2022,999,5.1.04.01.000010,-0.52107
04/2022,999,5.1.04.01.000011,-388.27283
04/2022,999,5.1.04.02.000001,39.46926
04/2022,999,5.1.04.02.000002,32.46336
04/2022,999,5.1.04.02.000003,0.01
04/2023,6,3.1.01.01.000002,2396.20831
04/2023,6,3.1.01.01.000003,0.0
04/2023,6,3.1.02.02.000002,0.0
04/2023,6,3.1.02.02.000003,0.0
04/2023,6,3.1.02.02.000004,0.0
04/2023,6,3.1.02.02.000009,0.0
04/2023,6,3.1.02.02.000010,-47.92416
04/2023,6,3.1.03.02.000003,1.0
04/2023,6,3.2.01.01.000001,2560.0
04/2023,6,4.1.01.01.000001,-362.54892
04/2023,6,4.1.01.01.000002,0.0
04/2023,6,4.1.01.01.000003,-25.84005
04/2023,6,4.1.01.01.000009,-27.24083
04/2023,6,4.1.01.01.000010,0.0
04/2023,6,4.1.01.02.000001,-110.05169
04/2023,6,4.1.01.02.000002,-31.7632
04/2023,6,4.1.01.02.000003,-3.20983
04/2023,6,4.1.01.02.000004,0.0
04/2023,6,4.1.01.02.000006,0.0
04/2023,6,4.1.01.02.000007,0.0
04/2023,6,4.1.01.03.000001,-20.01
04/2023,6,4.1.01.03.000003,0.0
04/2023,6,4.1.01.03.000004,-1.52829
04/2023,6,4.1.01.03.000006,-2.282
04/2023,6,4.1.01.03.000009,-59.38801
04/2023,6,4.1.01.03.000010,-9.99
04/2023,6,4.1.01.04.000004,-7.09975
04/2023,6,4.1.01.05.000001,0.0
04/2023,6,4.1.01.05.000002,0.0
04/2023,6,4.1.01.05.000003,0.0
04/2023,6,4.1.01.05.000006,-726.74775
04/2023,6,4.1.01.06.000001,-2.29
04/2023,6,4.1.01.06.000002,0.0
04/2023,6,4.1.01.06.000004,-52.67
04/2023,6,4.1.01.07.000007,0.0
04/2023,6,4.1.01.07.000012,-0.28022
04/2023,6,4.1.01.07.000013,-0.6
04/2023,6,4.1.01.07.000014,0.0
04/2023,6,4.1.01.08.000001,0.0
04/2023,6,4.1.01.08.000004,-228.17357
04/2023,6,4.1.01.08.000005,-0.362
04/2023,6,4.1.01.08.000006,0.0
04/2023,6,4.1.01.11.000002,-8.29321
04/2023,6,4.1.01.11.000008,-13.51492
04/2023,6,4.1.01.11.000009,-0.54599
04/2023,6,4.1.01.11.000025,0.0
04/2023,6,5.1.01.01.000001,-25.35244
04/2023,6,5.1.01.01.000003,0.0
04/2023,6,5.1.01.01.000004,0.0
04/2023,6,5.1.01.01.000023,0.0
04/2023,6,5.1.01.01.000024,0.0
04/2023,6,5.1.01.02.000001,-7.00852
04/2023,6,5.1.01.02.000002,-2.05376
04/2023,6,5.1.01.02.000004,0.0
04/2023,6,5.1.01.02.000005,0.0
04/2023,6,5.1.01.02.000007,-0.09662
04/2023,6,5.1.01.03.000001,0.0
04/2023,6,5.1.01.03.000004,-0.42008
04/2023,6,5.1.01.03.000006,0.0
04/2023,6,5.1.01.03.000009,-1.294
04/2023,6,5.1.01.03.000010,0.0
04/2023,6,5.1.01.04.000001,0.0
04/2023,6,5.1.01.04.000002,0.0
04/2023,6,5.1.01.04.000004,0.0
04/2023,6,5.1.01.05.000001,-0.12199
04/2023,6,5.1.01.05.000002,0.0
04/2023,6,5.1.01.05.000006,0.0
04/2023,6,5.1.01.05.000009,0.0
04/2023,6,5.1.01.06.000004,0.0
04/2023,6,5.1.01.06.000007,0.0
04/2023,6,5.1.01.07.000007,-0.3151
04/2023,6,5.1.01.07.000012,0.0
04/2023,6,5.1.01.08.000001,0.0
04/2023,6,5.1.01.08.000004,0.0
04/2023,6,5.1.01.08.000005,0.0
04/2023,6,5.1.01.11.000001,0.0
04/2023,6,5.1.01.11.000002,0.0
04/2023,6,5.1.01.11.000005,0.0
04/2023,6,5.1.01.11.000006,-0.09662
04/2023,6,5.1.01.11.000007,-0.71212
04/2023,6,5.1.01.11.000008,0.0
04/2023,6,5.1.01.11.000009,0.0
04/2023,6,5.1.01.11.000012,0.0
04/2023,6,5.1.01.11.000014,0.0
04/2023,6,5.1.01.11.000015,0.0
04/2023,6,5.1.01.11.000016,-27.81061
04/2023,6,5.1.01.11.000017,-128.0973
04/2023,6,5.1.01.11.000021,-0.1065
04/2023,6,5.1.01.11.000022,0.0
04/2023,6,5.1.01.11.000025,-0.26254
04/2023,6,5.1.01.11.000027,-0.15161
04/2023,6,5.1.01.12.000001,0.0
04/2023,6,5.1.01.12.000009,0.0
04/2023,6,5.1.01.12.000011,0.0
04/2023,6,5.1.01.12.000020,0.0
04/2023,6,5.1.03.01.000004,-657.37626
04/2023,6,5.1.04.01.000001,-4.51626
04/2023,6,5.1.04.01.000004,-56.30047
04/2023,6,5.1.04.01.000005,-1e-05
04/2023,6,5.1.04.01.000006,-0.00544
04/2023,6,5.1.04.01.000013,0.0
04/2023,6,5.1.04.01.000014,-122.61348
04/2023,6,5.1.04.02.000001,0.00659
04/2023,6,5.1.04.02.000002,0.30302
04/2023,6,5.2.01.01.000001,-10.69073
04/2023,7,3.1.01.01.000005,4421.42223
04/2023,7,3.1.02.01.000001,-2.42954
04/2023,7,3.2.01.01.000003,10.0
04/2023,7,3.2.01.02.000003,0.0
04/2023,7,4.1.02.01.000001,-62.31686
04/2023,7,4.1.02.01.000003,-2.32268
04/2023,7,4.1.02.01.000009,0.0
04/2023,7,4.1.02.01.000010,0.0
04/2023,7,4.1.02.02.000001,-24.40608
04/2023,7,4.1.02.02.000002,-5.49436
04/2023,7,4.1.02.02.000003,-0.94739
04/2023,7,4.1.02.02.000005,-10.04558
04/2023,7,4.1.02.02.000006,0.0
04/2023,7,4.1.02.02.000008,0.0
04/2023,7,4.1.02.03.000004,-0.6643
04/2023,7,4.1.02.03.000006,-1.097
04/2023,7,4.1.02.03.000009,-11.7652
04/2023,7,4.1.02.03.000010,0.0
04/2023,7,4.1.02.03.000013,0.0
04/2023,7,4.1.02.05.000001,-1.0137
04/2023,7,4.1.02.05.000002,-1.134
04/2023,7,4.1.02.05.000003,-1.77898
04/2023,7,4.1.02.05.000004,-0.28
04/2023,7,4.1.02.05.000005,0.0
04/2023,7,4.1.02.05.000006,-3435.68958
04/2023,7,4.1.02.05.000007,-0.69066
04/2023,7,4.1.02.05.000009,0.0
04/2023,7,4.1.02.06.000001,-3.0
04/2023,7,4.1.02.06.000004,-261.95826
04/2023,7,4.1.02.07.000003,-16.81753
04/2023,7,4.1.02.07.000004,-0.5557
04/2023,7,4.1.02.07.000007,0.0
04/2023,7,4.1.02.07.000010,-8.9379
04/2023,7,4.1.02.07.000016,-48.44602
04/2023,7,4.1.02.08.000001,-6.88085
04/2023,7,4.1.02.08.000005,-0.3771
04/2023,7,5.1.01.05.000005,0.0
04/2023,7,5.1.01.05.000009,-0.135
04/2023,7,5.1.01.07.000007,-0.64319
04/2023,7,5.1.01.11.000005,-0.6
04/2023,7,5.1.01.11.000006,0.0
04/2023,7,5.1.01.11.000007,-0.23131
04/2023,7,5.1.01.11.000008,-1.18883
04/2023,7,5.1.01.11.000016,-0.165
04/2023,7,5.1.01.11.000017,-0.76
04/2023,7,5.1.01.13.000001,-11.94444
04/2023,7,5.1.04.01.000001,-5.79331
04/2023,7,5.1.04.01.000002,-46.17316
04/2023,7,5.1.04.01.000004,-77.69958
04/2023,7,5.1.04.01.000005,-18.24098
04/2023,7,5.1.04.01.000006,-2.72545
04/2023,7,5.1.04.01.000014,-48.59878
04/2023,7,5.1.04.02.000001,0.02998
04/2023,7,5.1.04.02.000002,0.8971
04/2023,7,5.1.04.02.000003,0.20544
04/2023,7,5.2.01.01.000001,-93.79884
04/2023,7,5.9.01.01.000001,0.0
04/2023,7,5.9.01.02.000001,0.0
04/2023,999,3.1.01.01.000002,659.98173
04/2023,999,3.1.01.01.000003,3.465
04/2023,999,3.1.01.01.000004,9.47317
04/2023,999,3.1.01.01.000006,2.0
04/2023,999,3.1.01.01.000008,0.0
04/2023,999,3.1.01.01.000009,0.0
04/2023,999,3.1.01.01.000010,0.0
04/2023,999,3.1.01.01.000011,0.0
04/2023,999,3.1.01.01.000012,0.0
04/2023,999,3.1.01.01.000013,38641.98361
04/2023,999,3.1.02.01.000001,0.0
04/2023,999,3.1.02.02.000005,0.0
04/2023,999,3.1.02.02.000008,0.0
04/2023,999,3.1.02.02.000010,-33.17233
04/2023,999,3.1.02.02.000011,0.0
04/2023,999,3.1.02.02.000012,0.0
04/2023,999,3.1.02.02.000013,-1.16924
04/2023,999,3.1.02.02.000014,-0.58462
04/2023,999,3.1.03.01.000007,0.0
04/2023,999,3.1.03.01.000011,0.0
04/2023,999,3.1.03.02.000003,0.0
04/2023,999,3.2.01.01.000001,3759.0
04/2023,999,3.2.01.01.000005,9.742
04/2023,999,3.2.01.02.000001,379.73464
04/2023,999,3.2.01.02.000002,0.0
04/2023,999,3.2.01.02.000003,119.625
04/2023,999,3.2.01.02.000004,0.0
04/2023,999,4.1.01.01.000001,-598.14166
04/2023,999,4.1.01.01.000002,0.0
04/2023,999,4.1.01.01.000003,-32.93462
04/2023,999,4.1.01.01.000007,0.0
04/2023,999,4.1.01.01.000009,-73.37072
04/2023,999,4.1.01.01.000010,0.0
04/2023,999,4.1.01.02.000001,-182.24452
04/2023,999,4.1.01.02.000002,-55.65274
04/2023,999,4.1.01.02.000003,-8.16536
04/2023,999,4.1.01.02.000004,0.0
04/2023,999,4.1.01.02.000005,0.0
04/2023,999,4.1.01.02.000007,-3.8116
04/2023,999,4.1.01.03.000001,-72.87141
04/2023,999,4.1.01.03.000003,0.0
04/2023,999,4.1.01.03.000004,-8.55032
04/2023,999,4.1.01.03.000005,-18.02578
04/2023,999,4.1.01.03.000006,-8.177
04/2023,999,4.1.01.03.000008,-2.25
04/2023,999,4.1.01.03.000009,-77.7879
04/2023,999,4.1.01.03.000010,-16.25702
04/2023,999,4.1.01.03.000013,-0.05353
04/2023,999,4.1.01.04.000002,-1.11758
04/2023,999,4.1.01.04.000004,-71.1627
04/2023,999,4.1.01.05.000001,-5.20703
04/2023,999,4.1.01.05.000002,-3.81633
04/2023,999,4.1.01.05.000003,-0.941
04/2023,999,4.1.01.05.000004,-1.4975
04/2023,999,4.1.01.05.000005,-2.47731
04/2023,999,4.1.01.05.000006,-1672.89359
04/2023,999,4.1.01.05.000007,-303.697
04/2023,999,4.1.01.05.000008,0.0
04/2023,999,4.1.01.06.000001,-24.0
04/2023,999,4.1.01.06.000002,-46.70298
04/2023,999,4.1.01.06.000003,0.0
04/2023,999,4.1.01.06.000004,-142.99206
04/2023,999,4.1.01.07.000001,-1.15915
04/2023,999,4.1.01.07.000002,-0.18996
04/2023,999,4.1.01.07.000003,-68.0109
04/2023,999,4.1.01.07.000004,-94.43959
04/2023,999,4.1.01.07.000005,-51.13047
04/2023,999,4.1.01.07.000006,-7.8
04/2023,999,4.1.01.07.000007,-4.1014
04/2023,999,4.1.01.07.000008,-0.637
04/2023,999,4.1.01.07.000009,0.0
04/2023,999,4.1.01.07.000010,0.0
04/2023,999,4.1.01.07.000011,-0.6
04/2023,999,4.1.01.07.000012,-0.66578
04/2023,999,4.1.01.07.000013,-35.34666
04/2023,999,4.1.01.07.000014,-327.81754
04/2023,999,4.1.01.07.000015,0.0
04/2023,999,4.1.01.07.000016,-6.0
04/2023,999,4.1.01.07.000017,-8.5
04/2023,999,4.1.01.07.000018,0.0
04/2023,999,4.1.01.07.000019,0.0
04/2023,999,4.1.01.07.000020,-10.32
04/2023,999,4.1.01.08.000001,-20.20742
04/2023,999,4.1.01.08.000002,-16.31579
04/2023,999,4.1.01.08.000003,0.0
04/2023,999,4.1.01.08.000004,-1977.235
04/2023,999,4.1.01.08.000005,-33.22917
04/2023,999,4.1.01.09.000004,-50.62694
04/2023,999,4.1.01.10.000001,-2.738
04/2023,999,4.1.01.10.000003,0.0
04/2023,999,4.1.01.10.000004,0.0
04/2023,999,4.1.01.10.000005,0.0
04/2023,999,4.1.01.11.000002,-58.41261
04/2023,999,4.1.01.11.000003,0.0
04/2023,999,4.1.01.11.000004,0.0
04/2023,999,4.1.01.11.000007,-0.06286
04/2023,999,4.1.01.11.000009,-27.18903
04/2023,999,4.1.01.11.000010,0.0
04/2023,999,4.1.01.11.000017,0.0
04/2023,999,4.1.01.11.000019,0.0
04/2023,999,4.1.01.11.000020,0.0
04/2023,999,4.1.01.11.000021,0.0
04/2023,999,4.1.01.11.000025,-14.563
04/2023,999,4.1.01.11.000026,0.0
04/2023,999,4.1.01.12.000001,-12.53237
04/2023,999,4.1.01.12.000002,-7.9021
04/2023,999,4.1.01.13.000001,-0.30848
04/2023,999,4.1.01.13.000002,0.0
04/2023,999,4.1.01.13.000003,0.0
04/2023,999,4.1.01.13.000004,0.0
04/2023,999,4.1.01.13.000005,0.0
04/2023,999,5.1.01.01.000001,-366.85093
04/2023,999,5.1.01.01.000003,0.0
04/2023,999,5.1.01.01.000004,-39.91637
04/2023,999,5.1.01.01.000008,0.0
04/2023,999,5.1.01.01.000012,0.0
04/2023,999,5.1.01.01.000020,0.0
04/2023,999,5.1.01.01.000021,0.0
04/2023,999,5.1.01.01.000022,0.0
04/2023,999,5.1.01.01.000023,-35.31459
04/2023,999,5.1.01.01.000024,0.0
04/2023,999,5.1.01.02.000001,-113.22808
04/2023,999,5.1.01.02.000002,-29.60106
04/2023,999,5.1.01.02.000003,-7.77014
04/2023,999,5.1.01.02.000006,0.0
04/2023,999,5.1.01.02.000007,-4.9188
04/2023,999,5.1.01.02.000020,0.0
04/2023,999,5.1.01.02.000021,0.0
04/2023,999,5.1.01.02.000022,0.0
04/2023,999,5.1.01.03.000001,0.0
04/2023,999,5.1.01.03.000004,-13.17532
04/2023,999,5.1.01.03.000006,0.0
04/2023,999,5.1.01.03.000008,0.0
04/2023,999,5.1.01.03.000009,-32.619
04/2023,999,5.1.01.03.000010,-14.83712
04/2023,999,5.1.01.03.000012,0.0
04/2023,999,5.1.01.03.000013,-0.12
04/2023,999,5.1.01.03.000014,0.0
04/2023,999,5.1.01.04.000001,-0.4
04/2023,999,5.1.01.04.000002,-1.42567
04/2023,999,5.1.01.04.000003,0.0
04/2023,999,5.1.01.04.000004,-56.0
04/2023,999,5.1.01.05.000001,-9.33
04/2023,999,5.1.01.05.000002,-1.36626
04/2023,999,5.1.01.05.000003,0.0
04/2023,999,5.1.01.05.000004,-2.647
04/2023,999,5.1.01.05.000005,-0.7772
04/2023,999,5.1.01.05.000006,-5.41463
04/2023,999,5.1.01.05.000007,-4.47219
04/2023,999,5.1.01.05.000009,-0.305
04/2023,999,5.1.01.06.000001,-4.5263
04/2023,999,5.1.01.06.000002,0.0
04/2023,999,5.1.01.06.000003,0.0
04/2023,999,5.1.01.06.000004,0.0
04/2023,999,5.1.01.06.000005,-4.557
04/2023,999,5.1.01.06.000006,-57.29827
04/2023,999,5.1.01.06.000008,0.0
04/2023,999,5.1.01.07.000001,0.0
04/2023,999,5.1.01.07.000002,0.0
04/2023,999,5.1.01.07.000003,0.0
04/2023,999,5.1.01.07.000004,-1.77159
04/2023,999,5.1.01.07.000005,0.0
04/2023,999,5.1.01.07.000007,-1.22423
04/2023,999,5.1.01.07.000008,0.0
04/2023,999,5.1.01.07.000010,-33.57814
04/2023,999,5.1.01.07.000014,0.0
04/2023,999,5.1.01.07.000015,-1.44
04/2023,999,5.1.01.07.000020,0.0
04/2023,999,5.1.01.07.000021,0.0
04/2023,999,5.1.01.08.000001,-0.05
04/2023,999,5.1.01.08.000002,0.0
04/2023,999,5.1.01.08.000003,0.0
04/2023,999,5.1.01.08.000004,0.0
04/2023,999,5.1.01.08.000005,0.0
04/2023,999,5.1.01.09.000001,0.0
04/2023,999,5.1.01.09.000003,-12.0
04/2023,999,5.1.01.09.000008,0.0
04/2023,999,5.1.01.10.000002,0.0
04/2023,999,5.1.01.10.000003,0.0
04/2023,999,5.1.01.10.000004,0.0
04/2023,999,5.1.01.11.000001,0.0
04/2023,999,5.1.01.11.000003,-0.1935
04/2023,999,5.1.01.11.000004,0.0
04/2023,999,5.1.01.11.000006,-5.18109
04/2023,999,5.1.01.11.000007,-63.63517
04/2023,999,5.1.01.11.000008,-7.11326
04/2023,999,5.1.01.11.000012,0.0
04/2023,999,5.1.01.11.000013,0.0
04/2023,999,5.1.01.11.000014,0.0
04/2023,999,5.1.01.11.000015,0.0
04/2023,999,5.1.01.11.000021,-65.17379
04/2023,999,5.1.01.11.000022,0.0
04/2023,999,5.1.01.11.000025,0.0
04/2023,999,5.1.01.11.000026,0.0
04/2023,999,5.1.01.11.000027,0.0
04/2023,999,5.1.01.11.000031,0.0
04/2023,999,5.1.01.12.000003,0.0
04/2023,999,5.1.01.12.000008,0.0
04/2023,999,5.1.01.12.000009,0.0
04/2023,999,5.1.01.12.000019,0.0
04/2023,999,5.1.01.13.000001,-6.98692
04/2023,999,5.1.01.14.000001,0.0
04/2023,999,5.1.01.14.000002,0.0
04/2023,999,5.1.02.01.000006,0.0
04/2023,999,5.1.02.01.000009,0.0
04/2023,999,5.1.02.01.000010,0.0
04/2023,999,5.1.02.01.000011,0.0
04/2023,999,5.1.03.01.000001,0.0
04/2023,999,5.1.03.01.000002,0.0
04/2023,999,5.1.03.01.000003,0.0
04/2023,999,5.1.03.01.000004,-18164.28201
04/2023,999,5.1.03.01.000005,0.0
04/2023,999,5.1.03.01.000007,0.0
04/2023,999,5.1.03.02.000001,-9.92644
04/2023,999,5.1.04.01.000001,-13.61203
04/2023,999,5.1.04.01.000002,0.0
04/2023,999,5.1.04.01.000004,-2578.98122
04/2023,999,5.1.04.01.000005,-0.00047
04/2023,999,5.1.04.01.000006,-7.63641
04/2023,999,5.1.04.01.000007,0.0
04/2023,999,5.1.04.01.000010,0.0
04/2023,999,5.1.04.01.000011,-220.3267
04/2023,999,5.1.04.01.000014,-4503.01572
04/2023,999,5.1.04.01.000015,-0.18849
04/2023,999,5.1.04.01.000016,-50.3
04/2023,999,5.1.04.01.000017,0.0
04/2023,999,5.1.04.02.000001,99.12316
04/2023,999,5.1.04.02.000002,28.28728
04/2023,999,5.1.04.02.000003,1e-05
04/2023,999,5.2.01.01.000001,1292.72401
04/2023,999,5.9.01.01.000001,0.0
04/2023,999,5.9.01.01.000002,0.0
04/2023,999,5.9.01.02.000001,0.0
04/2023,999,5.9.01.02.000002,0.0
04/2024,6,3.1.01.01.000002,2175.17919
04/2024,6,3.1.01.01.000003,0.0
04/2024,6,3.1.02.02.000002,0.0
04/2024,6,3.1.02.02.000003,0.0
04/2024,6,3.1.02.02.000004,0.0
04/2024,6,3.1.02.02.000009,0.0
04/2024,6,3.1.02.02.000010,-43.50359
04/2024,6,3.1.03.02.000003,0.0
04/2024,6,3.2.01.01.000001,0.0
04/2024,6,4.1.01.01.000001,-361.20128
04/2024,6,4.1.01.01.000002,0.0
04/2024,6,4.1.01.01.000003,-17.07262
04/2024,6,4.1.01.01.000008,0.0
04/2024,6,4.1.01.01.000009,-31.65593
04/2024,6,4.1.01.01.000010,0.0
04/2024,6,4.1.01.02.000001,-107.77276
04/2024,6,4.1.01.02.000002,-37.04896
04/2024,6,4.1.01.02.000003,0.0
04/2024,6,4.1.01.02.000004,0.0
04/2024,6,4.1.01.02.000006,0.0
04/2024,6,4.1.01.02.000007,0.0
04/2024,6,4.1.01.03.000001,-20.71059
04/2024,6,4.1.01.03.000003,-42.24
04/2024,6,4.1.01.03.000004,-0.19684
04/2024,6,4.1.01.03.000006,-2.272
04/2024,6,4.1.01.03.000009,-0.62778
04/2024,6,4.1.01.03.000010,0.0
04/2024,6,4.1.01.04.000004,-5.6
04/2024,6,4.1.01.05.000001,-1.20195
04/2024,6,4.1.01.05.000002,0.0
04/2024,6,4.1.01.05.000003,-2.5758
04/2024,6,4.1.01.05.000006,-747.31996
04/2024,6,4.1.01.06.000001,0.0
04/2024,6,4.1.01.06.000002,0.0
04/2024,6,4.1.01.06.000004,0.0
04/2024,6,4.1.01.07.000007,0.0
04/2024,6,4.1.01.07.000012,0.0
04/2024,6,4.1.01.07.000013,0.0
04/2024,6,4.1.01.07.000014,0.0
04/2024,6,4.1.01.07.000018,0.0
04/2024,6,4.1.01.08.000001,0.0
04/2024,6,4.1.01.08.000004,-126.10257
04/2024,6,4.1.01.08.000005,0.0
04/2024,6,4.1.01.08.000006,0.0
04/2024,6,4.1.01.11.000002,0.0
04/2024,6,4.1.01.11.000007,-0.66592
04/2024,6,4.1.01.11.000008,0.0
04/2024,6,4.1.01.11.000009,0.0
04/2024,6,4.1.01.11.000025,0.0
04/2024,6,5.1.01.01.000001,-23.56199
04/2024,6,5.1.01.01.000003,0.0
04/2024,6,5.1.01.01.000004,-1.92972
04/2024,6,5.1.01.01.000023,0.0
04/2024,6,5.1.01.01.000024,0.0
04/2024,6,5.1.01.02.000001,-6.97351
04/2024,6,5.1.01.02.000002,-2.0435
04/2024,6,5.1.01.02.000003,0.0
04/2024,6,5.1.01.02.000004,0.0
04/2024,6,5.1.01.02.000005,0.0
04/2024,6,5.1.01.02.000007,0.0
04/2024,6,5.1.01.03.000001,-1.2552
04/2024,6,5.1.01.03.000004,-1.13674
04/2024,6,5.1.01.03.000006,0.0
04/2024,6,5.1.01.03.000009,-2.2
04/2024,6,5.1.01.03.000010,-2.0
04/2024,6,5.1.01.04.000001,0.0
04/2024,6,5.1.01.04.000002,0.0
04/2024,6,5.1.01.04.000004,0.0
04/2024,6,5.1.01.05.000001,0.0
04/2024,6,5.1.01.05.000002,0.0
04/2024,6,5.1.01.05.000006,-0.81217
04/2024,6,5.1.01.05.000009,0.0
04/2024,6,5.1.01.06.000001,0.0
04/2024,6,5.1.01.06.000004,0.0
04/2024,6,5.1.01.06.000007,0.0
04/2024,6,5.1.01.07.000007,0.0
04/2024,6,5.1.01.07.000012,0.0
04/2024,6,5.1.01.08.000001,0.0
04/2024,6,5.1.01.08.000004,0.0
04/2024,6,5.1.01.08.000005,0.0
04/2024,6,5.1.01.11.000001,0.0
04/2024,6,5.1.01.11.000002,0.0
04/2024,6,5.1.01.11.000005,0.0
04/2024,6,5.1.01.11.000006,-0.09009
04/2024,6,5.1.01.11.000007,-0.18131
04/2024,6,5.1.01.11.000008,-9.14469
04/2024,6,5.1.01.11.000009,0.0
04/2024,6,5.1.01.11.000012,0.0
04/2024,6,5.1.01.11.000014,0.0
04/2024,6,5.1.01.11.000015,0.0
04/2024,6,5.1.01.11.000016,0.0
04/2024,6,5.1.01.11.000017,0.0
04/2024,6,5.1.01.11.000021,0.0
04/2024,6,5.1.01.11.000022,0.0
04/2024,6,5.1.01.11.000025,0.0
04/2024,6,5.1.01.11.000026,0.0
04/2024,6,5.1.01.11.000027,-0.17478
04/2024,6,5.1.01.12.000001,0.0
04/2024,6,5.1.01.12.000009,0.0
04/2024,6,5.1.01.12.000011,0.0
04/2024,6,5.1.01.12.000020,0.0
04/2024,6,5.1.01.13.000001,-9.53941
04/2024,6,5.1.03.01.000001,-0.20932
04/2024,6,5.1.03.01.000002,-0.03652
04/2024,6,5.1.03.01.000004,-159.59604
04/2024,6,5.1.03.01.000007,-0.00584
04/2024,6,5.1.04.01.000001,-7.65501
04/2024,6,5.1.04.01.000004,-99.90608
04/2024,6,5.1.04.01.000005,0.0
04/2024,6,5.1.04.01.000006,-0.00304
04/2024,6,5.1.04.01.000013,0.0
04/2024,6,5.1.04.01.000014,-166.287
04/2024,6,5.1.04.02.000001,0.00273
04/2024,6,5.1.04.02.000002,0.09315
04/2024,6,5.2.01.01.000001,-0.75749
04/2024,7,3.1.01.01.000005,3982.49189
04/2024,7,3.1.02.01.000001,0.0
04/2024,7,3.2.01.01.000003,32.0
04/2024,7,3.2.01.02.000002,3.46895
04/2024,7,3.2.01.02.000003,0.0
04/2024,7,4.1.02.01.000001,-69.79201
04/2024,7,4.1.02.01.000003,-0.8249
04/2024,7,4.1.02.01.000008,1.97084
04/2024,7,4.1.02.01.000009,-7.69484
04/2024,7,4.1.02.01.000010,-18.92019
04/2024,7,4.1.02.02.000001,-20.65551
04/2024,7,4.1.02.02.000002,-6.09514
04/2024,7,4.1.02.02.000003,0.0
04/2024,7,4.1.02.02.000005,0.0
04/2024,7,4.1.02.02.000006,0.0
04/2024,7,4.1.02.02.000007,-0.8
04/2024,7,4.1.02.02.000008,0.0
04/2024,7,4.1.02.03.000001,0.0
04/2024,7,4.1.02.03.000004,-9.218
04/2024,7,4.1.02.03.000005,0.0
04/2024,7,4.1.02.03.000006,-1.648
04/2024,7,4.1.02.03.000009,-18.3291
04/2024,7,4.1.02.03.000010,-3.8353
04/2024,7,4.1.02.03.000013,0.0
04/2024,7,4.1.02.04.000003,0.0
04/2024,7,4.1.02.04.000004,0.0
04/2024,7,4.1.02.05.000001,-2.37316
04/2024,7,4.1.02.05.000002,-1.83095
04/2024,7,4.1.02.05.000003,0.0
04/2024,7,4.1.02.05.000004,-0.335
04/2024,7,4.1.02.05.000005,-0.55064
04/2024,7,4.1.02.05.000006,-3404.99793
04/2024,7,4.1.02.05.000007,0.0
04/2024,7,4.1.02.05.000009,-2.08011
04/2024,7,4.1.02.05.000010,-4.4786
04/2024,7,4.1.02.06.000001,-5.47205
04/2024,7,4.1.02.06.000004,0.0
04/2024,7,4.1.02.07.000003,-18.4887
04/2024,7,4.1.02.07.000004,-0.561
04/2024,7,4.1.02.07.000006,0.0
04/2024,7,4.1.02.07.000007,-0.36557
04/2024,7,4.1.02.07.000010,-4.7073
04/2024,7,4.1.02.07.000016,-47.97328
04/2024,7,4.1.02.08.000001,-12.117
04/2024,7,4.1.02.08.000002,-0.35
04/2024,7,4.1.02.08.000005,-6.00784
04/2024,7,5.1.01.04.000002,-0.1185
04/2024,7,5.1.01.04.000003,0.0
04/2024,7,5.1.01.05.000005,0.0
04/2024,7,5.1.01.05.000009,-0.37063
04/2024,7,5.1.01.07.000007,0.0
04/2024,7,5.1.01.07.000010,0.0
04/2024,7,5.1.01.07.000015,-0.8
04/2024,7,5.1.01.07.000021,0.0
04/2024,7,5.1.01.09.000003,0.0
04/2024,7,5.1.01.09.000008,-0.2085
04/2024,7,5.1.01.11.000001,-2.86105
04/2024,7,5.1.01.11.000005,0.0
04/2024,7,5.1.01.11.000006,-3.19936
04/2024,7,5.1.01.11.000007,-0.94687
04/2024,7,5.1.01.11.000008,-0.29362
04/2024,7,5.1.01.11.000016,-0.528
04/2024,7,5.1.01.11.000017,-2.432
04/2024,7,5.1.01.11.000027,-0.1573
04/2024,7,5.1.01.13.000001,-5.0
04/2024,7,5.1.02.01.000009,0.0
04/2024,7,5.1.02.01.000010,0.0
04/2024,7,5.1.02.01.000011,0.0
04/2024,7,5.1.04.01.000001,-11.0259
04/2024,7,5.1.04.01.000002,0.0
04/2024,7,5.1.04.01.000003,-51.76884
04/2024,7,5.1.04.01.000004,-50.94143
04/2024,7,5.1.04.01.000005,-0.02014
04/2024,7,5.1.04.01.000006,-1.69478
04/2024,7,5.1.04.01.000014,-19.68201
04/2024,7,5.1.04.02.000001,0.04995
04/2024,7,5.1.04.02.000002,0.02409
04/2024,7,5.1.04.02.000003,0.01654
04/2024,7,5.2.01.01.000001,0.03
04/2024,7,5.9.01.01.000001,0.0
04/2024,7,5.9.01.02.000001,0.0
04/2024,999,3.1.01.01.000002,0.0
04/2024,999,3.1.01.01.000003,16.14934
04/2024,999,3.1.01.01.000004,14.51996
04/2024,999,3.1.01.01.000006,2.1
04/2024,999,3.1.01.01.000008,0.0
04/2024,999,3.1.01.01.000009,0.0
04/2024,999,3.1.01.01.000010,0.0
04/2024,999,3.1.01.01.000011,0.0
04/2024,999,3.1.01.01.000012,0.0
04/2024,999,3.1.01.01.000013,33160.02443
04/2024,999,3.1.02.01.000001,0.0
04/2024,999,3.1.02.02.000004,0.0
04/2024,999,3.1.02.02.000005,0.0
04/2024,999,3.1.02.02.000008,0.0
04/2024,999,3.1.02.02.000010,-0.80747
04/2024,999,3.1.02.02.000011,0.0
04/2024,999,3.1.02.02.000012,0.0
04/2024,999,3.1.02.02.000013,-1.52886
04/2024,999,3.1.02.02.000014,-0.76445
04/2024,999,3.1.03.01.000007,0.0
04/2024,999,3.1.03.01.000011,0.0
04/2024,999,3.1.03.02.000003,0.0
04/2024,999,3.2.01.01.000001,2397.0
04/2024,999,3.2.01.01.000005,7.247
04/2024,999,3.2.01.02.000001,0.0
04/2024,999,3.2.01.02.000002,0.0
04/2024,999,3.2.01.02.000003,0.0
04/2024,999,3.2.01.02.000004,132.06885
04/2024,999,3.2.01.02.000006,0.0
04/2024,999,3.2.01.03.000001,0.0
04/2024,999,4.1.01.01.000001,-518.6977
04/2024,999,4.1.01.01.000002,0.0
04/2024,999,4.1.01.01.000003,-79.79459
04/2024,999,4.1.01.01.000006,0.0
04/2024,999,4.1.01.01.000007,0.0
04/2024,999,4.1.01.01.000009,-42.25209
04/2024,999,4.1.01.01.000010,0.0
04/2024,999,4.1.01.02.000001,-150.39215
04/2024,999,4.1.01.02.000002,-48.70909
04/2024,999,4.1.01.02.000003,-25.45529
04/2024,999,4.1.01.02.000004,0.0
04/2024,999,4.1.01.02.000005,0.0
04/2024,999,4.1.01.02.000007,-5.38842
04/2024,999,4.1.01.03.000001,-31.5611
04/2024,999,4.1.01.03.000003,0.0
04/2024,999,4.1.01.03.000004,-31.44709
04/2024,999,4.1.01.03.000005,-22.54317
04/2024,999,4.1.01.03.000006,-2.03899
04/2024,999,4.1.01.03.000008,-0.51617
04/2024,999,4.1.01.03.000009,-84.17131
04/2024,999,4.1.01.03.000010,-0.1
04/2024,999,4.1.01.03.000013,0.0
04/2024,999,4.1.01.04.000002,-0.3442
04/2024,999,4.1.01.04.000004,-90.89443
04/2024,999,4.1.01.05.000001,-6.55723
04/2024,999,4.1.01.05.000002,-8.78685
04/2024,999,4.1.01.05.000003,0.0
04/2024,999,4.1.01.05.000004,-0.137
04/2024,999,4.1.01.05.000005,-4.34286
04/2024,999,4.1.01.05.000006,-169.87461
04/2024,999,4.1.01.05.000007,-1.80079
04/2024,999,4.1.01.05.000008,-0.0899
04/2024,999,4.1.01.05.000009,0.0
04/2024,999,4.1.01.06.000001,-58.13346
04/2024,999,4.1.01.06.000002,-28.9056
04/2024,999,4.1.01.06.000003,0.0
04/2024,999,4.1.01.06.000004,-133.92244
04/2024,999,4.1.01.07.000001,-1.06923
04/2024,999,4.1.01.07.000002,-0.2971
04/2024,999,4.1.01.07.000003,-73.06987
04/2024,999,4.1.01.07.000004,-1.58584
04/2024,999,4.1.01.07.000005,-96.5614
04/2024,999,4.1.01.07.000006,-11.25
04/2024,999,4.1.01.07.000007,-1.51101
04/2024,999,4.1.01.07.000008,-1.229
04/2024,999,4.1.01.07.000009,0.0
04/2024,999,4.1.01.07.000010,-24.08152
04/2024,999,4.1.01.07.000011,0.0
04/2024,999,4.1.01.07.000012,-19.7031
04/2024,999,4.1.01.07.000013,-40.27777
04/2024,999,4.1.01.07.000014,-132.83751
04/2024,999,4.1.01.07.000015,0.0
04/2024,999,4.1.01.07.000016,-52.0
04/2024,999,4.1.01.07.000017,0.0
04/2024,999,4.1.01.07.000018,0.0
04/2024,999,4.1.01.07.000019,-0.397
04/2024,999,4.1.01.07.000020,0.0
04/2024,999,4.1.01.08.000001,-9.63608
04/2024,999,4.1.01.08.000002,0.0
04/2024,999,4.1.01.08.000003,0.0
04/2024,999,4.1.01.08.000004,-2116.45361
04/2024,999,4.1.01.08.000005,-26.43435
04/2024,999,4.1.01.08.000007,0.0
04/2024,999,4.1.01.09.000004,-75.27193
04/2024,999,4.1.01.09.000006,0.0
04/2024,999,4.1.01.10.000001,0.0
04/2024,999,4.1.01.10.000003,0.0
04/2024,999,4.1.01.10.000004,0.0
04/2024,999,4.1.01.10.000005,0.0
04/2024,999,4.1.01.11.000002,-261.34566
04/2024,999,4.1.01.11.000003,0.0
04/2024,999,4.1.01.11.000004,0.0
04/2024,999,4.1.01.11.000007,0.0
04/2024,999,4.1.01.11.000009,-72.98915
04/2024,999,4.1.01.11.000010,0.0
04/2024,999,4.1.01.11.000017,0.0
04/2024,999,4.1.01.11.000019,-8.14085
04/2024,999,4.1.01.11.000020,-7.31408
04/2024,999,4.1.01.11.000021,0.0
04/2024,999,4.1.01.11.000025,0.0
04/2024,999,4.1.01.11.000026,0.0
04/2024,999,4.1.01.12.000001,-5.04171
04/2024,999,4.1.01.12.000002,-34.99845
04/2024,999,4.1.01.13.000001,0.0
04/2024,999,4.1.01.13.000002,0.0
04/2024,999,4.1.01.13.000003,0.0
04/2024,999,4.1.01.13.000004,0.0
04/2024,999,4.1.01.13.000005,0.0
04/2024,999,5.1.01.01.000001,-406.0919
04/2024,999,5.1.01.01.000003,0.0
04/2024,999,5.1.01.01.000004,-8.78936
04/2024,999,5.1.01.01.000008,0.0
04/2024,999,5.1.01.01.000012,-5.64928
04/2024,999,5.1.01.01.000020,0.0
04/2024,999,5.1.01.01.000021,0.0
04/2024,999,5.1.01.01.000022,0.0
04/2024,999,5.1.01.01.000023,-20.21095
04/2024,999,5.1.01.01.000024,0.0
04/2024,999,5.1.01.02.000001,-116.46732
04/2024,999,5.1.01.02.000002,-35.82051
04/2024,999,5.1.01.02.000003,-3.6688
04/2024,999,5.1.01.02.000006,0.0
04/2024,999,5.1.01.02.000007,0.0
04/2024,999,5.1.01.02.000020,0.0
04/2024,999,5.1.01.02.000021,0.0
04/2024,999,5.1.01.02.000022,0.0
04/2024,999,5.1.01.03.000001,-43.68862
04/2024,999,5.1.01.03.000004,-19.98761
04/2024,999,5.1.01.03.000006,-3.995
04/2024,999,5.1.01.03.000008,-2.83034
04/2024,999,5.1.01.03.000009,-52.0648
04/2024,999,5.1.01.03.000010,-6.0744
04/2024,999,5.1.01.03.000012,0.0
04/2024,999,5.1.01.03.000013,0.0
04/2024,999,5.1.01.03.000014,0.0
04/2024,999,5.1.01.04.000001,0.0
04/2024,999,5.1.01.04.000002,-0.12314
04/2024,999,5.1.01.04.000003,0.0
04/2024,999,5.1.01.04.000004,-65.10489
04/2024,999,5.1.01.05.000001,-27.59915
04/2024,999,5.1.01.05.000002,-0.69428
04/2024,999,5.1.01.05.000003,0.0
04/2024,999,5.1.01.05.000004,0.0
04/2024,999,5.1.01.05.000005,-4.12809
04/2024,999,5.1.01.05.000006,-16.26944
04/2024,999,5.1.01.05.000007,-1.05188
04/2024,999,5.1.01.05.000009,-0.37063
04/2024,999,5.1.01.06.000001,-57.61682
04/2024,999,5.1.01.06.000002,0.0
04/2024,999,5.1.01.06.000003,0.0
04/2024,999,5.1.01.06.000004,-53.67569
04/2024,999,5.1.01.06.000005,0.0
04/2024,999,5.1.01.06.000006,-61.0204
04/2024,999,5.1.01.06.000008,0.0
04/2024,999,5.1.01.07.000001,0.0
04/2024,999,5.1.01.07.000002,0.0
04/2024,999,5.1.01.07.000003,0.0
04/2024,999,5.1.01.07.000004,0.0
04/2024,999,5.1.01.07.000005,-6.59007
04/2024,999,5.1.01.07.000007,0.0
04/2024,999,5.1.01.07.000008,0.0
04/2024,999,5.1.01.07.000010,-205.32004
04/2024,999,5.1.01.07.000014,0.0
04/2024,999,5.1.01.07.000015,-1.44
04/2024,999,5.1.01.07.000020,0.0
04/2024,999,5.1.01.07.000021,-0.93184
04/2024,999,5.1.01.08.000001,-3.68679
04/2024,999,5.1.01.08.000002,0.0
04/2024,999,5.1.01.08.000003,0.0
04/2024,999,5.1.01.08.000004,-6.44792
04/2024,999,5.1.01.08.000005,-35.04322
04/2024,999,5.1.01.09.000001,0.0
04/2024,999,5.1.01.09.000003,-23.0
04/2024,999,5.1.01.09.000005,0.0
04/2024,999,5.1.01.09.000008,-0.52455
04/2024,999,5.1.01.10.000002,0.0
04/2024,999,5.1.01.10.000003,0.0
04/2024,999,5.1.01.10.000004,0.0
04/2024,999,5.1.01.11.000001,-6.17541
04/2024,999,5.1.01.11.000003,0.0
04/2024,999,5.1.01.11.000004,0.0
04/2024,999,5.1.01.11.000006,-13.13485
04/2024,999,5.1.01.11.000007,-13.94192
04/2024,999,5.1.01.11.000008,-4.43656
04/2024,999,5.1.01.11.000010,0.0
04/2024,999,5.1.01.11.000012,0.0
04/2024,999,5.1.01.11.000013,0.0
04/2024,999,5.1.01.11.000014,0.0
04/2024,999,5.1.01.11.000015,0.0
04/2024,999,5.1.01.11.000021,0.0
04/2024,999,5.1.01.11.000022,0.0
04/2024,999,5.1.01.11.000025,0.0
04/2024,999,5.1.01.11.000026,0.0
04/2024,999,5.1.01.11.000027,-0.62445
04/2024,999,5.1.01.11.000031,0.0
04/2024,999,5.1.01.12.000003,0.0
04/2024,999,5.1.01.12.000008,0.0
04/2024,999,5.1.01.12.000009,0.0
04/2024,999,5.1.01.12.000019,0.0
04/2024,999,5.1.01.13.000001,-8.11795
04/2024,999,5.1.01.14.000001,0.0
04/2024,999,5.1.01.14.000002,0.0
04/2024,999,5.1.01.14.000003,0.0
04/2024,999,5.1.02.01.000006,0.0
04/2024,999,5.1.02.01.000009,0.0
04/2024,999,5.1.02.01.000010,-427.18015
04/2024,999,5.1.02.01.000011,0.0
04/2024,999,5.1.02.01.000012,0.0
04/2024,999,5.1.03.01.000001,-29.48324
04/2024,999,5.1.03.01.000002,-3.49364
04/2024,999,5.1.03.01.000003,-125.56532
04/2024,999,5.1.03.01.000004,-7717.65546
04/2024,999,5.1.03.01.000005,-12.84756
04/2024,999,5.1.03.01.000007,-0.61905
04/2024,999,5.1.03.02.000001,-12.27789
04/2024,999,5.1.04.01.000001,-25.83219
04/2024,999,5.1.04.01.000002,0.0
04/2024,999,5.1.04.01.000004,-1050.56932
04/2024,999,5.1.04.01.000005,-17.34217
04/2024,999,5.1.04.01.000006,-56.38471
04/2024,999,5.1.04.01.000007,0.0
04/2024,999,5.1.04.01.000009,0.0
04/2024,999,5.1.04.01.000010,0.0
04/2024,999,5.1.04.01.000011,0.0
04/2024,999,5.1.04.01.000014,-2589.8139
04/2024,999,5.1.04.01.000015,-0.0515
04/2024,999,5.1.04.01.000016,-0.0695
04/2024,999,5.1.04.01.000017,-401.89626
04/2024,999,5.1.04.02.000001,107.63586
04/2024,999,5.1.04.02.000002,16.21884
04/2024,999,5.1.04.02.000003,0.09172
04/2024,999,5.2.01.01.000001,50.27664
04/2024,999,5.9.01.01.000001,0.0
04/2024,999,5.9.01.01.000002,0.0
04/2024,999,5.9.01.02.000001,0.0
04/2024,999,5.9.01.02.000002,0.0
04/2025,6,3.1.01.01.000002,2664.86348
04/2025,6,3.1.01.01.000003,0.0
04/2025,6,3.1.01.01.000013,75.0
04/2025,6,3.1.02.02.000002,0.0
04/2025,6,3.1.02.02.000003,0.0
04/2025,6,3.1.02.02.000004,0.0
04/2025,6,3.1.02.02.000009,0.0
04/2025,6,3.1.02.02.000010,-51.79729
04/2025,6,3.1.03.02.000003,0.0
04/2025,6,3.1.03.03.000001,0.0
04/2025,6,3.2.01.01.000001,0.0
04/2025,6,3.2.01.02.000002,0.9094
04/2025,6,4.1.01.01.000001,-407.7663
04/2025,6,4.1.01.01.000002,0.0
04/2025,6,4.1.01.01.000003,-3.22011
04/2025,6,4.1.01.01.000006,-0.8415
04/2025,6,4.1.01.01.000008,0.0
04/2025,6,4.1.01.01.000009,-35.90359
04/2025,6,4.1.01.01.000010,0.0
04/2025,6,4.1.01.02.000001,-86.09729
04/2025,6,4.1.01.02.000002,-35.82232
04/2025,6,4.1.01.02.000003,-0.77227
04/2025,6,4.1.01.02.000004,0.0
04/2025,6,4.1.01.02.000006,0.0
04/2025,6,4.1.01.02.000007,0.0
04/2025,6,4.1.01.03.000001,-26.46231
04/2025,6,4.1.01.03.000003,0.0
04/2025,6,4.1.01.03.000004,-0.64489
04/2025,6,4.1.01.03.000006,-9.258
04/2025,6,4.1.01.03.000009,-46.68217
04/2025,6,4.1.01.03.000010,0.0
04/2025,6,4.1.01.04.000004,-5.92066
04/2025,6,4.1.01.05.000001,0.0
04/2025,6,4.1.01.05.000002,0.0
04/2025,6,4.1.01.05.000003,0.0
04/2025,6,4.1.01.05.000006,-806.65742
04/2025,6,4.1.01.06.000001,-4.752
04/2025,6,4.1.01.06.000002,0.0
04/2025,6,4.1.01.06.000004,-5.16
04/2025,6,4.1.01.07.000007,0.0
04/2025,6,4.1.01.07.000012,-1.94808
04/2025,6,4.1.01.07.000013,0.0
04/2025,6,4.1.01.07.000014,0.0
04/2025,6,4.1.01.07.000018,0.0
04/2025,6,4.1.01.08.000001,0.0
04/2025,6,4.1.01.08.000004,-135.07604
04/2025,6,4.1.01.08.000005,0.0
04/2025,6,4.1.01.08.000006,0.0
04/2025,6,4.1.01.11.000002,-6.58432
04/2025,6,4.1.01.11.000007,0.0
04/2025,6,4.1.01.11.000008,0.0
04/2025,6,4.1.01.11.000009,-1.05489
04/2025,6,4.1.01.11.000025,0.0
04/2025,6,5.1.01.01.000001,0.0
04/2025,6,5.1.01.01.000003,0.0
04/2025,6,5.1.01.01.000004,0.0
04/2025,6,5.1.01.01.000023,0.0
04/2025,6,5.1.01.01.000024,0.0
04/2025,6,5.1.01.02.000001,0.0
04/2025,6,5.1.01.02.000002,0.0
04/2025,6,5.1.01.02.000003,0.0
04/2025,6,5.1.01.02.000004,0.0
04/2025,6,5.1.01.02.000005,0.0
04/2025,6,5.1.01.02.000007,0.0
04/2025,6,5.1.01.03.000001,0.0
04/2025,6,5.1.01.03.000004,0.0
04/2025,6,5.1.01.03.000006,0.0
04/2025,6,5.1.01.03.000009,0.0
04/2025,6,5.1.01.03.000010,0.0
04/2025,6,5.1.01.04.000001,0.0
04/2025,6,5.1.01.04.000002,0.0
04/2025,6,5.1.01.04.000004,0.0
04/2025,6,5.1.01.05.000001,0.0
04/2025,6,5.1.01.05.000002,0.0
04/2025,6,5.1.01.05.000006,0.0
04/2025,6,5.1.01.05.000009,0.0
04/2025,6,5.1.01.06.000001,0.0
04/2025,6,5.1.01.06.000004,0.0
04/2025,6,5.1.01.06.000007,0.0
04/2025,6,5.1.01.07.000007,0.0
04/2025,6,5.1.01.07.000012,0.0
04/2025,6,5.1.01.08.000001,0.0
04/2025,6,5.1.01.08.000004,0.0
04/2025,6,5.1.01.08.000005,0.0
04/2025,6,5.1.01.11.000001,0.0
04/2025,6,5.1.01.11.000002,0.0
04/2025,6,5.1.01.11.000005,0.0
04/2025,6,5.1.01.11.000006,0.0
04/2025,6,5.1.01.11.000007,-0.19317
04/2025,6,5.1.01.11.000008,-1.4537
04/2025,6,5.1.01.11.000009,0.0
04/2025,6,5.1.01.11.000012,0.0
04/2025,6,5.1.01.11.000014,0.0
04/2025,6,5.1.01.11.000015,0.0
04/2025,6,5.1.01.11.000016,-17.73999
04/2025,6,5.1.01.11.000017,-81.71148
04/2025,6,5.1.01.11.000021,0.0
04/2025,6,5.1.01.11.000022,0.0
04/2025,6,5.1.01.11.000025,0.0
04/2025,6,5.1.01.11.000026,-4.38887
04/2025,6,5.1.01.11.000027,-0.16354
04/2025,6,5.1.01.12.000001,0.0
04/2025,6,5.1.01.12.000009,0.0
04/2025,6,5.1.01.12.000011,0.0
04/2025,6,5.1.01.12.000020,0.0
04/2025,6,5.1.01.13.000001,0.0
04/2025,6,5.1.03.01.000001,-0.20936
04/2025,6,5.1.03.01.000002,-0.03652
04/2025,6,5.1.03.01.000004,-12.0
04/2025,6,5.1.03.01.000007,-0.05764
04/2025,6,5.1.04.01.000001,-4.29901
04/2025,6,5.1.04.01.000004,-5.23289
04/2025,6,5.1.04.01.000005,0.0
04/2025,6,5.1.04.01.000006,-0.00419
04/2025,6,5.1.04.01.000011,0.0
04/2025,6,5.1.04.01.000013,0.0
04/2025,6,5.1.04.01.000014,-82.14041
04/2025,6,5.1.04.02.000001,0.00545
04/2025,6,5.1.04.02.000002,0.0
04/2025,6,5.1.04.02.000003,55.70942
04/2025,6,5.2.01.01.000001,2.95483
04/2025,7,3.1.01.01.000005,6889.96893
04/2025,7,3.1.02.01.000001,0.0
04/2025,7,3.2.01.01.000003,28.0
04/2025,7,3.2.01.02.000002,9.23094
04/2025,7,3.2.01.02.000003,0.0
04/2025,7,4.1.01.08.000005,-6.6
04/2025,7,4.1.02.01.000001,-76.24737
04/2025,7,4.1.02.01.000003,0.0
04/2025,7,4.1.02.01.000008,0.0
04/2025,7,4.1.02.01.000009,-6.05168
04/2025,7,4.1.02.01.000010,-18.09804
04/2025,7,4.1.02.02.000001,-22.46497
04/2025,7,4.1.02.02.000002,-6.58315
04/2025,7,4.1.02.02.000003,0.0
04/2025,7,4.1.02.02.000005,0.0
04/2025,7,4.1.02.02.000006,0.0
04/2025,7,4.1.02.02.000007,-0.8
04/2025,7,4.1.02.02.000008,0.0
04/2025,7,4.1.02.03.000001,0.0
04/2025,7,4.1.02.03.000004,-8.102
04/2025,7,4.1.02.03.000005,0.0
04/2025,7,4.1.02.03.000006,-2.838
04/2025,7,4.1.02.03.000009,-14.935
04/2025,7,4.1.02.03.000010,0.0
04/2025,7,4.1.02.03.000013,0.0
04/2025,7,4.1.02.04.000003,-9.8085
04/2025,7,4.1.02.04.000004,0.0
04/2025,7,4.1.02.05.000001,-1.96617
04/2025,7,4.1.02.05.000002,-2.096
04/2025,7,4.1.02.05.000003,0.0
04/2025,7,4.1.02.05.000004,-0.385
04/2025,7,4.1.02.05.000005,-0.59435
04/2025,7,4.1.02.05.000006,-5085.84463
04/2025,7,4.1.02.05.000007,0.0
04/2025,7,4.1.02.05.000009,-5.21092
04/2025,7,4.1.02.05.000010,0.0
04/2025,7,4.1.02.06.000001,-11.6294
04/2025,7,4.1.02.06.000004,0.0
04/2025,7,4.1.02.07.000003,-20.24548
04/2025,7,4.1.02.07.000004,-0.561
04/2025,7,4.1.02.07.000006,-0.96
04/2025,7,4.1.02.07.000007,0.0
04/2025,7,4.1.02.07.000010,0.0
04/2025,7,4.1.02.07.000016,-49.13443
04/2025,7,4.1.02.08.000001,-6.68223
04/2025,7,4.1.02.08.000002,0.0
04/2025,7,4.1.02.08.000005,-5.8288
04/2025,7,5.1.01.04.000002,-0.179
04/2025,7,5.1.01.04.000003,0.0
04/2025,7,5.1.01.05.000001,0.0
04/2025,7,5.1.01.05.000003,0.0
04/2025,7,5.1.01.05.000005,0.0
04/2025,7,5.1.01.05.000009,-0.3555
04/2025,7,5.1.01.07.000007,0.0
04/2025,7,5.1.01.07.000010,-5.0711
04/2025,7,5.1.01.07.000015,-0.8
04/2025,7,5.1.01.07.000021,0.0
04/2025,7,5.1.01.08.000005,0.0
04/2025,7,5.1.01.09.000003,0.0
04/2025,7,5.1.01.09.000008,0.0
04/2025,7,5.1.01.11.000001,-1.89313
04/2025,7,5.1.01.11.000005,0.0
04/2025,7,5.1.01.11.000006,-3.07027
04/2025,7,5.1.01.11.000007,-0.2121
04/2025,7,5.1.01.11.000008,-0.05954
04/2025,7,5.1.01.11.000016,-0.462
04/2025,7,5.1.01.11.000017,-2.128
04/2025,7,5.1.01.11.000027,-0.16354
04/2025,7,5.1.01.13.000001,0.0
04/2025,7,5.1.01.14.000003,0.0
04/2025,7,5.1.02.01.000009,0.0
04/2025,7,5.1.02.01.000010,0.0
04/2025,7,5.1.02.01.000011,0.0
04/2025,7,5.1.04.01.000001,-17.35063
04/2025,7,5.1.04.01.000002,-239.59738
04/2025,7,5.1.04.01.000003,0.0
04/2025,7,5.1.04.01.000004,-26.54159
04/2025,7,5.1.04.01.000005,-0.11687
04/2025,7,5.1.04.01.000006,-0.03006
04/2025,7,5.1.04.01.000014,0.0
04/2025,7,5.1.04.02.000001,0.03491
04/2025,7,5.1.04.02.000002,0.0
04/2025,7,5.1.04.02.000003,0.15018
04/2025,7,5.2.01.01.000001,0.0
04/2025,7,5.9.01.01.000001,0.0
04/2025,7,5.9.01.02.000001,0.0
04/2025,999,3.1.01.01.000002,0.0
04/2025,999,3.1.01.01.000003,323.9503
04/2025,999,3.1.01.01.000004,335.10626
04/2025,999,3.1.01.01.000006,21.38893
04/2025,999,3.1.01.01.000008,0.0
04/2025,999,3.1.01.01.000009,0.0
04/2025,999,3.1.01.01.000010,0.0
04/2025,999,3.1.01.01.000011,0.0
04/2025,999,3.1.01.01.000012,0.0
04/2025,999,3.1.01.01.000013,34642.20997
04/2025,999,3.1.02.01.000001,0.0
04/2025,999,3.1.02.02.000004,0.0
04/2025,999,3.1.02.02.000005,0.0
04/2025,999,3.1.02.02.000008,0.0
04/2025,999,3.1.02.02.000010,-0.36353
04/2025,999,3.1.02.02.000011,0.0
04/2025,999,3.1.02.02.000012,0.0
04/2025,999,3.1.02.02.000013,-1.59396
04/2025,999,3.1.02.02.000014,-0.79697
04/2025,999,3.1.03.01.000007,0.0
04/2025,999,3.1.03.01.000011,0.0
04/2025,999,3.1.03.02.000001,0.0
04/2025,999,3.1.03.02.000003,0.0
04/2025,999,3.1.03.02.000004,0.0
04/2025,999,3.1.03.03.000001,0.0
04/2025,999,3.2.01.01.000001,5967.13399
04/2025,999,3.2.01.01.000005,1.47025
04/2025,999,3.2.01.02.000001,0.0
04/2025,999,3.2.01.02.000002,4.4109
04/2025,999,3.2.01.02.000003,0.3
04/2025,999,3.2.01.02.000004,0.0
04/2025,999,3.2.01.02.000005,0.0
04/2025,999,3.2.01.02.000006,0.0
04/2025,999,3.2.01.03.000001,0.0
04/2025,999,4.1.01.01.000001,-521.6911
04/2025,999,4.1.01.01.000002,-15.33346
04/2025,999,4.1.01.01.000003,-41.07177
04/2025,999,4.1.01.01.000004,0.0
04/2025,999,4.1.01.01.000006,0.0
04/2025,999,4.1.01.01.000007,0.0
04/2025,999,4.1.01.01.000009,-25.15571
04/2025,999,4.1.01.01.000010,0.0
04/2025,999,4.1.01.02.000001,-140.73998
04/2025,999,4.1.01.02.000002,-44.67166
04/2025,999,4.1.01.02.000003,-16.14311
04/2025,999,4.1.01.02.000004,0.0
04/2025,999,4.1.01.02.000005,0.0
04/2025,999,4.1.01.02.000007,-5.79787
04/2025,999,4.1.01.03.000001,-60.5789
04/2025,999,4.1.01.03.000003,0.0
04/2025,999,4.1.01.03.000004,-29.23982
04/2025,999,4.1.01.03.000005,0.0
04/2025,999,4.1.01.03.000006,-9.608
04/2025,999,4.1.01.03.000008,-0.25305
04/2025,999,4.1.01.03.000009,-64.6745
04/2025,999,4.1.01.03.000010,0.0
04/2025,999,4.1.01.03.000013,0.0
04/2025,999,4.1.01.04.000002,0.0
04/2025,999,4.1.01.04.000004,-103.66358
04/2025,999,4.1.01.05.000001,-0.339
04/2025,999,4.1.01.05.000002,-6.1994
04/2025,999,4.1.01.05.000003,-0.41388
04/2025,999,4.1.01.05.000004,0.0
04/2025,999,4.1.01.05.000005,-5.62826
04/2025,999,4.1.01.05.000006,-291.88323
04/2025,999,4.1.01.05.000007,-11.23268
04/2025,999,4.1.01.05.000008,0.0
04/2025,999,4.1.01.05.000009,-0.496
04/2025,999,4.1.01.06.000001,-56.72723
04/2025,999,4.1.01.06.000002,-49.33956
04/2025,999,4.1.01.06.000003,0.0
04/2025,999,4.1.01.06.000004,-205.20652
04/2025,999,4.1.01.06.000007,0.0
04/2025,999,4.1.01.07.000001,-2.12636
04/2025,999,4.1.01.07.000002,-0.4855
04/2025,999,4.1.01.07.000003,-69.05215
04/2025,999,4.1.01.07.000004,-140.04381
04/2025,999,4.1.01.07.000005,-10.0
04/2025,999,4.1.01.07.000006,-8.65
04/2025,999,4.1.01.07.000007,-25.62458
04/2025,999,4.1.01.07.000008,-0.795
04/2025,999,4.1.01.07.000009,0.0
04/2025,999,4.1.01.07.000010,-4.43
04/2025,999,4.1.01.07.000011,0.0
04/2025,999,4.1.01.07.000012,-34.06681
04/2025,999,4.1.01.07.000013,-54.77954
04/2025,999,4.1.01.07.000014,-178.39649
04/2025,999,4.1.01.07.000015,0.0
04/2025,999,4.1.01.07.000016,-52.0
04/2025,999,4.1.01.07.000017,0.0
04/2025,999,4.1.01.07.000018,-1.22
04/2025,999,4.1.01.07.000019,-11.41385
04/2025,999,4.1.01.07.000020,0.0
04/2025,999,4.1.01.08.000001,-13.66667
04/2025,999,4.1.01.08.000002,-0.385
04/2025,999,4.1.01.08.000003,-4.165
04/2025,999,4.1.01.08.000004,-2215.98083
04/2025,999,4.1.01.08.000005,-4.27399
04/2025,999,4.1.01.08.000007,-1.934
04/2025,999,4.1.01.08.000008,0.0
04/2025,999,4.1.01.09.000004,-122.29333
04/2025,999,4.1.01.09.000006,0.0
04/2025,999,4.1.01.10.000001,0.0
04/2025,999,4.1.01.10.000003,0.0
04/2025,999,4.1.01.10.000004,0.0
04/2025,999,4.1.01.10.000005,0.0
04/2025,999,4.1.01.11.000002,-208.54773
04/2025,999,4.1.01.11.000003,0.0
04/2025,999,4.1.01.11.000004,-10.35
04/2025,999,4.1.01.11.000007,0.0
04/2025,999,4.1.01.11.000009,-111.7085
04/2025,999,4.1.01.11.000010,0.0
04/2025,999,4.1.01.11.000017,0.0
04/2025,999,4.1.01.11.000019,0.0
04/2025,999,4.1.01.11.000020,-32.7274
04/2025,999,4.1.01.11.000021,0.0
04/2025,999,4.1.01.11.000025,0.0
04/2025,999,4.1.01.11.000026,0.0
04/2025,999,4.1.01.12.000001,-59.63378
04/2025,999,4.1.01.12.000002,-3.9014
04/2025,999,4.1.01.13.000001,-0.35476
04/2025,999,4.1.01.13.000002,0.0
04/2025,999,4.1.01.13.000003,0.0
04/2025,999,4.1.01.13.000004,0.0
04/2025,999,4.1.01.13.000005,0.0
04/2025,999,5.1.01.01.000001,-387.02633
04/2025,999,5.1.01.01.000003,0.0
04/2025,999,5.1.01.01.000004,-47.35322
04/2025,999,5.1.01.01.000005,0.0
04/2025,999,5.1.01.01.000008,0.0
04/2025,999,5.1.01.01.000012,-6.07448
04/2025,999,5.1.01.01.000020,0.0
04/2025,999,5.1.01.01.000021,0.0
04/2025,999,5.1.01.01.000022,0.0
04/2025,999,5.1.01.01.000023,-10.43303
04/2025,999,5.1.01.01.000024,0.0
04/2025,999,5.1.01.02.000001,-97.39815
04/2025,999,5.1.01.02.000002,-31.72611
04/2025,999,5.1.01.02.000003,-18.97741
04/2025,999,5.1.01.02.000005,0.0
04/2025,999,5.1.01.02.000006,0.0
04/2025,999,5.1.01.02.000007,0.0
04/2025,999,5.1.01.02.000020,0.0
04/2025,999,5.1.01.02.000021,0.0
04/2025,999,5.1.01.02.000022,0.0
04/2025,999,5.1.01.03.000001,-71.90781
04/2025,999,5.1.01.03.000004,1.14017
04/2025,999,5.1.01.03.000006,-1.389
04/2025,999,5.1.01.03.000008,-2.52911
04/2025,999,5.1.01.03.000009,-27.82
04/2025,999,5.1.01.03.000010,-7.125
04/2025,999,5.1.01.03.000012,0.0
04/2025,999,5.1.01.03.000013,-0.10958
04/2025,999,5.1.01.03.000014,0.0
04/2025,999,5.1.01.04.000001,-3.1
04/2025,999,5.1.01.04.000002,-0.7975
04/2025,999,5.1.01.04.000003,0.0
04/2025,999,5.1.01.04.000004,-49.40094
04/2025,999,5.1.01.05.000001,-5.71542
04/2025,999,5.1.01.05.000002,-3.47769
04/2025,999,5.1.01.05.000003,0.0
04/2025,999,5.1.01.05.000004,-8.5728
04/2025,999,5.1.01.05.000005,-0.99302
04/2025,999,5.1.01.05.000006,-43.74826
04/2025,999,5.1.01.05.000007,0.0
04/2025,999,5.1.01.05.000009,-0.3555
04/2025,999,5.1.01.05.000010,0.0
04/2025,999,5.1.01.06.000001,-44.32727
04/2025,999,5.1.01.06.000002,0.0
04/2025,999,5.1.01.06.000003,0.0
04/2025,999,5.1.01.06.000004,-192.90149
04/2025,999,5.1.01.06.000005,0.0
04/2025,999,5.1.01.06.000006,-64.20661
04/2025,999,5.1.01.06.000008,0.0
04/2025,999,5.1.01.07.000001,0.0
04/2025,999,5.1.01.07.000002,0.0
04/2025,999,5.1.01.07.000003,0.0
04/2025,999,5.1.01.07.000004,0.0
04/2025,999,5.1.01.07.000005,0.0
04/2025,999,5.1.01.07.000007,0.0
04/2025,999,5.1.01.07.000008,0.0
04/2025,999,5.1.01.07.000010,-31.12732
04/2025,999,5.1.01.07.000014,0.0
04/2025,999,5.1.01.07.000015,-1.44
04/2025,999,5.1.01.07.000020,-16.77382
04/2025,999,5.1.01.07.000021,-0.07074
04/2025,999,5.1.01.08.000001,-5.66
04/2025,999,5.1.01.08.000002,0.0
04/2025,999,5.1.01.08.000003,0.0
04/2025,999,5.1.01.08.000004,-1.88253
04/2025,999,5.1.01.08.000005,-100.51097
04/2025,999,5.1.01.09.000001,0.0
04/2025,999,5.1.01.09.000003,-12.0
04/2025,999,5.1.01.09.000005,0.0
04/2025,999,5.1.01.09.000007,0.0
04/2025,999,5.1.01.09.000008,0.0
04/2025,999,5.1.01.10.000002,0.0
04/2025,999,5.1.01.10.000003,0.0
04/2025,999,5.1.01.10.000004,0.0
04/2025,999,5.1.01.11.000001,-13.53831
04/2025,999,5.1.01.11.000003,0.0
04/2025,999,5.1.01.11.000004,0.0
04/2025,999,5.1.01.11.000006,-12.25285
04/2025,999,5.1.01.11.000007,-33.74578
04/2025,999,5.1.01.11.000008,-40.88286
04/2025,999,5.1.01.11.000010,-1.06162
04/2025,999,5.1.01.11.000012,0.0
04/2025,999,5.1.01.11.000013,0.0
04/2025,999,5.1.01.11.000014,0.0
04/2025,999,5.1.01.11.000015,0.0
04/2025,999,5.1.01.11.000021,-0.11685
04/2025,999,5.1.01.11.000022,0.0
04/2025,999,5.1.01.11.000025,0.0
04/2025,999,5.1.01.11.000026,0.0
04/2025,999,5.1.01.11.000027,-4.60604
04/2025,999,5.1.01.11.000030,0.0
04/2025,999,5.1.01.11.000031,-154.69676
04/2025,999,5.1.01.12.000003,0.0
04/2025,999,5.1.01.12.000008,0.0
04/2025,999,5.1.01.12.000009,0.0
04/2025,999,5.1.01.12.000019,0.0
04/2025,999,5.1.01.12.000021,-118.99649
04/2025,999,5.1.01.13.000001,0.0
04/2025,999,5.1.01.14.000001,0.0
04/2025,999,5.1.01.14.000002,0.0
04/2025,999,5.1.01.14.000003,-144.20154
04/2025,999,5.1.02.01.000006,0.0
04/2025,999,5.1.02.01.000009,0.0
04/2025,999,5.1.02.01.000010,0.0
04/2025,999,5.1.02.01.000011,0.0
04/2025,999,5.1.02.01.000012,150.0
04/2025,999,5.1.03.01.000001,-30.84426
04/2025,999,5.1.03.01.000002,-4.06813
04/2025,999,5.1.03.01.000003,-125.56534
04/2025,999,5.1.03.01.000004,-6318.93671
04/2025,999,5.1.03.01.000005,-13.89576
04/2025,999,5.1.03.01.000007,-1.18068
04/2025,999,5.1.03.02.000001,-23.89381
04/2025,999,5.1.04.01.000001,-22.86014
04/2025,999,5.1.04.01.000002,0.0
04/2025,999,5.1.04.01.000004,-1029.97879
04/2025,999,5.1.04.01.000005,-22.41625
04/2025,999,5.1.04.01.000006,-9.22893
04/2025,999,5.1.04.01.000007,0.0
04/2025,999,5.1.04.01.000009,-3.5
04/2025,999,5.1.04.01.000010,0.0
04/2025,999,5.1.04.01.000011,0.0
04/2025,999,5.1.04.01.000014,-1658.1769
04/2025,999,5.1.04.01.000015,-0.37442
04/2025,999,5.1.04.01.000016,-1.04
04/2025,999,5.1.04.01.000017,-317.98778
04/2025,999,5.1.04.02.000001,93.39477
04/2025,999,5.1.04.02.000002,3.03002
04/2025,999,5.1.04.02.000003,1.2506
04/2025,999,5.2.01.01.000001,5.77347
04/2025,999,5.9.01.01.000001,0.0
04/2025,999,5.9.01.01.000002,0.0
04/2025,999,5.9.01.02.000001,0.0
04/2025,999,5.9.01.02.000002,0.0
04/2026,6,3.1.01.01.000002,0.0
04/2026,6,3.1.01.01.000003,0.0
04/2026,6,3.1.01.01.000013,0.0
04/2026,6,3.1.02.02.000002,0.0
04/2026,6,3.1.02.02.000003,0.0
04/2026,6,3.1.02.02.000004,0.0
04/2026,6,3.1.02.02.000009,0.0
04/2026,6,3.1.02.02.000010,0.0
04/2026,6,3.1.03.02.000003,0.0
04/2026,6,3.1.03.03.000001,0.0
04/2026,6,3.2.01.01.000001,0.0
04/2026,6,3.2.01.02.000002,0.0
04/2026,6,4.1.01.01.000001,0.0
04/2026,6,4.1.01.01.000002,0.0
04/2026,6,4.1.01.01.000003,0.0
04/2026,6,4.1.01.01.000006,0.0
04/2026,6,4.1.01.01.000008,0.0
04/2026,6,4.1.01.01.000009,0.0
04/2026,6,4.1.01.01.000010,0.0
04/2026,6,4.1.01.02.000001,0.0
04/2026,6,4.1.01.02.000002,0.0
04/2026,6,4.1.01.02.000003,0.0
04/2026,6,4.1.01.02.000004,0.0
04/2026,6,4.1.01.02.000006,0.0
04/2026,6,4.1.01.02.000007,0.0
04/2026,6,4.1.01.03.000001,0.0
04/2026,6,4.1.01.03.000003,0.0
04/2026,6,4.1.01.03.000004,0.0
04/2026,6,4.1.01.03.000006,0.0
04/2026,6,4.1.01.03.000009,0.0
04/2026,6,4.1.01.03.000010,0.0
04/2026,6,4.1.01.04.000004,0.0
04/2026,6,4.1.01.05.000001,0.0
04/2026,6,4.1.01.05.000002,0.0
04/2026,6,4.1.01.05.000003,0.0
04/2026,6,4.1.01.05.000006,0.0
04/2026,6,4.1.01.06.000001,0.0
04/2026,6,4.1.01.06.000002,0.0
04/2026,6,4.1.01.06.000004,0.0
04/2026,6,4.1.01.07.000007,0.0
04/2026,6,4.1.01.07.000012,0.0
04/2026,6,4.1.01.07.000013,0.0
04/2026,6,4.1.01.07.000014,0.0
04/2026,6,4.1.01.07.000018,0.0
04/2026,6,4.1.01.08.000001,0.0
04/2026,6,4.1.01.08.000004,0.0
04/2026,6,4.1.01.08.000005,0.0
04/2026,6,4.1.01.08.000006,0.0
04/2026,6,4.1.01.11.000002,0.0
04/2026,6,4.1.01.11.000007,0.0
04/2026,6,4.1.01.11.000008,0.0
04/2026,6,4.1.01.11.000009,0.0
04/2026,6,4.1.01.11.000025,0.0
04/2026,6,5.1.01.01.000001,0.0
04/2026,6,5.1.01.01.000003,0.0
04/2026,6,5.1.01.01.000004,0.0
04/2026,6,5.1.01.01.000023,0.0
04/2026,6,5.1.01.01.000024,0.0
04/2026,6,5.1.01.02.000001,0.0
04/2026,6,5.1.01.02.000002,0.0
04/2026,6,5.1.01.02.000003,0.0
04/2026,6,5.1.01.02.000004,0.0
04/2026,6,5.1.01.02.000005,0.0
04/2026,6,5.1.01.02.000007,0.0
04/2026,6,5.1.01.03.000001,0.0
04/2026,6,5.1.01.03.000004,0.0
04/2026,6,5.1.01.03.000006,0.0
04/2026,6,5.1.01.03.000009,0.0
04/2026,6,5.1.01.03.000010,0.0
04/2026,6,5.1.01.04.000001,0.0
04/2026,6,5.1.01.04.000002,0.0
04/2026,6,5.1.01.04.000004,0.0
04/2026,6,5.1.01.05.000001,0.0
04/2026,6,5.1.01.05.000002,0.0
04/2026,6,5.1.01.05.000006,0.0
04/2026,6,5.1.01.05.000009,0.0
04/2026,6,5.1.01.06.000001,0.0
04/2026,6,5.1.01.06.000004,0.0
04/2026,6,5.1.01.06.000007,0.0
04/2026,6,5.1.01.07.000007,0.0
04/2026,6,5.1.01.07.000012,0.0
04/2026,6,5.1.01.08.000001,0.0
04/2026,6,5.1.01.08.000004,0.0
04/2026,6,5.1.01.08.000005,0.0
04/2026,6,5.1.01.11.000001,0.0
04/2026,6,5.1.01.11.000002,0.0
04/2026,6,5.1.01.11.000005,0.0
04/2026,6,5.1.01.11.000006,0.0
04/2026,6,5.1.01.11.000007,0.0
04/2026,6,5.1.01.11.000008,0.0
04/2026,6,5.1.01.11.000009,0.0
04/2026,6,5.1.01.11.000012,0.0
04/2026,6,5.1.01.11.000014,0.0
04/2026,6,5.1.01.11.000015,0.0
04/2026,6,5.1.01.11.000016,0.0
04/2026,6,5.1.01.11.000017,0.0
04/2026,6,5.1.01.11.000021,0.0
04/2026,6,5.1.01.11.000022,0.0
04/2026,6,5.1.01.11.000025,0.0
04/2026,6,5.1.01.11.000026,0.0
04/2026,6,5.1.01.11.000027,0.0
04/2026,6,5.1.01.12.000001,0.0
04/2026,6,5.1.01.12.000009,0.0
04/2026,6,5.1.01.12.000011,0.0
04/2026,6,5.1.01.12.000020,0.0
04/2026,6,5.1.01.13.000001,0.0
04/2026,6,5.1.03.01.000001,0.0
04/2026,6,5.1.03.01.000002,0.0
04/2026,6,5.1.03.01.000004,0.0
04/2026,6,5.1.03.01.000007,0.0
04/2026,6,5.1.04.01.000001,0.0
04/2026,6,5.1.04.01.000004,0.0
04/2026,6,5.1.04.01.000005,0.0
04/2026,6,5.1.04.01.000006,0.0
04/2026,6,5.1.04.01.000011,0.0
04/2026,6,5.1.04.01.000013,0.0
04/2026,6,5.1.04.01.000014,0.0
04/2026,6,5.1.04.02.000001,0.0
04/2026,6,5.1.04.02.000002,0.0
04/2026,6,5.1.04.02.000003,0.0
04/2026,6,5.2.01.01.000001,0.0
04/2026,999,3.1.01.01.000002,0.0
04/2026,999,3.1.01.01.000003,9865.46713
04/2026,999,3.1.01.01.000004,0.0
04/2026,999,3.1.01.01.000006,0.0
04/2026,999,3.1.01.01.000008,0.0
04/2026,999,3.1.01.01.000009,0.0
04/2026,999,3.1.01.01.000010,0.0
04/2026,999,3.1.01.01.000011,0.0
04/2026,999,3.1.01.01.000012,0.0
04/2026,999,3.1.01.01.000013,125.0
04/2026,999,3.1.02.01.000001,-90.0
04/2026,999,3.1.02.02.000004,0.0
04/2026,999,3.1.02.02.000005,0.0
04/2026,999,3.1.02.02.000008,0.0
04/2026,999,3.1.02.02.000010,0.0
04/2026,999,3.1.02.02.000011,0.0
04/2026,999,3.1.02.02.000012,0.0
04/2026,999,3.1.02.02.000013,-0.1728
04/2026,999,3.1.02.02.000014,-0.0864
04/2026,999,3.1.03.01.000007,0.0
04/2026,999,3.1.03.01.000011,0.0
04/2026,999,3.1.03.02.000001,0.0
04/2026,999,3.1.03.02.000003,0.0
04/2026,999,3.1.03.02.000004,0.0
04/2026,999,3.1.03.03.000001,133.29122
04/2026,999,3.2.01.01.000001,6381.0
04/2026,999,3.2.01.01.000005,4.408
04/2026,999,3.2.01.02.000001,0.0
04/2026,999,3.2.01.02.000002,3.15287
04/2026,999,3.2.01.02.000003,0.0
04/2026,999,3.2.01.02.000004,0.11625
04/2026,999,3.2.01.02.000005,0.0
04/2026,999,3.2.01.02.000006,0.0
04/2026,999,3.2.01.03.000001,0.0
04/2026,999,4.1.01.01.000001,-347.92573
04/2026,999,4.1.01.01.000002,0.0
04/2026,999,4.1.01.01.000003,-26.69655
04/2026,999,4.1.01.01.000004,0.0
04/2026,999,4.1.01.01.000006,0.0
04/2026,999,4.1.01.01.000007,0.0
04/2026,999,4.1.01.01.000009,-1.41788
04/2026,999,4.1.01.01.000010,0.0
04/2026,999,4.1.01.02.000001,-96.44977
04/2026,999,4.1.01.02.000002,-32.30559
04/2026,999,4.1.01.02.000003,-19.74366
04/2026,999,4.1.01.02.000004,0.0
04/2026,999,4.1.01.02.000005,0.0
04/2026,999,4.1.01.02.000007,-0.8048
04/2026,999,4.1.01.03.000001,-34.18485
04/2026,999,4.1.01.03.000003,0.0
04/2026,999,4.1.01.03.000004,-19.77121
04/2026,999,4.1.01.03.000005,0.0
04/2026,999,4.1.01.03.000006,-5.47647
04/2026,999,4.1.01.03.000008,-2.3009
04/2026,999,4.1.01.03.000009,-49.66068
04/2026,999,4.1.01.03.000010,0.0
04/2026,999,4.1.01.03.000013,0.0
04/2026,999,4.1.01.04.000002,0.0
04/2026,999,4.1.01.04.000004,-40.11911
04/2026,999,4.1.01.05.000001,-0.6445
04/2026,999,4.1.01.05.000002,-0.81789
04/2026,999,4.1.01.05.000003,-0.18305
04/2026,999,4.1.01.05.000004,-0.30587
04/2026,999,4.1.01.05.000005,-1.86585
04/2026,999,4.1.01.05.000006,-17.12147
04/2026,999,4.1.01.05.000007,-3.56
04/2026,999,4.1.01.05.000008,0.0
04/2026,999,4.1.01.05.000009,0.0
04/2026,999,4.1.01.06.000001,-62.66227
04/2026,999,4.1.01.06.000002,-22.72
04/2026,999,4.1.01.06.000003,0.0
04/2026,999,4.1.01.06.000004,-220.2074
04/2026,999,4.1.01.06.000007,0.0
04/2026,999,4.1.01.07.000001,-0.59036
04/2026,999,4.1.01.07.000002,-2.44553
04/2026,999,4.1.01.07.000003,-27.6792
04/2026,999,4.1.01.07.000004,-41.75758
04/2026,999,4.1.01.07.000005,-5.54023
04/2026,999,4.1.01.07.000006,-11.98
04/2026,999,4.1.01.07.000007,-7.33195
04/2026,999,4.1.01.07.000008,-0.368
04/2026,999,4.1.01.07.000009,0.0
04/2026,999,4.1.01.07.000010,-4.564
04/2026,999,4.1.01.07.000011,0.0
04/2026,999,4.1.01.07.000012,-16.85248
04/2026,999,4.1.01.07.000013,-15.62751
04/2026,999,4.1.01.07.000014,-5.705
04/2026,999,4.1.01.07.000015,0.0
04/2026,999,4.1.01.07.000016,-32.0
04/2026,999,4.1.01.07.000017,-9.0
04/2026,999,4.1.01.07.000018,0.0
04/2026,999,4.1.01.07.000019,0.0
04/2026,999,4.1.01.07.000020,0.0
04/2026,999,4.1.01.08.000001,-9.443
04/2026,999,4.1.01.08.000002,0.0
04/2026,999,4.1.01.08.000003,0.0
04/2026,999,4.1.01.08.000004,-775.32321
04/2026,999,4.1.01.08.000005,-38.1698
04/2026,999,4.1.01.08.000007,0.0
04/2026,999,4.1.01.08.000008,0.0
04/2026,999,4.1.01.09.000004,-35.08969
04/2026,999,4.1.01.09.000006,0.0
04/2026,999,4.1.01.10.000001,0.0
04/2026,999,4.1.01.10.000003,0.0
04/2026,999,4.1.01.10.000004,0.0
04/2026,999,4.1.01.10.000005,0.0
04/2026,999,4.1.01.11.000002,-34.77241
04/2026,999,4.1.01.11.000003,0.0
04/2026,999,4.1.01.11.000004,0.0
04/2026,999,4.1.01.11.000007,0.0
04/2026,999,4.1.01.11.000009,-78.17369
04/2026,999,4.1.01.11.000010,0.0
04/2026,999,4.1.01.11.000017,0.0
04/2026,999,4.1.01.11.000019,0.0
04/2026,999,4.1.01.11.000020,0.0
04/2026,999,4.1.01.11.000021,0.0
04/2026,999,4.1.01.11.000025,0.0
04/2026,999,4.1.01.11.000026,0.0
04/2026,999,4.1.01.12.000001,-2.29623
04/2026,999,4.1.01.12.000002,0.0
04/2026,999,4.1.01.13.000001,0.0
04/2026,999,4.1.01.13.000002,0.0
04/2026,999,4.1.01.13.000003,0.0
04/2026,999,4.1.01.13.000004,0.0
04/2026,999,4.1.01.13.000005,0.0
04/2026,999,5.1.01.01.000001,-195.6234
04/2026,999,5.1.01.01.000003,0.0
04/2026,999,5.1.01.01.000004,-123.25224
04/2026,999,5.1.01.01.000005,0.0
04/2026,999,5.1.01.01.000008,0.0
04/2026,999,5.1.01.01.000012,0.0
04/2026,999,5.1.01.01.000020,0.0
04/2026,999,5.1.01.01.000021,0.0
04/2026,999,5.1.01.01.000022,0.0
04/2026,999,5.1.01.01.000023,-12.52695
04/2026,999,5.1.01.01.000024,0.0
04/2026,999,5.1.01.02.000001,-62.86043
04/2026,999,5.1.01.02.000002,-26.71146
04/2026,999,5.1.01.02.000003,0.0
04/2026,999,5.1.01.02.000005,0.0
04/2026,999,5.1.01.02.000006,0.0
04/2026,999,5.1.01.02.000007,0.0
04/2026,999,5.1.01.02.000020,0.0
04/2026,999,5.1.01.02.000021,0.0
04/2026,999,5.1.01.02.000022,0.0
04/2026,999,5.1.01.03.000001,-2.11688
04/2026,999,5.1.01.03.000004,1.2876
04/2026,999,5.1.01.03.000006,0.0
04/2026,999,5.1.01.03.000008,0.0
04/2026,999,5.1.01.03.000009,-0.221
04/2026,999,5.1.01.03.000010,-3.62
04/2026,999,5.1.01.03.000012,0.0
04/2026,999,5.1.01.03.000013,0.0
04/2026,999,5.1.01.03.000014,0.0
04/2026,999,5.1.01.04.000001,0.0
04/2026,999,5.1.01.04.000002,0.0
04/2026,999,5.1.01.04.000003,0.0
04/2026,999,5.1.01.04.000004,0.0
04/2026,999,5.1.01.05.000001,0.0
04/2026,999,5.1.01.05.000002,-1.9199
04/2026,999,5.1.01.05.000003,0.0
04/2026,999,5.1.01.05.000004,0.0
04/2026,999,5.1.01.05.000005,-0.293
04/2026,999,5.1.01.05.000006,-15.16102
04/2026,999,5.1.01.05.000007,0.0
04/2026,999,5.1.01.05.000009,-0.235
04/2026,999,5.1.01.05.000010,0.0
04/2026,999,5.1.01.06.000001,-2.41184
04/2026,999,5.1.01.06.000002,0.0
04/2026,999,5.1.01.06.000003,0.0
04/2026,999,5.1.01.06.000004,0.0
04/2026,999,5.1.01.06.000005,0.0
04/2026,999,5.1.01.06.000006,-33.0217
04/2026,999,5.1.01.06.000008,0.0
04/2026,999,5.1.01.07.000001,0.0
04/2026,999,5.1.01.07.000002,0.0
04/2026,999,5.1.01.07.000003,-13.03248
04/2026,999,5.1.01.07.000004,0.0
04/2026,999,5.1.01.07.000005,0.0
04/2026,999,5.1.01.07.000007,0.0
04/2026,999,5.1.01.07.000008,0.0
04/2026,999,5.1.01.07.000010,-53.81752
04/2026,999,5.1.01.07.000014,0.0
04/2026,999,5.1.01.07.000015,-0.72
04/2026,999,5.1.01.07.000020,0.0
04/2026,999,5.1.01.07.000021,0.0
04/2026,999,5.1.01.08.000001,-0.496
04/2026,999,5.1.01.08.000002,0.0
04/2026,999,5.1.01.08.000003,0.0
04/2026,999,5.1.01.08.000004,-0.23
04/2026,999,5.1.01.08.000005,-237.22213
04/2026,999,5.1.01.09.000001,0.0
04/2026,999,5.1.01.09.000003,0.0
04/2026,999,5.1.01.09.000005,0.0
04/2026,999,5.1.01.09.000007,0.0
04/2026,999,5.1.01.09.000008,0.0
04/2026,999,5.1.01.10.000002,0.0
04/2026,999,5.1.01.10.000003,0.0
04/2026,999,5.1.01.10.000004,0.0
04/2026,999,5.1.01.11.000001,0.0
04/2026,999,5.1.01.11.000003,-10.24854
04/2026,999,5.1.01.11.000004,0.0
04/2026,999,5.1.01.11.000006,-3.85005
04/2026,999,5.1.01.11.000007,-15.5018
04/2026,999,5.1.01.11.000008,-1.63799
04/2026,999,5.1.01.11.000010,0.0
04/2026,999,5.1.01.11.000012,0.0
04/2026,999,5.1.01.11.000013,0.0
04/2026,999,5.1.01.11.000014,0.0
04/2026,999,5.1.01.11.000015,0.0
04/2026,999,5.1.01.11.000021,-0.1056
04/2026,999,5.1.01.11.000022,0.0
04/2026,999,5.1.01.11.000025,0.0
04/2026,999,5.1.01.11.000026,0.0
04/2026,999,5.1.01.11.000027,-0.98444
04/2026,999,5.1.01.11.000030,0.0
04/2026,999,5.1.01.11.000031,-2469.26787
04/2026,999,5.1.01.12.000003,0.0
04/2026,999,5.1.01.12.000008,0.0
04/2026,999,5.1.01.12.000009,0.0
04/2026,999,5.1.01.12.000019,0.0
04/2026,999,5.1.01.12.000021,0.0
04/2026,999,5.1.01.13.000001,0.0
04/2026,999,5.1.01.14.000001,0.0
04/2026,999,5.1.01.14.000002,0.0
04/2026,999,5.1.01.14.000003,0.0
04/2026,999,5.1.02.01.000006,0.0
04/2026,999,5.1.02.01.000009,0.0
04/2026,999,5.1.02.01.000010,0.0
04/2026,999,5.1.02.01.000011,0.0
04/2026,999,5.1.02.01.000012,7.21213
04/2026,999,5.1.03.01.000001,-15.43264
04/2026,999,5.1.03.01.000002,-2.05816
04/2026,999,5.1.03.01.000003,-62.78268
04/2026,999,5.1.03.01.000004,-4147.68727
04/2026,999,5.1.03.01.000005,-6.94788
04/2026,999,5.1.03.01.000007,-0.62908
04/2026,999,5.1.03.02.000001,-14.31648
04/2026,999,5.1.04.01.000001,-10.48481
04/2026,999,5.1.04.01.000002,0.0
04/2026,999,5.1.04.01.000004,-718.98682
04/2026,999,5.1.04.01.000005,0.0
04/2026,999,5.1.04.01.000006,-1.87862
04/2026,999,5.1.04.01.000007,0.0
04/2026,999,5.1.04.01.000009,0.0
04/2026,999,5.1.04.01.000010,0.0
04/2026,999,5.1.04.01.000011,0.0
04/2026,999,5.1.04.01.000014,-1655.04153
04/2026,999,5.1.04.01.000015,-0.1195
04/2026,999,5.1.04.01.000016,0.0
04/2026,999,5.1.04.01.000017,0.0
04/2026,999,5.1.04.02.000001,131.27248
04/2026,999,5.1.04.02.000002,0.00046
04/2026,999,5.1.04.02.000003,0.03494
04/2026,999,5.2.01.01.000001,6.25194
04/2026,999,5.9.01.01.000001,0.0
04/2026,999,5.9.01.01.000002,0.0
04/2026,999,5.9.01.02.000001,0.0
04/2026,999,5.9.01.02.000002,0.0
05/2022,6,3.1.01.01.000002,2742.69197
05/2022,6,3.1.01.01.000003,0.0
05/2022,6,3.1.02.02.000002,-54.85383
05/2022,6,3.1.02.02.000003,-45.25552
05/2022,6,3.1.02.02.000004,-208.44964
05/2022,6,3.1.02.02.000009,-0.0
05/2022,6,3.1.02.02.000010,0.0
05/2022,6,3.1.03.02.000003,0.0
05/2022,6,4.1.01.01.000001,-469.53621
05/2022,6,4.1.01.01.000002,-10.0
05/2022,6,4.1.01.01.000003,0.0
05/2022,6,4.1.01.01.000009,0.0
05/2022,6,4.1.01.02.000001,-125.74818
05/2022,6,4.1.01.02.000002,-25.82659
05/2022,6,4.1.01.02.000003,-5.60424
05/2022,6,4.1.01.02.000004,-0.36462
05/2022,6,4.1.01.02.000006,0.0
05/2022,6,4.1.01.02.000007,-3.0
05/2022,6,4.1.01.03.000001,-35.24397
05/2022,6,4.1.01.03.000003,0.0
05/2022,6,4.1.01.03.000004,0.0
05/2022,6,4.1.01.03.000006,-3.23487
05/2022,6,4.1.01.03.000009,-46.68587
05/2022,6,4.1.01.03.000010,-0.088
05/2022,6,4.1.01.04.000004,-1.86577
05/2022,6,4.1.01.05.000001,0.0
05/2022,6,4.1.01.05.000002,-0.2998
05/2022,6,4.1.01.05.000003,0.0
05/2022,6,4.1.01.05.000006,-934.93864
05/2022,6,4.1.01.06.000001,0.0
05/2022,6,4.1.01.06.000002,0.0
05/2022,6,4.1.01.06.000004,-43.42
05/2022,6,4.1.01.07.000007,0.0
05/2022,6,4.1.01.07.000012,0.0
05/2022,6,4.1.01.07.000013,0.0
05/2022,6,4.1.01.07.000014,-0.42
05/2022,6,4.1.01.08.000001,0.0
05/2022,6,4.1.01.08.000004,-112.43182
05/2022,6,4.1.01.08.000005,0.0
05/2022,6,4.1.01.08.000006,0.0
05/2022,6,4.1.01.11.000002,-72.35107
05/2022,6,4.1.01.11.000008,0.0
05/2022,6,4.1.01.11.000009,-3.95427
05/2022,6,4.1.01.11.000025,0.0
05/2022,6,5.1.01.01.000001,0.0
05/2022,6,5.1.01.01.000003,0.0
05/2022,6,5.1.01.01.000004,0.0
05/2022,6,5.1.01.02.000001,0.0
05/2022,6,5.1.01.02.000002,0.0
05/2022,6,5.1.01.02.000004,-0.39817
05/2022,6,5.1.01.02.000005,0.0
05/2022,6,5.1.01.02.000007,0.0
05/2022,6,5.1.01.03.000001,0.0
05/2022,6,5.1.01.03.000004,-1.634
05/2022,6,5.1.01.03.000006,0.0
05/2022,6,5.1.01.03.000009,0.0
05/2022,6,5.1.01.03.000010,-7.0058
05/2022,6,5.1.01.04.000001,0.0
05/2022,6,5.1.01.04.000002,0.0
05/2022,6,5.1.01.04.000004,0.0
05/2022,6,5.1.01.05.000001,-0.26
05/2022,6,5.1.01.05.000002,0.0
05/2022,6,5.1.01.05.000006,0.0
05/2022,6,5.1.01.06.000004,0.0
05/2022,6,5.1.01.06.000007,0.0
05/2022,6,5.1.01.07.000007,0.0
05/2022,6,5.1.01.07.000012,0.0
05/2022,6,5.1.01.08.000001,0.0
05/2022,6,5.1.01.08.000004,0.0
05/2022,6,5.1.01.08.000005,0.0
05/2022,6,5.1.01.11.000001,-0.14306
05/2022,6,5.1.01.11.000002,0.0
05/2022,6,5.1.01.11.000005,-2.0
05/2022,6,5.1.01.11.000006,-1.91468
05/2022,6,5.1.01.11.000007,0.0
05/2022,6,5.1.01.11.000008,-9.41058
05/2022,6,5.1.01.11.000009,0.0
05/2022,6,5.1.01.11.000012,0.0
05/2022,6,5.1.01.11.000014,0.0
05/2022,6,5.1.01.11.000015,0.0
05/2022,6,5.1.01.11.000016,0.0
05/2022,6,5.1.01.11.000017,0.0
05/2022,6,5.1.01.11.000021,0.0
05/2022,6,5.1.01.11.000022,-0.14013
05/2022,6,5.1.01.11.000025,0.0
05/2022,6,5.1.01.11.000027,0.0
05/2022,6,5.1.01.12.000001,-5.7662
05/2022,6,5.1.01.12.000009,0.0
05/2022,6,5.1.01.12.000011,-0.45743
05/2022,6,5.1.01.12.000020,-0.00472
05/2022,6,5.1.03.01.000004,-1307.78237
05/2022,6,5.1.04.01.000001,-0.006
05/2022,6,5.1.04.01.000004,-36.9165
05/2022,6,5.1.04.01.000005,0.0
05/2022,6,5.1.04.01.000006,-0.00247
05/2022,6,5.1.04.01.000013,0.0
05/2022,6,5.1.04.01.000014,0.0
05/2022,6,5.1.04.02.000001,0.06643
05/2022,6,5.1.04.02.000002,0.0
05/2022,999,3.1.01.01.000002,820.5452
05/2022,999,3.1.01.01.000003,47.9435
05/2022,999,3.1.01.01.000004,87.53277
05/2022,999,3.1.01.01.000006,60.50236
05/2022,999,3.1.01.01.000008,0.0
05/2022,999,3.1.01.01.000009,75.0
05/2022,999,3.1.01.01.000010,0.0
05/2022,999,3.1.01.01.000011,0.0
05/2022,999,3.1.01.01.000012,835.31011
05/2022,999,3.1.01.01.000013,26676.30502
05/2022,999,3.1.02.01.000001,0.0
05/2022,999,3.1.02.02.000005,-17.81655
05/2022,999,3.1.02.02.000008,-85.51706
05/2022,999,3.1.02.02.000010,-43.24695
05/2022,999,3.1.02.02.000011,-14.30286
05/2022,999,3.1.02.02.000012,-65.96716
05/2022,999,3.1.02.02.000013,-0.24645
05/2022,999,3.1.02.02.000014,-0.12322
05/2022,999,3.1.03.01.000007,0.0
05/2022,999,3.1.03.01.000011,0.0
05/2022,999,3.1.03.02.000003,0.0
05/2022,999,3.2.01.01.000001,4838.0
05/2022,999,3.2.01.01.000005,0.0
05/2022,999,3.2.01.02.000001,600.0
05/2022,999,3.2.01.02.000002,14.16815
05/2022,999,3.2.01.02.000003,3.16994
05/2022,999,3.2.01.02.000004,28.85459
05/2022,999,4.1.01.01.000001,-621.78082
05/2022,999,4.1.01.01.000003,-53.8629
05/2022,999,4.1.01.01.000007,-4.41366
05/2022,999,4.1.01.02.000001,-188.62813
05/2022,999,4.1.01.02.000002,-54.11942
05/2022,999,4.1.01.02.000003,-9.55212
05/2022,999,4.1.01.02.000004,0.0
05/2022,999,4.1.01.02.000005,-63.69847
05/2022,999,4.1.01.02.000007,-9.39491
05/2022,999,4.1.01.03.000001,0.0
05/2022,999,4.1.01.03.000003,-6.84
05/2022,999,4.1.01.03.000004,-16.29352
05/2022,999,4.1.01.03.000005,-13.17478
05/2022,999,4.1.01.03.000006,0.0
05/2022,999,4.1.01.03.000008,0.0
05/2022,999,4.1.01.03.000009,-206.95635
05/2022,999,4.1.01.03.000010,-1.593
05/2022,999,4.1.01.03.000013,0.0
05/2022,999,4.1.01.04.000002,0.0
05/2022,999,4.1.01.04.000004,-41.84973
05/2022,999,4.1.01.05.000001,-4.42
05/2022,999,4.1.01.05.000002,-11.22758
05/2022,999,4.1.01.05.000003,-2.05563
05/2022,999,4.1.01.05.000004,-7.0
05/2022,999,4.1.01.05.000005,0.0
05/2022,999,4.1.01.05.000006,-2893.48842
05/2022,999,4.1.01.05.000007,-407.877
05/2022,999,4.1.01.06.000001,0.0
05/2022,999,4.1.01.06.000002,-92.07064
05/2022,999,4.1.01.06.000003,-4.16273
05/2022,999,4.1.01.06.000004,-350.9114
05/2022,999,4.1.01.07.000001,-2.88488
05/2022,999,4.1.01.07.000002,0.0
05/2022,999,4.1.01.07.000003,-98.66314
05/2022,999,4.1.01.07.000004,-5.04895
05/2022,999,4.1.01.07.000005,-159.38959
05/2022,999,4.1.01.07.000006,-11.65
05/2022,999,4.1.01.07.000007,-4.2973
05/2022,999,4.1.01.07.000008,0.0
05/2022,999,4.1.01.07.000009,-2.1964
05/2022,999,4.1.01.07.000010,-92.86934
05/2022,999,4.1.01.07.000011,-2.1144
05/2022,999,4.1.01.07.000012,-0.78119
05/2022,999,4.1.01.07.000013,-34.46301
05/2022,999,4.1.01.07.000014,-159.88038
05/2022,999,4.1.01.07.000015,-1.748
05/2022,999,4.1.01.07.000016,-60.0
05/2022,999,4.1.01.07.000017,-8.35572
05/2022,999,4.1.01.07.000018,0.0
05/2022,999,4.1.01.07.000019,-86.76671
05/2022,999,4.1.01.08.000001,-2.7654
05/2022,999,4.1.01.08.000002,-14.0
05/2022,999,4.1.01.08.000003,0.0
05/2022,999,4.1.01.08.000004,-3454.79858
05/2022,999,4.1.01.08.000005,-7.96088
05/2022,999,4.1.01.09.000004,-122.27309
05/2022,999,4.1.01.10.000001,0.0
05/2022,999,4.1.01.10.000003,-0.93
05/2022,999,4.1.01.10.000004,-0.74279
05/2022,999,4.1.01.10.000005,0.0
05/2022,999,4.1.01.11.000002,-1453.06912
05/2022,999,4.1.01.11.000003,-0.1775
05/2022,999,4.1.01.11.000004,0.0
05/2022,999,4.1.01.11.000009,-150.03894
05/2022,999,4.1.01.11.000010,0.0
05/2022,999,4.1.01.11.000017,-139.85297
05/2022,999,4.1.01.11.000019,-14.96639
05/2022,999,4.1.01.11.000020,-110.00517
05/2022,999,4.1.01.11.000021,0.0
05/2022,999,4.1.01.11.000025,-0.57799
05/2022,999,4.1.01.11.000026,0.0
05/2022,999,4.1.01.12.000001,-558.78783
05/2022,999,4.1.01.12.000002,-2099.39551
05/2022,999,4.1.01.13.000001,-1235.59302
05/2022,999,4.1.01.13.000002,-191.19289
05/2022,999,4.1.01.13.000003,0.0
05/2022,999,4.1.01.13.000004,-8.07508
05/2022,999,4.1.01.13.000005,-217.39302
05/2022,999,5.1.01.01.000003,0.0
05/2022,999,5.1.01.01.000008,0.0
05/2022,999,5.1.01.01.000020,-344.36025
05/2022,999,5.1.01.01.000021,-6.06
05/2022,999,5.1.01.01.000022,-30.88048
05/2022,999,5.1.01.02.000003,-5.47638
05/2022,999,5.1.01.02.000006,0.0
05/2022,999,5.1.01.02.000007,-0.88912
05/2022,999,5.1.01.02.000020,-108.21296
05/2022,999,5.1.01.02.000021,-31.02756
05/2022,999,5.1.01.02.000022,-43.13778
05/2022,999,5.1.01.03.000001,-70.81675
05/2022,999,5.1.01.03.000004,-22.95473
05/2022,999,5.1.01.03.000006,-3.383
05/2022,999,5.1.01.03.000008,0.0
05/2022,999,5.1.01.03.000009,-107.44021
05/2022,999,5.1.01.03.000010,-18.06501
05/2022,999,5.1.01.03.000012,0.0
05/2022,999,5.1.01.03.000013,0.0
05/2022,999,5.1.01.03.000014,-43.19225
05/2022,999,5.1.01.04.000001,0.0
05/2022,999,5.1.01.04.000002,0.0
05/2022,999,5.1.01.04.000003,-0.7693
05/2022,999,5.1.01.04.000004,-28.69754
05/2022,999,5.1.01.05.000001,-23.91856
05/2022,999,5.1.01.05.000002,-16.76586
05/2022,999,5.1.01.05.000003,-9.869
05/2022,999,5.1.01.05.000004,-40.91229
05/2022,999,5.1.01.05.000005,0.0
05/2022,999,5.1.01.05.000006,0.0
05/2022,999,5.1.01.05.000007,0.0
05/2022,999,5.1.01.05.000009,-0.34
05/2022,999,5.1.01.06.000001,-97.4482
05/2022,999,5.1.01.06.000002,0.0
05/2022,999,5.1.01.06.000003,0.0
05/2022,999,5.1.01.06.000004,-97.69014
05/2022,999,5.1.01.06.000005,-24.93872
05/2022,999,5.1.01.06.000006,-67.361
05/2022,999,5.1.01.06.000008,-20.26933
05/2022,999,5.1.01.07.000001,0.0
05/2022,999,5.1.01.07.000002,0.0
05/2022,999,5.1.01.07.000003,-41.76054
05/2022,999,5.1.01.07.000004,-2.82198
05/2022,999,5.1.01.07.000005,-2.41792
05/2022,999,5.1.01.07.000007,0.0
05/2022,999,5.1.01.07.000008,0.0
05/2022,999,5.1.01.07.000010,-76.51758
05/2022,999,5.1.01.07.000014,0.0
05/2022,999,5.1.01.07.000015,-2.08566
05/2022,999,5.1.01.07.000020,0.0
05/2022,999,5.1.01.07.000021,0.0
05/2022,999,5.1.01.08.000001,-2.345
05/2022,999,5.1.01.08.000002,-0.1
05/2022,999,5.1.01.08.000003,-0.12495
05/2022,999,5.1.01.08.000004,0.0
05/2022,999,5.1.01.08.000005,-75.4387
05/2022,999,5.1.01.09.000001,0.0
05/2022,999,5.1.01.09.000003,-15.0
05/2022,999,5.1.01.09.000008,0.0
05/2022,999,5.1.01.10.000002,0.0
05/2022,999,5.1.01.10.000003,0.0
05/2022,999,5.1.01.10.000004,-1.56403
05/2022,999,5.1.01.11.000001,-5.65486
05/2022,999,5.1.01.11.000003,-18.53789
05/2022,999,5.1.01.11.000004,0.0
05/2022,999,5.1.01.11.000006,-66.82074
05/2022,999,5.1.01.11.000007,-126.92737
05/2022,999,5.1.01.11.000008,-1.52588
05/2022,999,5.1.01.11.000012,0.0
05/2022,999,5.1.01.11.000013,0.0
05/2022,999,5.1.01.11.000014,-8.35177
05/2022,999,5.1.01.11.000015,0.0
05/2022,999,5.1.01.11.000021,0.0
05/2022,999,5.1.01.11.000022,-12.17014
05/2022,999,5.1.01.11.000026,0.0
05/2022,999,5.1.01.11.000027,-0.17821
05/2022,999,5.1.01.11.000031,-3651.38444
05/2022,999,5.1.01.12.000003,0.0
05/2022,999,5.1.01.12.000008,0.0
05/2022,999,5.1.01.12.000009,-4449.67999
05/2022,999,5.1.01.12.000019,0.0
05/2022,999,5.1.02.01.000006,-5.91987
05/2022,999,5.1.03.01.000001,-1.34405
05/2022,999,5.1.03.01.000002,-1.8145
05/2022,999,5.1.03.01.000004,-14870.38396
05/2022,999,5.1.03.01.000005,-0.8776
05/2022,999,5.1.04.01.000001,-21.48544
05/2022,999,5.1.04.01.000002,-0.165
05/2022,999,5.1.04.01.000004,-1114.18941
05/2022,999,5.1.04.01.000005,-0.4338
05/2022,999,5.1.04.01.000006,-623.71176
05/2022,999,5.1.04.01.000007,0.0
05/2022,999,5.1.04.01.000010,-0.52107
05/2022,999,5.1.04.01.000011,-388.27283
05/2022,999,5.1.04.02.000001,63.51814
05/2022,999,5.1.04.02.000002,33.64279
05/2022,999,5.1.04.02.000003,0.02
05/2023,6,3.1.01.01.000002,3071.93844
05/2023,6,3.1.01.01.000003,0.0
05/2023,6,3.1.02.02.000002,0.0
05/2023,6,3.1.02.02.000003,0.0
05/2023,6,3.1.02.02.000004,0.0
05/2023,6,3.1.02.02.000009,0.0
05/2023,6,3.1.02.02.000010,-61.43877
05/2023,6,3.1.03.02.000003,1.0
05/2023,6,3.2.01.01.000001,2560.0
05/2023,6,4.1.01.01.000001,-462.5851
05/2023,6,4.1.01.01.000002,0.0
05/2023,6,4.1.01.01.000003,-25.84005
05/2023,6,4.1.01.01.000009,-34.08662
05/2023,6,4.1.01.01.000010,0.0
05/2023,6,4.1.01.02.000001,-139.34731
05/2023,6,4.1.01.02.000002,-40.55828
05/2023,6,4.1.01.02.000003,-3.20983
05/2023,6,4.1.01.02.000004,0.0
05/2023,6,4.1.01.02.000006,0.0
05/2023,6,4.1.01.02.000007,0.0
05/2023,6,4.1.01.03.000001,-24.84
05/2023,6,4.1.01.03.000003,0.0
05/2023,6,4.1.01.03.000004,-1.52829
05/2023,6,4.1.01.03.000006,-2.282
05/2023,6,4.1.01.03.000009,-73.78901
05/2023,6,4.1.01.03.000010,-9.99
05/2023,6,4.1.01.04.000004,-10.79975
05/2023,6,4.1.01.05.000001,0.0
05/2023,6,4.1.01.05.000002,0.0
05/2023,6,4.1.01.05.000003,0.0
05/2023,6,4.1.01.05.000006,-943.58393
05/2023,6,4.1.01.06.000001,-2.29
05/2023,6,4.1.01.06.000002,0.0
05/2023,6,4.1.01.06.000004,-64.45
05/2023,6,4.1.01.07.000007,-0.32655
05/2023,6,4.1.01.07.000012,-0.28022
05/2023,6,4.1.01.07.000013,-0.6
05/2023,6,4.1.01.07.000014,0.0
05/2023,6,4.1.01.08.000001,0.0
05/2023,6,4.1.01.08.000004,-316.60317
05/2023,6,4.1.01.08.000005,-0.362
05/2023,6,4.1.01.08.000006,0.0
05/2023,6,4.1.01.11.000002,-9.34741
05/2023,6,4.1.01.11.000008,-13.51492
05/2023,6,4.1.01.11.000009,-0.54599
05/2023,6,4.1.01.11.000025,0.0
05/2023,6,5.1.01.01.000001,-31.64672
05/2023,6,5.1.01.01.000003,0.0
05/2023,6,5.1.01.01.000004,-2.27276
05/2023,6,5.1.01.01.000023,0.0
05/2023,6,5.1.01.01.000024,0.0
05/2023,6,5.1.01.02.000001,-9.22808
05/2023,6,5.1.01.02.000002,-2.70417
05/2023,6,5.1.01.02.000004,0.0
05/2023,6,5.1.01.02.000005,0.0
05/2023,6,5.1.01.02.000007,-0.09662
05/2023,6,5.1.01.03.000001,0.0
05/2023,6,5.1.01.03.000004,-0.90856
05/2023,6,5.1.01.03.000006,0.0
05/2023,6,5.1.01.03.000009,-2.876
05/2023,6,5.1.01.03.000010,0.0
05/2023,6,5.1.01.04.000001,0.0
05/2023,6,5.1.01.04.000002,0.0
05/2023,6,5.1.01.04.000004,0.0
05/2023,6,5.1.01.05.000001,-0.12199
05/2023,6,5.1.01.05.000002,0.0
05/2023,6,5.1.01.05.000006,0.0
05/2023,6,5.1.01.05.000009,0.0
05/2023,6,5.1.01.06.000004,0.0
05/2023,6,5.1.01.06.000007,0.0
05/2023,6,5.1.01.07.000007,-0.3151
05/2023,6,5.1.01.07.000012,0.0
05/2023,6,5.1.01.08.000001,0.0
05/2023,6,5.1.01.08.000004,0.0
05/2023,6,5.1.01.08.000005,0.0
05/2023,6,5.1.01.11.000001,0.0
05/2023,6,5.1.01.11.000002,0.0
05/2023,6,5.1.01.11.000005,0.0
05/2023,6,5.1.01.11.000006,-0.09662
05/2023,6,5.1.01.11.000007,-0.71212
05/2023,6,5.1.01.11.000008,0.0
05/2023,6,5.1.01.11.000009,0.0
05/2023,6,5.1.01.11.000012,0.0
05/2023,6,5.1.01.11.000014,0.0
05/2023,6,5.1.01.11.000015,0.0
05/2023,6,5.1.01.11.000016,-36.87394
05/2023,6,5.1.01.11.000017,-169.84355
05/2023,6,5.1.01.11.000021,-0.1065
05/2023,6,5.1.01.11.000022,0.0
05/2023,6,5.1.01.11.000025,-0.33535
05/2023,6,5.1.01.11.000027,-0.15161
05/2023,6,5.1.01.12.000001,0.0
05/2023,6,5.1.01.12.000009,0.0
05/2023,6,5.1.01.12.000011,0.0
05/2023,6,5.1.01.12.000020,0.0
05/2023,6,5.1.03.01.000004,-772.03364
05/2023,6,5.1.04.01.000001,-5.62716
05/2023,6,5.1.04.01.000004,-105.12672
05/2023,6,5.1.04.01.000005,-1e-05
05/2023,6,5.1.04.01.000006,-0.0066
05/2023,6,5.1.04.01.000013,0.0
05/2023,6,5.1.04.01.000014,-146.47946
05/2023,6,5.1.04.02.000001,0.00802
05/2023,6,5.1.04.02.000002,0.30302
05/2023,6,5.2.01.01.000001,-10.69073
05/2023,7,3.1.01.01.000005,5862.1549
05/2023,7,3.1.02.01.000001,-2.42954
05/2023,7,3.2.01.01.000003,12.5
05/2023,7,3.2.01.02.000003,0.0
05/2023,7,4.1.02.01.000001,-80.16222
05/2023,7,4.1.02.01.000003,-2.32268
05/2023,7,4.1.02.01.000009,0.0
05/2023,7,4.1.02.01.000010,0.0
05/2023,7,4.1.02.02.000001,-29.51238
05/2023,7,4.1.02.02.000002,-6.99838
05/2023,7,4.1.02.02.000003,-0.94739
05/2023,7,4.1.02.02.000005,-10.11578
05/2023,7,4.1.02.02.000006,0.0
05/2023,7,4.1.02.02.000008,0.0
05/2023,7,4.1.02.03.000004,-1.58408
05/2023,7,4.1.02.03.000006,-1.097
05/2023,7,4.1.02.03.000009,-15.5981
05/2023,7,4.1.02.03.000010,0.0
05/2023,7,4.1.02.03.000013,-0.0684
05/2023,7,4.1.02.05.000001,-1.6529
05/2023,7,4.1.02.05.000002,-1.60455
05/2023,7,4.1.02.05.000003,-1.77898
05/2023,7,4.1.02.05.000004,-0.28
05/2023,7,4.1.02.05.000005,0.0
05/2023,7,4.1.02.05.000006,-4632.54698
05/2023,7,4.1.02.05.000007,-0.69066
05/2023,7,4.1.02.05.000009,0.0
05/2023,7,4.1.02.06.000001,-3.75
05/2023,7,4.1.02.06.000004,-266.03656
05/2023,7,4.1.02.07.000003,-20.12627
05/2023,7,4.1.02.07.000004,-0.69595
05/2023,7,4.1.02.07.000007,0.0
05/2023,7,4.1.02.07.000010,-11.22051
05/2023,7,4.1.02.07.000016,-60.66903
05/2023,7,4.1.02.08.000001,-6.88085
05/2023,7,4.1.02.08.000005,-0.6171
05/2023,7,5.1.01.05.000005,0.0
05/2023,7,5.1.01.05.000009,-0.345
05/2023,7,5.1.01.07.000007,-3.20879
05/2023,7,5.1.01.11.000005,-0.75
05/2023,7,5.1.01.11.000006,-2.84094
05/2023,7,5.1.01.11.000007,-0.23131
05/2023,7,5.1.01.11.000008,-1.70744
05/2023,7,5.1.01.11.000016,-0.20625
05/2023,7,5.1.01.11.000017,-0.95
05/2023,7,5.1.01.13.000001,-11.94444
05/2023,7,5.1.04.01.000001,-8.02048
05/2023,7,5.1.04.01.000002,-46.31499
05/2023,7,5.1.04.01.000004,-91.29544
05/2023,7,5.1.04.01.000005,-18.24098
05/2023,7,5.1.04.01.000006,-3.28638
05/2023,7,5.1.04.01.000014,-58.89775
05/2023,7,5.1.04.02.000001,0.03633
05/2023,7,5.1.04.02.000002,0.89711
05/2023,7,5.1.04.02.000003,0.20674
05/2023,7,5.2.01.01.000001,-93.79884
05/2023,7,5.9.01.01.000001,0.0
05/2023,7,5.9.01.02.000001,0.0
05/2023,999,3.1.01.01.000002,824.97717
05/2023,999,3.1.01.01.000003,3.825
05/2023,999,3.1.01.01.000004,11.56381
05/2023,999,3.1.01.01.000006,3.0
05/2023,999,3.1.01.01.000008,0.0
05/2023,999,3.1.01.01.000009,0.0
05/2023,999,3.1.01.01.000010,0.0
05/2023,999,3.1.01.01.000011,0.0
05/2023,999,3.1.01.01.000012,0.0
05/2023,999,3.1.01.01.000013,48072.8341
05/2023,999,3.1.02.01.000001,0.0
05/2023,999,3.1.02.02.000005,0.0
05/2023,999,3.1.02.02.000008,0.0
05/2023,999,3.1.02.02.000010,-41.4401
05/2023,999,3.1.02.02.000011,0.0
05/2023,999,3.1.02.02.000012,0.0
05/2023,999,3.1.02.02.000013,-1.54015
05/2023,999,3.1.02.02.000014,-0.77007
05/2023,999,3.1.03.01.000007,0.0
05/2023,999,3.1.03.01.000011,0.0
05/2023,999,3.1.03.02.000003,0.0
05/2023,999,3.2.01.01.000001,4330.9
05/2023,999,3.2.01.01.000005,10.802
05/2023,999,3.2.01.02.000001,453.47712
05/2023,999,3.2.01.02.000002,0.0
05/2023,999,3.2.01.02.000003,119.625
05/2023,999,3.2.01.02.000004,0.0
05/2023,999,4.1.01.01.000001,-768.76636
05/2023,999,4.1.01.01.000002,0.0
05/2023,999,4.1.01.01.000003,-44.583
05/2023,999,4.1.01.01.000007,0.0
05/2023,999,4.1.01.01.000009,-86.30707
05/2023,999,4.1.01.01.000010,0.0
05/2023,999,4.1.01.02.000001,-233.19897
05/2023,999,4.1.01.02.000002,-71.58007
05/2023,999,4.1.01.02.000003,-10.24783
05/2023,999,4.1.01.02.000004,0.0
05/2023,999,4.1.01.02.000005,0.0
05/2023,999,4.1.01.02.000007,-4.5174
05/2023,999,4.1.01.03.000001,-86.25741
05/2023,999,4.1.01.03.000003,0.0
05/2023,999,4.1.01.03.000004,-20.4915
05/2023,999,4.1.01.03.000005,-27.81442
05/2023,999,4.1.01.03.000006,-8.177
05/2023,999,4.1.01.03.000008,-2.85
05/2023,999,4.1.01.03.000009,-129.84965
05/2023,999,4.1.01.03.000010,-16.25702
05/2023,999,4.1.01.03.000013,-0.05353
05/2023,999,4.1.01.04.000002,-1.22186
05/2023,999,4.1.01.04.000004,-107.5267
05/2023,999,4.1.01.05.000001,-6.96015
05/2023,999,4.1.01.05.000002,-9.15111
05/2023,999,4.1.01.05.000003,-0.941
05/2023,999,4.1.01.05.000004,-1.8725
05/2023,999,4.1.01.05.000005,-3.02358
05/2023,999,4.1.01.05.000006,-1851.36952
05/2023,999,4.1.01.05.000007,-404.477
05/2023,999,4.1.01.05.000008,0.0
05/2023,999,4.1.01.06.000001,-30.0
05/2023,999,4.1.01.06.000002,-49.59698
05/2023,999,4.1.01.06.000003,0.0
05/2023,999,4.1.01.06.000004,-180.40085
05/2023,999,4.1.01.07.000001,-2.39124
05/2023,999,4.1.01.07.000002,-0.18996
05/2023,999,4.1.01.07.000003,-86.85134
05/2023,999,4.1.01.07.000004,-113.91656
05/2023,999,4.1.01.07.000005,-72.10545
05/2023,999,4.1.01.07.000006,-10.55
05/2023,999,4.1.01.07.000007,-4.54643
05/2023,999,4.1.01.07.000008,-1.13391
05/2023,999,4.1.01.07.000009,0.0
05/2023,999,4.1.01.07.000010,0.0
05/2023,999,4.1.01.07.000011,-68.60206
05/2023,999,4.1.01.07.000012,-1.58955
05/2023,999,4.1.01.07.000013,-49.4011
05/2023,999,4.1.01.07.000014,-360.34294
05/2023,999,4.1.01.07.000015,0.0
05/2023,999,4.1.01.07.000016,-6.0
05/2023,999,4.1.01.07.000017,-8.5
05/2023,999,4.1.01.07.000018,0.0
05/2023,999,4.1.01.07.000019,0.0
05/2023,999,4.1.01.07.000020,-10.32
05/2023,999,4.1.01.08.000001,-21.57133
05/2023,999,4.1.01.08.000002,-16.31579
05/2023,999,4.1.01.08.000003,-0.99822
05/2023,999,4.1.01.08.000004,-2563.05711
05/2023,999,4.1.01.08.000005,-54.52675
05/2023,999,4.1.01.09.000004,-70.09742
05/2023,999,4.1.01.10.000001,-2.738
05/2023,999,4.1.01.10.000003,0.0
05/2023,999,4.1.01.10.000004,-0.583
05/2023,999,4.1.01.10.000005,-0.66
05/2023,999,4.1.01.11.000002,-72.97075
05/2023,999,4.1.01.11.000003,0.0
05/2023,999,4.1.01.11.000004,0.0
05/2023,999,4.1.01.11.000007,-0.06286
05/2023,999,4.1.01.11.000009,-41.07976
05/2023,999,4.1.01.11.000010,-0.69
05/2023,999,4.1.01.11.000017,0.0
05/2023,999,4.1.01.11.000019,0.0
05/2023,999,4.1.01.11.000020,0.0
05/2023,999,4.1.01.11.000021,0.0
05/2023,999,4.1.01.11.000025,-14.563
05/2023,999,4.1.01.11.000026,0.0
05/2023,999,4.1.01.12.000001,-31.68515
05/2023,999,4.1.01.12.000002,-7.9021
05/2023,999,4.1.01.13.000001,-0.30848
05/2023,999,4.1.01.13.000002,0.0
05/2023,999,4.1.01.13.000003,0.0
05/2023,999,4.1.01.13.000004,0.0
05/2023,999,4.1.01.13.000005,0.0
05/2023,999,5.1.01.01.000001,-459.97221
05/2023,999,5.1.01.01.000003,0.0
05/2023,999,5.1.01.01.000004,-41.60618
05/2023,999,5.1.01.01.000008,-0.6863
05/2023,999,5.1.01.01.000012,0.0
05/2023,999,5.1.01.01.000020,0.0
05/2023,999,5.1.01.01.000021,0.0
05/2023,999,5.1.01.01.000022,0.0
05/2023,999,5.1.01.01.000023,-40.5951
05/2023,999,5.1.01.01.000024,0.0
05/2023,999,5.1.01.02.000001,-139.65778
05/2023,999,5.1.01.02.000002,-35.72926
05/2023,999,5.1.01.02.000003,-7.77014
05/2023,999,5.1.01.02.000006,0.0
05/2023,999,5.1.01.02.000007,-4.9188
05/2023,999,5.1.01.02.000020,0.0
05/2023,999,5.1.01.02.000021,0.0
05/2023,999,5.1.01.02.000022,0.0
05/2023,999,5.1.01.03.000001,0.0
05/2023,999,5.1.01.03.000004,-22.83993
05/2023,999,5.1.01.03.000006,0.0
05/2023,999,5.1.01.03.000008,0.0
05/2023,999,5.1.01.03.000009,-49.121
05/2023,999,5.1.01.03.000010,-15.27812
05/2023,999,5.1.01.03.000012,0.0
05/2023,999,5.1.01.03.000013,-0.12
05/2023,999,5.1.01.03.000014,0.0
05/2023,999,5.1.01.04.000001,-0.4
05/2023,999,5.1.01.04.000002,-3.02567
05/2023,999,5.1.01.04.000003,0.0
05/2023,999,5.1.01.04.000004,-84.44
05/2023,999,5.1.01.05.000001,-11.63
05/2023,999,5.1.01.05.000002,-1.36626
05/2023,999,5.1.01.05.000003,0.0
05/2023,999,5.1.01.05.000004,-2.795
05/2023,999,5.1.01.05.000005,-0.91258
05/2023,999,5.1.01.05.000006,-5.61463
05/2023,999,5.1.01.05.000007,-4.47219
05/2023,999,5.1.01.05.000009,-0.675
05/2023,999,5.1.01.06.000001,-7.93761
05/2023,999,5.1.01.06.000002,0.0
05/2023,999,5.1.01.06.000003,0.0
05/2023,999,5.1.01.06.000004,0.0
05/2023,999,5.1.01.06.000005,-4.557
05/2023,999,5.1.01.06.000006,-71.81036
05/2023,999,5.1.01.06.000008,0.0
05/2023,999,5.1.01.07.000001,0.0
05/2023,999,5.1.01.07.000002,-0.09493
05/2023,999,5.1.01.07.000003,0.0
05/2023,999,5.1.01.07.000004,-1.77159
05/2023,999,5.1.01.07.000005,0.0
05/2023,999,5.1.01.07.000007,-1.64119
05/2023,999,5.1.01.07.000008,0.0
05/2023,999,5.1.01.07.000010,-846.05388
05/2023,999,5.1.01.07.000014,0.0
05/2023,999,5.1.01.07.000015,-1.8
05/2023,999,5.1.01.07.000020,0.0
05/2023,999,5.1.01.07.000021,0.0
05/2023,999,5.1.01.08.000001,-0.134
05/2023,999,5.1.01.08.000002,0.0
05/2023,999,5.1.01.08.000003,0.0
05/2023,999,5.1.01.08.000004,0.0
05/2023,999,5.1.01.08.000005,0.0
05/2023,999,5.1.01.09.000001,0.0
05/2023,999,5.1.01.09.000003,-15.0
05/2023,999,5.1.01.09.000008,0.0
05/2023,999,5.1.01.10.000002,0.0
05/2023,999,5.1.01.10.000003,0.0
05/2023,999,5.1.01.10.000004,0.0
05/2023,999,5.1.01.11.000001,0.0
05/2023,999,5.1.01.11.000003,-0.1935
05/2023,999,5.1.01.11.000004,0.0
05/2023,999,5.1.01.11.000006,-6.21578
05/2023,999,5.1.01.11.000007,-79.36782
05/2023,999,5.1.01.11.000008,-7.1537
05/2023,999,5.1.01.11.000012,0.0
05/2023,999,5.1.01.11.000013,0.0
05/2023,999,5.1.01.11.000014,0.0
05/2023,999,5.1.01.11.000015,0.0
05/2023,999,5.1.01.11.000021,-65.56029
05/2023,999,5.1.01.11.000022,0.0
05/2023,999,5.1.01.11.000025,0.0
05/2023,999,5.1.01.11.000026,0.0
05/2023,999,5.1.01.11.000027,0.0
05/2023,999,5.1.01.11.000031,0.0
05/2023,999,5.1.01.12.000003,0.0
05/2023,999,5.1.01.12.000008,0.0
05/2023,999,5.1.01.12.000009,0.0
05/2023,999,5.1.01.12.000019,0.0
05/2023,999,5.1.01.13.000001,-9.48692
05/2023,999,5.1.01.14.000001,0.0
05/2023,999,5.1.01.14.000002,0.0
05/2023,999,5.1.02.01.000006,0.0
05/2023,999,5.1.02.01.000009,0.0
05/2023,999,5.1.02.01.000010,0.0
05/2023,999,5.1.02.01.000011,0.0
05/2023,999,5.1.03.01.000001,0.0
05/2023,999,5.1.03.01.000002,0.0
05/2023,999,5.1.03.01.000003,0.0
05/2023,999,5.1.03.01.000004,-22427.25998
05/2023,999,5.1.03.01.000005,0.0
05/2023,999,5.1.03.01.000007,0.0
05/2023,999,5.1.03.02.000001,-12.40805
05/2023,999,5.1.04.01.000001,-16.67275
05/2023,999,5.1.04.01.000002,0.0
05/2023,999,5.1.04.01.000004,-3042.74494
05/2023,999,5.1.04.01.000005,-0.00048
05/2023,999,5.1.04.01.000006,-9.46184
05/2023,999,5.1.04.01.000007,0.0
05/2023,999,5.1.04.01.000010,0.0
05/2023,999,5.1.04.01.000011,-635.822
05/2023,999,5.1.04.01.000014,-5644.48808
05/2023,999,5.1.04.01.000015,-72.02665
05/2023,999,5.1.04.01.000016,-50.32
05/2023,999,5.1.04.01.000017,0.0
05/2023,999,5.1.04.02.000001,137.67308
05/2023,999,5.1.04.02.000002,50.47045
05/2023,999,5.1.04.02.000003,0.25464
05/2023,999,5.2.01.01.000001,1292.72401
05/2023,999,5.9.01.01.000001,0.0
05/2023,999,5.9.01.01.000002,0.0
05/2023,999,5.9.01.02.000001,0.0
05/2023,999,5.9.01.02.000002,0.0
05/2024,6,3.1.01.01.000002,2741.55006
05/2024,6,3.1.01.01.000003,0.0
05/2024,6,3.1.02.02.000002,0.0
05/2024,6,3.1.02.02.000003,0.0
05/2024,6,3.1.02.02.000004,0.0
05/2024,6,3.1.02.02.000009,0.0
05/2024,6,3.1.02.02.000010,-54.83101
05/2024,6,3.1.03.02.000003,0.0
05/2024,6,3.2.01.01.000001,0.0
05/2024,6,4.1.01.01.000001,-458.38738
05/2024,6,4.1.01.01.000002,0.0
05/2024,6,4.1.01.01.000003,-17.07262
05/2024,6,4.1.01.01.000008,0.0
05/2024,6,4.1.01.01.000009,-35.60017
05/2024,6,4.1.01.01.000010,0.0
05/2024,6,4.1.01.02.000001,-135.32994
05/2024,6,4.1.01.02.000002,-45.12431
05/2024,6,4.1.01.02.000003,0.0
05/2024,6,4.1.01.02.000004,0.0
05/2024,6,4.1.01.02.000006,0.0
05/2024,6,4.1.01.02.000007,0.0
05/2024,6,4.1.01.03.000001,-27.21093
05/2024,6,4.1.01.03.000003,-56.67
05/2024,6,4.1.01.03.000004,-0.79499
05/2024,6,4.1.01.03.000006,-3.129
05/2024,6,4.1.01.03.000009,-16.08578
05/2024,6,4.1.01.03.000010,0.0
05/2024,6,4.1.01.04.000004,-7.0
05/2024,6,4.1.01.05.000001,-1.20195
05/2024,6,4.1.01.05.000002,0.0
05/2024,6,4.1.01.05.000003,-2.5758
05/2024,6,4.1.01.05.000006,-918.28318
05/2024,6,4.1.01.06.000001,0.0
05/2024,6,4.1.01.06.000002,0.0
05/2024,6,4.1.01.06.000004,0.0
05/2024,6,4.1.01.07.000007,-0.73251
05/2024,6,4.1.01.07.000012,0.0
05/2024,6,4.1.01.07.000013,0.0
05/2024,6,4.1.01.07.000014,0.0
05/2024,6,4.1.01.07.000018,-0.6
05/2024,6,4.1.01.08.000001,0.0
05/2024,6,4.1.01.08.000004,-180.51266
05/2024,6,4.1.01.08.000005,0.0
05/2024,6,4.1.01.08.000006,0.0
05/2024,6,4.1.01.11.000002,0.0
05/2024,6,4.1.01.11.000007,-0.66592
05/2024,6,4.1.01.11.000008,0.0
05/2024,6,4.1.01.11.000009,0.0
05/2024,6,4.1.01.11.000025,0.0
05/2024,6,5.1.01.01.000001,-29.46622
05/2024,6,5.1.01.01.000003,0.0
05/2024,6,5.1.01.01.000004,-1.92972
05/2024,6,5.1.01.01.000023,0.0
05/2024,6,5.1.01.01.000024,0.0
05/2024,6,5.1.01.02.000001,-8.58499
05/2024,6,5.1.01.02.000002,-2.51572
05/2024,6,5.1.01.02.000003,0.0
05/2024,6,5.1.01.02.000004,0.0
05/2024,6,5.1.01.02.000005,0.0
05/2024,6,5.1.01.02.000007,0.0
05/2024,6,5.1.01.03.000001,-1.64916
05/2024,6,5.1.01.03.000004,-2.03605
05/2024,6,5.1.01.03.000006,0.0
05/2024,6,5.1.01.03.000009,-3.58245
05/2024,6,5.1.01.03.000010,-5.04544
05/2024,6,5.1.01.04.000001,0.0
05/2024,6,5.1.01.04.000002,0.0
05/2024,6,5.1.01.04.000004,0.0
05/2024,6,5.1.01.05.000001,0.0
05/2024,6,5.1.01.05.000002,0.0
05/2024,6,5.1.01.05.000006,-0.81217
05/2024,6,5.1.01.05.000009,0.0
05/2024,6,5.1.01.06.000001,0.0
05/2024,6,5.1.01.06.000004,0.0
05/2024,6,5.1.01.06.000007,0.0
05/2024,6,5.1.01.07.000007,0.0
05/2024,6,5.1.01.07.000012,0.0
05/2024,6,5.1.01.08.000001,0.0
05/2024,6,5.1.01.08.000004,0.0
05/2024,6,5.1.01.08.000005,0.0
05/2024,6,5.1.01.11.000001,0.0
05/2024,6,5.1.01.11.000002,0.0
05/2024,6,5.1.01.11.000005,0.0
05/2024,6,5.1.01.11.000006,-0.09009
05/2024,6,5.1.01.11.000007,-0.18131
05/2024,6,5.1.01.11.000008,-11.80127
05/2024,6,5.1.01.11.000009,0.0
05/2024,6,5.1.01.11.000012,0.0
05/2024,6,5.1.01.11.000014,0.0
05/2024,6,5.1.01.11.000015,0.0
05/2024,6,5.1.01.11.000016,-1.85401
05/2024,6,5.1.01.11.000017,-8.53967
05/2024,6,5.1.01.11.000021,0.0
05/2024,6,5.1.01.11.000022,0.0
05/2024,6,5.1.01.11.000025,0.0
05/2024,6,5.1.01.11.000026,0.0
05/2024,6,5.1.01.11.000027,-0.17478
05/2024,6,5.1.01.12.000001,0.0
05/2024,6,5.1.01.12.000009,0.0
05/2024,6,5.1.01.12.000011,0.0
05/2024,6,5.1.01.12.000020,0.0
05/2024,6,5.1.01.13.000001,-9.53941
05/2024,6,5.1.03.01.000001,-0.26165
05/2024,6,5.1.03.01.000002,-0.04565
05/2024,6,5.1.03.01.000004,-199.49882
05/2024,6,5.1.03.01.000007,-0.00878
05/2024,6,5.1.04.01.000001,-11.55916
05/2024,6,5.1.04.01.000004,-122.39113
05/2024,6,5.1.04.01.000005,0.0
05/2024,6,5.1.04.01.000006,-0.00389
05/2024,6,5.1.04.01.000013,0.0
05/2024,6,5.1.04.01.000014,-204.61576
05/2024,6,5.1.04.02.000001,0.00914
05/2024,6,5.1.04.02.000002,0.11214
05/2024,6,5.2.01.01.000001,-84.21629
05/2024,7,3.1.01.01.000005,5412.89142
05/2024,7,3.1.02.01.000001,0.0
05/2024,7,3.2.01.01.000003,39.0
05/2024,7,3.2.01.02.000002,4.52514
05/2024,7,3.2.01.02.000003,0.0
05/2024,7,4.1.02.01.000001,-86.35591
05/2024,7,4.1.02.01.000003,-0.8249
05/2024,7,4.1.02.01.000008,1.97084
05/2024,7,4.1.02.01.000009,-11.01591
05/2024,7,4.1.02.01.000010,-22.87119
05/2024,7,4.1.02.02.000001,-25.94905
05/2024,7,4.1.02.02.000002,-7.64636
05/2024,7,4.1.02.02.000003,0.0
05/2024,7,4.1.02.02.000005,0.0
05/2024,7,4.1.02.02.000006,0.0
05/2024,7,4.1.02.02.000007,-1.0
05/2024,7,4.1.02.02.000008,0.0
05/2024,7,4.1.02.03.000001,0.0
05/2024,7,4.1.02.03.000004,-11.064
05/2024,7,4.1.02.03.000005,-58.86603
05/2024,7,4.1.02.03.000006,-2.048
05/2024,7,4.1.02.03.000009,-22.3131
05/2024,7,4.1.02.03.000010,-3.8353
05/2024,7,4.1.02.03.000013,0.0
05/2024,7,4.1.02.04.000003,0.0
05/2024,7,4.1.02.04.000004,0.0
05/2024,7,4.1.02.05.000001,-3.21664
05/2024,7,4.1.02.05.000002,-2.24345
05/2024,7,4.1.02.05.000003,0.0
05/2024,7,4.1.02.05.000004,-0.335
05/2024,7,4.1.02.05.000005,-0.78454
05/2024,7,4.1.02.05.000006,-4551.30114
05/2024,7,4.1.02.05.000007,0.0
05/2024,7,4.1.02.05.000009,-3.15857
05/2024,7,4.1.02.05.000010,-4.4786
05/2024,7,4.1.02.06.000001,-6.6794
05/2024,7,4.1.02.06.000004,0.0
05/2024,7,4.1.02.07.000003,-24.24471
05/2024,7,4.1.02.07.000004,-0.70125
05/2024,7,4.1.02.07.000006,-0.96
05/2024,7,4.1.02.07.000007,-0.36557
05/2024,7,4.1.02.07.000010,-5.9075
05/2024,7,4.1.02.07.000016,-59.73691
05/2024,7,4.1.02.08.000001,-14.51604
05/2024,7,4.1.02.08.000002,-0.35
05/2024,7,4.1.02.08.000005,-10.37296
05/2024,7,5.1.01.04.000002,-0.1185
05/2024,7,5.1.01.04.000003,0.0
05/2024,7,5.1.01.05.000005,0.0
05/2024,7,5.1.01.05.000009,-0.37063
05/2024,7,5.1.01.07.000007,0.0
05/2024,7,5.1.01.07.000010,0.0
05/2024,7,5.1.01.07.000015,-1.0
05/2024,7,5.1.01.07.000021,0.0
05/2024,7,5.1.01.09.000003,-2.0
05/2024,7,5.1.01.09.000008,-2.38444
05/2024,7,5.1.01.11.000001,-2.86105
05/2024,7,5.1.01.11.000005,0.0
05/2024,7,5.1.01.11.000006,-3.19936
05/2024,7,5.1.01.11.000007,-0.94687
05/2024,7,5.1.01.11.000008,-0.29362
05/2024,7,5.1.01.11.000016,-0.6435
05/2024,7,5.1.01.11.000017,-2.964
05/2024,7,5.1.01.11.000027,-0.1573
05/2024,7,5.1.01.13.000001,-5.0
05/2024,7,5.1.02.01.000009,0.0
05/2024,7,5.1.02.01.000010,0.0
05/2024,7,5.1.02.01.000011,0.0
05/2024,7,5.1.04.01.000001,-14.64406
05/2024,7,5.1.04.01.000002,0.0
05/2024,7,5.1.04.01.000003,-59.53744
05/2024,7,5.1.04.01.000004,-56.73135
05/2024,7,5.1.04.01.000005,-0.02074
05/2024,7,5.1.04.01.000006,-2.59007
05/2024,7,5.1.04.01.000014,-23.14385
05/2024,7,5.1.04.02.000001,0.07123
05/2024,7,5.1.04.02.000002,0.02409
05/2024,7,5.1.04.02.000003,0.0261
05/2024,7,5.2.01.01.000001,178.46887
05/2024,7,5.9.01.01.000001,0.0
05/2024,7,5.9.01.02.000001,0.0
05/2024,999,3.1.01.01.000002,0.0
05/2024,999,3.1.01.01.000003,16.14934
05/2024,999,3.1.01.01.000004,14.51996
05/2024,999,3.1.01.01.000006,2.1
05/2024,999,3.1.01.01.000008,0.0
05/2024,999,3.1.01.01.000009,0.0
05/2024,999,3.1.01.01.000010,0.0
05/2024,999,3.1.01.01.000011,0.0
05/2024,999,3.1.01.01.000012,0.0
05/2024,999,3.1.01.01.000013,41585.44148
05/2024,999,3.1.02.01.000001,0.0
05/2024,999,3.1.02.02.000004,0.0
05/2024,999,3.1.02.02.000005,0.0
05/2024,999,3.1.02.02.000008,0.0
05/2024,999,3.1.02.02.000010,-0.80747
05/2024,999,3.1.02.02.000011,0.0
05/2024,999,3.1.02.02.000012,0.0
05/2024,999,3.1.02.02.000013,-1.91156
05/2024,999,3.1.02.02.000014,-0.9558
05/2024,999,3.1.03.01.000007,0.0
05/2024,999,3.1.03.01.000011,0.0
05/2024,999,3.1.03.02.000003,0.0
05/2024,999,3.2.01.01.000001,2605.0
05/2024,999,3.2.01.01.000005,7.247
05/2024,999,3.2.01.02.000001,0.0
05/2024,999,3.2.01.02.000002,0.0
05/2024,999,3.2.01.02.000003,0.0
05/2024,999,3.2.01.02.000004,140.74723
05/2024,999,3.2.01.02.000006,0.0
05/2024,999,3.2.01.03.000001,0.0
05/2024,999,4.1.01.01.000001,-631.2866
05/2024,999,4.1.01.01.000002,0.0
05/2024,999,4.1.01.01.000003,-85.28262
05/2024,999,4.1.01.01.000006,0.0
05/2024,999,4.1.01.01.000007,0.0
05/2024,999,4.1.01.01.000009,-61.98117
05/2024,999,4.1.01.01.000010,0.0
05/2024,999,4.1.01.02.000001,-185.58607
05/2024,999,4.1.01.02.000002,-59.45684
05/2024,999,4.1.01.02.000003,-25.61674
05/2024,999,4.1.01.02.000004,0.0
05/2024,999,4.1.01.02.000005,0.0
05/2024,999,4.1.01.02.000007,-5.75832
05/2024,999,4.1.01.03.000001,-41.6654
05/2024,999,4.1.01.03.000003,0.0
05/2024,999,4.1.01.03.000004,-48.35203
05/2024,999,4.1.01.03.000005,-531.62524
05/2024,999,4.1.01.03.000006,-3.46299
05/2024,999,4.1.01.03.000008,-0.56848
05/2024,999,4.1.01.03.000009,-124.92004
05/2024,999,4.1.01.03.000010,-0.1
05/2024,999,4.1.01.03.000013,0.0
05/2024,999,4.1.01.04.000002,-0.3442
05/2024,999,4.1.01.04.000004,-113.04993
05/2024,999,4.1.01.05.000001,-8.07957
05/2024,999,4.1.01.05.000002,-11.47065
05/2024,999,4.1.01.05.000003,0.0
05/2024,999,4.1.01.05.000004,-0.137
05/2024,999,4.1.01.05.000005,-5.43027
05/2024,999,4.1.01.05.000006,-243.57054
05/2024,999,4.1.01.05.000007,-4.25463
05/2024,999,4.1.01.05.000008,-0.0899
05/2024,999,4.1.01.05.000009,0.0
05/2024,999,4.1.01.06.000001,-91.00828
05/2024,999,4.1.01.06.000002,-38.8609
05/2024,999,4.1.01.06.000003,0.0
05/2024,999,4.1.01.06.000004,-156.80805
05/2024,999,4.1.01.07.000001,-1.06923
05/2024,999,4.1.01.07.000002,-0.45562
05/2024,999,4.1.01.07.000003,-92.3825
05/2024,999,4.1.01.07.000004,-1.75336
05/2024,999,4.1.01.07.000005,-133.81291
05/2024,999,4.1.01.07.000006,-13.25
05/2024,999,4.1.01.07.000007,-3.8467
05/2024,999,4.1.01.07.000008,-1.293
05/2024,999,4.1.01.07.000009,0.0
05/2024,999,4.1.01.07.000010,-31.08645
05/2024,999,4.1.01.07.000011,0.0
05/2024,999,4.1.01.07.000012,-28.62461
05/2024,999,4.1.01.07.000013,-50.71177
05/2024,999,4.1.01.07.000014,-202.8897
05/2024,999,4.1.01.07.000015,0.0
05/2024,999,4.1.01.07.000016,-65.0
05/2024,999,4.1.01.07.000017,0.0
05/2024,999,4.1.01.07.000018,0.0
05/2024,999,4.1.01.07.000019,-0.397
05/2024,999,4.1.01.07.000020,0.0
05/2024,999,4.1.01.08.000001,-9.94477
05/2024,999,4.1.01.08.000002,0.0
05/2024,999,4.1.01.08.000003,0.0
05/2024,999,4.1.01.08.000004,-2622.6039
05/2024,999,4.1.01.08.000005,-39.10588
05/2024,999,4.1.01.08.000007,0.0
05/2024,999,4.1.01.09.000004,-90.25314
05/2024,999,4.1.01.09.000006,0.0
05/2024,999,4.1.01.10.000001,0.0
05/2024,999,4.1.01.10.000003,0.0
05/2024,999,4.1.01.10.000004,0.0
05/2024,999,4.1.01.10.000005,0.0
05/2024,999,4.1.01.11.000002,-515.49352
05/2024,999,4.1.01.11.000003,0.0
05/2024,999,4.1.01.11.000004,0.0
05/2024,999,4.1.01.11.000007,0.0
05/2024,999,4.1.01.11.000009,-114.53173
05/2024,999,4.1.01.11.000010,0.0
05/2024,999,4.1.01.11.000017,0.0
05/2024,999,4.1.01.11.000019,-8.14085
05/2024,999,4.1.01.11.000020,-7.31408
05/2024,999,4.1.01.11.000021,0.0
05/2024,999,4.1.01.11.000025,0.0
05/2024,999,4.1.01.11.000026,0.0
05/2024,999,4.1.01.12.000001,-5.04171
05/2024,999,4.1.01.12.000002,-36.46045
05/2024,999,4.1.01.13.000001,0.0
05/2024,999,4.1.01.13.000002,0.0
05/2024,999,4.1.01.13.000003,0.0
05/2024,999,4.1.01.13.000004,0.0
05/2024,999,4.1.01.13.000005,0.0
05/2024,999,5.1.01.01.000001,-510.1096
05/2024,999,5.1.01.01.000003,0.0
05/2024,999,5.1.01.01.000004,-29.5807
05/2024,999,5.1.01.01.000008,0.0
05/2024,999,5.1.01.01.000012,-7.0616
05/2024,999,5.1.01.01.000020,0.0
05/2024,999,5.1.01.01.000021,0.0
05/2024,999,5.1.01.01.000022,0.0
05/2024,999,5.1.01.01.000023,-35.35248
05/2024,999,5.1.01.01.000024,0.0
05/2024,999,5.1.01.02.000001,-147.26502
05/2024,999,5.1.01.02.000002,-45.57014
05/2024,999,5.1.01.02.000003,-12.01998
05/2024,999,5.1.01.02.000006,0.0
05/2024,999,5.1.01.02.000007,0.0
05/2024,999,5.1.01.02.000020,0.0
05/2024,999,5.1.01.02.000021,0.0
05/2024,999,5.1.01.02.000022,0.0
05/2024,999,5.1.01.03.000001,-68.18026
05/2024,999,5.1.01.03.000004,-27.52214
05/2024,999,5.1.01.03.000006,-3.995
05/2024,999,5.1.01.03.000008,-2.93496
05/2024,999,5.1.01.03.000009,-74.91921
05/2024,999,5.1.01.03.000010,-21.75417
05/2024,999,5.1.01.03.000012,0.0
05/2024,999,5.1.01.03.000013,0.0
05/2024,999,5.1.01.03.000014,0.0
05/2024,999,5.1.01.04.000001,0.0
05/2024,999,5.1.01.04.000002,-0.12314
05/2024,999,5.1.01.04.000003,0.0
05/2024,999,5.1.01.04.000004,-84.17185
05/2024,999,5.1.01.05.000001,-31.38
05/2024,999,5.1.01.05.000002,-0.69428
05/2024,999,5.1.01.05.000003,0.0
05/2024,999,5.1.01.05.000004,0.0
05/2024,999,5.1.01.05.000005,-4.30409
05/2024,999,5.1.01.05.000006,-21.1561
05/2024,999,5.1.01.05.000007,-2.91542
05/2024,999,5.1.01.05.000009,-0.37063
05/2024,999,5.1.01.06.000001,-89.07255
05/2024,999,5.1.01.06.000002,0.0
05/2024,999,5.1.01.06.000003,0.0
05/2024,999,5.1.01.06.000004,-68.01715
05/2024,999,5.1.01.06.000005,0.0
05/2024,999,5.1.01.06.000006,-91.2755
05/2024,999,5.1.01.06.000008,0.0
05/2024,999,5.1.01.07.000001,0.0
05/2024,999,5.1.01.07.000002,0.0
05/2024,999,5.1.01.07.000003,0.0
05/2024,999,5.1.01.07.000004,0.0
05/2024,999,5.1.01.07.000005,-6.59007
05/2024,999,5.1.01.07.000007,0.0
05/2024,999,5.1.01.07.000008,0.0
05/2024,999,5.1.01.07.000010,-206.15819
05/2024,999,5.1.01.07.000014,0.0
05/2024,999,5.1.01.07.000015,-1.8
05/2024,999,5.1.01.07.000020,0.0
05/2024,999,5.1.01.07.000021,-2.1124
05/2024,999,5.1.01.08.000001,-4.02679
05/2024,999,5.1.01.08.000002,0.0
05/2024,999,5.1.01.08.000003,0.0
05/2024,999,5.1.01.08.000004,-6.44792
05/2024,999,5.1.01.08.000005,-36.64466
05/2024,999,5.1.01.09.000001,0.0
05/2024,999,5.1.01.09.000003,-26.0
05/2024,999,5.1.01.09.000005,0.0
05/2024,999,5.1.01.09.000008,-0.52455
05/2024,999,5.1.01.10.000002,0.0
05/2024,999,5.1.01.10.000003,0.0
05/2024,999,5.1.01.10.000004,0.0
05/2024,999,5.1.01.11.000001,-6.17541
05/2024,999,5.1.01.11.000003,0.0
05/2024,999,5.1.01.11.000004,0.0
05/2024,999,5.1.01.11.000006,-18.29813
05/2024,999,5.1.01.11.000007,-16.16039
05/2024,999,5.1.01.11.000008,-5.26149
05/2024,999,5.1.01.11.000010,0.0
05/2024,999,5.1.01.11.000012,0.0
05/2024,999,5.1.01.11.000013,0.0
05/2024,999,5.1.01.11.000014,0.0
05/2024,999,5.1.01.11.000015,0.0
05/2024,999,5.1.01.11.000021,0.0
05/2024,999,5.1.01.11.000022,0.0
05/2024,999,5.1.01.11.000025,0.0
05/2024,999,5.1.01.11.000026,0.0
05/2024,999,5.1.01.11.000027,-0.62445
05/2024,999,5.1.01.11.000031,0.0
05/2024,999,5.1.01.12.000003,0.0
05/2024,999,5.1.01.12.000008,0.0
05/2024,999,5.1.01.12.000009,0.0
05/2024,999,5.1.01.12.000019,0.0
05/2024,999,5.1.01.13.000001,-8.11795
05/2024,999,5.1.01.14.000001,0.0
05/2024,999,5.1.01.14.000002,0.0
05/2024,999,5.1.01.14.000003,0.0
05/2024,999,5.1.02.01.000006,0.0
05/2024,999,5.1.02.01.000009,0.0
05/2024,999,5.1.02.01.000010,-427.18015
05/2024,999,5.1.02.01.000011,0.0
05/2024,999,5.1.02.01.000012,0.0
05/2024,999,5.1.03.01.000001,-37.02528
05/2024,999,5.1.03.01.000002,-4.36705
05/2024,999,5.1.03.01.000003,-156.95665
05/2024,999,5.1.03.01.000004,-8675.90601
05/2024,999,5.1.03.01.000005,-16.1278
05/2024,999,5.1.03.01.000007,-0.86069
05/2024,999,5.1.03.02.000001,-15.93522
05/2024,999,5.1.04.01.000001,-50.03479
05/2024,999,5.1.04.01.000002,0.0
05/2024,999,5.1.04.01.000004,-1336.01106
05/2024,999,5.1.04.01.000005,-17.34217
05/2024,999,5.1.04.01.000006,-173.19838
05/2024,999,5.1.04.01.000007,0.0
05/2024,999,5.1.04.01.000009,0.0
05/2024,999,5.1.04.01.000010,0.0
05/2024,999,5.1.04.01.000011,0.0
05/2024,999,5.1.04.01.000014,-3500.62445
05/2024,999,5.1.04.01.000015,-0.0515
05/2024,999,5.1.04.01.000016,-0.4095
05/2024,999,5.1.04.01.000017,-420.78558
05/2024,999,5.1.04.02.000001,155.07793
05/2024,999,5.1.04.02.000002,16.63183
05/2024,999,5.1.04.02.000003,0.09172
05/2024,999,5.2.01.01.000001,50.27664
05/2024,999,5.9.01.01.000001,0.0
05/2024,999,5.9.01.01.000002,0.0
05/2024,999,5.9.01.02.000001,0.0
05/2024,999,5.9.01.02.000002,0.0
05/2025,6,3.1.01.01.000002,3436.44406
05/2025,6,3.1.01.01.000003,0.0
05/2025,6,3.1.01.01.000013,150.0
05/2025,6,3.1.02.02.000002,0.0
05/2025,6,3.1.02.02.000003,0.0
05/2025,6,3.1.02.02.000004,0.0
05/2025,6,3.1.02.02.000009,0.0
05/2025,6,3.1.02.02.000010,-67.22891
05/2025,6,3.1.03.02.000003,0.0
05/2025,6,3.1.03.03.000001,0.0
05/2025,6,3.2.01.01.000001,0.0
05/2025,6,3.2.01.02.000002,0.9094
05/2025,6,4.1.01.01.000001,-502.57091
05/2025,6,4.1.01.01.000002,-9.5
05/2025,6,4.1.01.01.000003,-26.76362
05/2025,6,4.1.01.01.000006,-1.683
05/2025,6,4.1.01.01.000008,0.0
05/2025,6,4.1.01.01.000009,-43.12903
05/2025,6,4.1.01.01.000010,0.0
05/2025,6,4.1.01.02.000001,-118.02061
05/2025,6,4.1.01.02.000002,-50.78451
05/2025,6,4.1.01.02.000003,-5.21457
05/2025,6,4.1.01.02.000004,0.0
05/2025,6,4.1.01.02.000006,0.0
05/2025,6,4.1.01.02.000007,0.0
05/2025,6,4.1.01.03.000001,-32.87141
05/2025,6,4.1.01.03.000003,0.0
05/2025,6,4.1.01.03.000004,-1.21649
05/2025,6,4.1.01.03.000006,-10.853
05/2025,6,4.1.01.03.000009,-60.70752
05/2025,6,4.1.01.03.000010,0.0
05/2025,6,4.1.01.04.000004,-7.96611
05/2025,6,4.1.01.05.000001,0.0
05/2025,6,4.1.01.05.000002,0.0
05/2025,6,4.1.01.05.000003,0.0
05/2025,6,4.1.01.05.000006,-976.16679
05/2025,6,4.1.01.06.000001,-4.752
05/2025,6,4.1.01.06.000002,0.0
05/2025,6,4.1.01.06.000004,-10.56
05/2025,6,4.1.01.07.000007,0.0
05/2025,6,4.1.01.07.000012,-1.94808
05/2025,6,4.1.01.07.000013,0.0
05/2025,6,4.1.01.07.000014,0.0
05/2025,6,4.1.01.07.000018,0.0
05/2025,6,4.1.01.08.000001,0.0
05/2025,6,4.1.01.08.000004,-206.5333
05/2025,6,4.1.01.08.000005,0.0
05/2025,6,4.1.01.08.000006,0.0
05/2025,6,4.1.01.11.000002,-6.58432
05/2025,6,4.1.01.11.000007,0.0
05/2025,6,4.1.01.11.000008,0.0
05/2025,6,4.1.01.11.000009,-1.05489
05/2025,6,4.1.01.11.000025,0.0
05/2025,6,5.1.01.01.000001,0.0
05/2025,6,5.1.01.01.000003,0.0
05/2025,6,5.1.01.01.000004,0.0
05/2025,6,5.1.01.01.000023,0.0
05/2025,6,5.1.01.01.000024,0.0
05/2025,6,5.1.01.02.000001,0.0
05/2025,6,5.1.01.02.000002,0.0
05/2025,6,5.1.01.02.000003,0.0
05/2025,6,5.1.01.02.000004,0.0
05/2025,6,5.1.01.02.000005,0.0
05/2025,6,5.1.01.02.000007,0.0
05/2025,6,5.1.01.03.000001,0.0
05/2025,6,5.1.01.03.000004,0.0
05/2025,6,5.1.01.03.000006,0.0
05/2025,6,5.1.01.03.000009,0.0
05/2025,6,5.1.01.03.000010,0.0
05/2025,6,5.1.01.04.000001,0.0
05/2025,6,5.1.01.04.000002,0.0
05/2025,6,5.1.01.04.000004,0.0
05/2025,6,5.1.01.05.000001,0.0
05/2025,6,5.1.01.05.000002,0.0
05/2025,6,5.1.01.05.000006,0.0
05/2025,6,5.1.01.05.000009,0.0
05/2025,6,5.1.01.06.000001,0.0
05/2025,6,5.1.01.06.000004,0.0
05/2025,6,5.1.01.06.000007,0.0
05/2025,6,5.1.01.07.000007,0.0
05/2025,6,5.1.01.07.000012,0.0
05/2025,6,5.1.01.08.000001,0.0
05/2025,6,5.1.01.08.000004,0.0
05/2025,6,5.1.01.08.000005,0.0
05/2025,6,5.1.01.11.000001,0.0
05/2025,6,5.1.01.11.000002,0.0
05/2025,6,5.1.01.11.000005,0.0
05/2025,6,5.1.01.11.000006,0.0
05/2025,6,5.1.01.11.000007,-0.38634
05/2025,6,5.1.01.11.000008,-32.06205
05/2025,6,5.1.01.11.000009,0.0
05/2025,6,5.1.01.11.000012,0.0
05/2025,6,5.1.01.11.000014,0.0
05/2025,6,5.1.01.11.000015,0.0
05/2025,6,5.1.01.11.000016,-24.03397
05/2025,6,5.1.01.11.000017,-110.70192
05/2025,6,5.1.01.11.000021,0.0
05/2025,6,5.1.01.11.000022,0.0
05/2025,6,5.1.01.11.000025,0.0
05/2025,6,5.1.01.11.000026,-7.89763
05/2025,6,5.1.01.11.000027,-0.16354
05/2025,6,5.1.01.12.000001,0.0
05/2025,6,5.1.01.12.000009,0.0
05/2025,6,5.1.01.12.000011,0.0
05/2025,6,5.1.01.12.000020,0.0
05/2025,6,5.1.01.13.000001,0.0
05/2025,6,5.1.03.01.000001,-0.2617
05/2025,6,5.1.03.01.000002,-0.04565
05/2025,6,5.1.03.01.000004,-15.0
05/2025,6,5.1.03.01.000007,-0.07205
05/2025,6,5.1.04.01.000001,-4.90025
05/2025,6,5.1.04.01.000004,-200.87918
05/2025,6,5.1.04.01.000005,0.0
05/2025,6,5.1.04.01.000006,-0.00419
05/2025,6,5.1.04.01.000011,0.0
05/2025,6,5.1.04.01.000013,0.0
05/2025,6,5.1.04.01.000014,-82.14041
05/2025,6,5.1.04.02.000001,0.00545
05/2025,6,5.1.04.02.000002,0.02018
05/2025,6,5.1.04.02.000003,55.70942
05/2025,6,5.2.01.01.000001,2.95483
05/2025,7,3.1.01.01.000005,8976.57092
05/2025,7,3.1.02.01.000001,0.0
05/2025,7,3.2.01.01.000003,35.0
05/2025,7,3.2.01.02.000002,10.40736
05/2025,7,3.2.01.02.000003,0.0
05/2025,7,4.1.01.08.000005,-6.6
05/2025,7,4.1.02.01.000001,-95.36229
05/2025,7,4.1.02.01.000003,0.0
05/2025,7,4.1.02.01.000008,0.0
05/2025,7,4.1.02.01.000009,-8.94376
05/2025,7,4.1.02.01.000010,-21.96704
05/2025,7,4.1.02.02.000001,-28.5005
05/2025,7,4.1.02.02.000002,-8.3518
05/2025,7,4.1.02.02.000003,0.0
05/2025,7,4.1.02.02.000005,0.0
05/2025,7,4.1.02.02.000006,0.0
05/2025,7,4.1.02.02.000007,-1.0
05/2025,7,4.1.02.02.000008,0.0
05/2025,7,4.1.02.03.000001,0.0
05/2025,7,4.1.02.03.000004,-10.459
05/2025,7,4.1.02.03.000005,0.0
05/2025,7,4.1.02.03.000006,-3.238
05/2025,7,4.1.02.03.000009,-18.67
05/2025,7,4.1.02.03.000010,0.0
05/2025,7,4.1.02.03.000013,0.0
05/2025,7,4.1.02.04.000003,-13.77233
05/2025,7,4.1.02.04.000004,0.0
05/2025,7,4.1.02.05.000001,-2.44294
05/2025,7,4.1.02.05.000002,-2.096
05/2025,7,4.1.02.05.000003,0.0
05/2025,7,4.1.02.05.000004,-0.525
05/2025,7,4.1.02.05.000005,-0.73935
05/2025,7,4.1.02.05.000006,-6626.74433
05/2025,7,4.1.02.05.000007,0.0
05/2025,7,4.1.02.05.000009,-5.74267
05/2025,7,4.1.02.05.000010,0.0
05/2025,7,4.1.02.06.000001,-12.83675
05/2025,7,4.1.02.06.000004,0.0
05/2025,7,4.1.02.07.000003,-26.12905
05/2025,7,4.1.02.07.000004,-0.70125
05/2025,7,4.1.02.07.000006,-6.16
05/2025,7,4.1.02.07.000007,0.0
05/2025,7,4.1.02.07.000010,0.0
05/2025,7,4.1.02.07.000016,-61.89096
05/2025,7,4.1.02.08.000001,-11.60023
05/2025,7,4.1.02.08.000002,0.0
05/2025,7,4.1.02.08.000005,-6.79956
05/2025,7,5.1.01.04.000002,-0.179
05/2025,7,5.1.01.04.000003,0.0
05/2025,7,5.1.01.05.000001,0.0
05/2025,7,5.1.01.05.000003,0.0
05/2025,7,5.1.01.05.000005,0.0
05/2025,7,5.1.01.05.000009,-0.3555
05/2025,7,5.1.01.07.000007,0.0
05/2025,7,5.1.01.07.000010,-6.3614
05/2025,7,5.1.01.07.000015,-1.0
05/2025,7,5.1.01.07.000021,-0.5
05/2025,7,5.1.01.08.000005,0.0
05/2025,7,5.1.01.09.000003,-0.628
05/2025,7,5.1.01.09.000008,0.0
05/2025,7,5.1.01.11.000001,-1.89313
05/2025,7,5.1.01.11.000005,0.0
05/2025,7,5.1.01.11.000006,-3.07027
05/2025,7,5.1.01.11.000007,-0.2121
05/2025,7,5.1.01.11.000008,-0.05954
05/2025,7,5.1.01.11.000016,-0.5775
05/2025,7,5.1.01.11.000017,-2.66
05/2025,7,5.1.01.11.000027,-0.16354
05/2025,7,5.1.01.13.000001,0.0
05/2025,7,5.1.01.14.000003,0.0
05/2025,7,5.1.02.01.000009,0.0
05/2025,7,5.1.02.01.000010,0.0
05/2025,7,5.1.02.01.000011,0.0
05/2025,7,5.1.04.01.000001,-22.16448
05/2025,7,5.1.04.01.000002,-295.06107
05/2025,7,5.1.04.01.000003,0.0
05/2025,7,5.1.04.01.000004,-27.53605
05/2025,7,5.1.04.01.000005,-0.11687
05/2025,7,5.1.04.01.000006,-0.04133
05/2025,7,5.1.04.01.000014,0.0
05/2025,7,5.1.04.02.000001,0.04895
05/2025,7,5.1.04.02.000002,0.0
05/2025,7,5.1.04.02.000003,0.15292
05/2025,7,5.2.01.01.000001,0.0
05/2025,7,5.9.01.01.000001,0.0
05/2025,7,5.9.01.02.000001,0.0
05/2025,999,3.1.01.01.000002,0.0
05/2025,999,3.1.01.01.000003,484.3303
05/2025,999,3.1.01.01.000004,496.66364
05/2025,999,3.1.01.01.000006,21.38893
05/2025,999,3.1.01.01.000008,0.0
05/2025,999,3.1.01.01.000009,0.0
05/2025,999,3.1.01.01.000010,0.0
05/2025,999,3.1.01.01.000011,0.0
05/2025,999,3.1.01.01.000012,0.0
05/2025,999,3.1.01.01.000013,43087.75335
05/2025,999,3.1.02.01.000001,0.0
05/2025,999,3.1.02.02.000004,0.0
05/2025,999,3.1.02.02.000005,0.0
05/2025,999,3.1.02.02.000008,0.0
05/2025,999,3.1.02.02.000010,-0.42653
05/2025,999,3.1.02.02.000011,0.0
05/2025,999,3.1.02.02.000012,0.0
05/2025,999,3.1.02.02.000013,-1.92427
05/2025,999,3.1.02.02.000014,-0.96213
05/2025,999,3.1.03.01.000007,0.0
05/2025,999,3.1.03.01.000011,0.0
05/2025,999,3.1.03.02.000001,0.0
05/2025,999,3.1.03.02.000003,0.0
05/2025,999,3.1.03.02.000004,0.0
05/2025,999,3.1.03.03.000001,0.0
05/2025,999,3.2.01.01.000001,6610.13399
05/2025,999,3.2.01.01.000005,3.03975
05/2025,999,3.2.01.02.000001,0.0
05/2025,999,3.2.01.02.000002,8.38434
05/2025,999,3.2.01.02.000003,0.3
05/2025,999,3.2.01.02.000004,0.0
05/2025,999,3.2.01.02.000005,0.0
05/2025,999,3.2.01.02.000006,0.0
05/2025,999,3.2.01.03.000001,0.0
05/2025,999,4.1.01.01.000001,-640.09275
05/2025,999,4.1.01.01.000002,-15.33346
05/2025,999,4.1.01.01.000003,-45.65954
05/2025,999,4.1.01.01.000004,0.0
05/2025,999,4.1.01.01.000006,0.0
05/2025,999,4.1.01.01.000007,0.0
05/2025,999,4.1.01.01.000009,-43.22942
05/2025,999,4.1.01.01.000010,0.0
05/2025,999,4.1.01.02.000001,-174.76097
05/2025,999,4.1.01.02.000002,-55.78762
05/2025,999,4.1.01.02.000003,-18.3687
05/2025,999,4.1.01.02.000004,0.0
05/2025,999,4.1.01.02.000005,0.0
05/2025,999,4.1.01.02.000007,-6.58567
05/2025,999,4.1.01.03.000001,-67.56224
05/2025,999,4.1.01.03.000003,0.0
05/2025,999,4.1.01.03.000004,-44.47935
05/2025,999,4.1.01.03.000005,0.0
05/2025,999,4.1.01.03.000006,-12.0616
05/2025,999,4.1.01.03.000008,-0.25305
05/2025,999,4.1.01.03.000009,-83.8525
05/2025,999,4.1.01.03.000010,0.0
05/2025,999,4.1.01.03.000013,0.0
05/2025,999,4.1.01.04.000002,0.0
05/2025,999,4.1.01.04.000004,-125.42623
05/2025,999,4.1.01.05.000001,-0.374
05/2025,999,4.1.01.05.000002,-8.86592
05/2025,999,4.1.01.05.000003,-2.56519
05/2025,999,4.1.01.05.000004,0.0
05/2025,999,4.1.01.05.000005,-6.34828
05/2025,999,4.1.01.05.000006,-418.40017
05/2025,999,4.1.01.05.000007,-11.51268
05/2025,999,4.1.01.05.000008,0.0
05/2025,999,4.1.01.05.000009,-0.761
05/2025,999,4.1.01.06.000001,-67.93257
05/2025,999,4.1.01.06.000002,-94.26415
05/2025,999,4.1.01.06.000003,0.0
05/2025,999,4.1.01.06.000004,-237.08771
05/2025,999,4.1.01.06.000007,0.0
05/2025,999,4.1.01.07.000001,-2.40795
05/2025,999,4.1.01.07.000002,-0.663
05/2025,999,4.1.01.07.000003,-88.19886
05/2025,999,4.1.01.07.000004,-188.92304
05/2025,999,4.1.01.07.000005,-12.5
05/2025,999,4.1.01.07.000006,-9.65
05/2025,999,4.1.01.07.000007,-27.60617
05/2025,999,4.1.01.07.000008,-1.069
05/2025,999,4.1.01.07.000009,0.0
05/2025,999,4.1.01.07.000010,-4.43
05/2025,999,4.1.01.07.000011,0.0
05/2025,999,4.1.01.07.000012,-37.45286
05/2025,999,4.1.01.07.000013,-66.05954
05/2025,999,4.1.01.07.000014,-226.57543
05/2025,999,4.1.01.07.000015,0.0
05/2025,999,4.1.01.07.000016,-65.0
05/2025,999,4.1.01.07.000017,0.0
05/2025,999,4.1.01.07.000018,-1.38
05/2025,999,4.1.01.07.000019,-15.55485
05/2025,999,4.1.01.07.000020,0.0
05/2025,999,4.1.01.08.000001,-94.83045
05/2025,999,4.1.01.08.000002,-0.385
05/2025,999,4.1.01.08.000003,-4.165
05/2025,999,4.1.01.08.000004,-2901.074
05/2025,999,4.1.01.08.000005,-11.47462
05/2025,999,4.1.01.08.000007,-1.934
05/2025,999,4.1.01.08.000008,-1.6
05/2025,999,4.1.01.09.000004,-180.63714
05/2025,999,4.1.01.09.000006,0.0
05/2025,999,4.1.01.10.000001,0.0
05/2025,999,4.1.01.10.000003,0.0
05/2025,999,4.1.01.10.000004,0.0
05/2025,999,4.1.01.10.000005,0.0
05/2025,999,4.1.01.11.000002,-401.94237
05/2025,999,4.1.01.11.000003,0.0
05/2025,999,4.1.01.11.000004,-15.9175
05/2025,999,4.1.01.11.000007,0.0
05/2025,999,4.1.01.11.000009,-123.52113
05/2025,999,4.1.01.11.000010,0.0
05/2025,999,4.1.01.11.000017,0.0
05/2025,999,4.1.01.11.000019,0.0
05/2025,999,4.1.01.11.000020,-36.0678
05/2025,999,4.1.01.11.000021,0.0
05/2025,999,4.1.01.11.000025,0.0
05/2025,999,4.1.01.11.000026,0.0
05/2025,999,4.1.01.12.000001,-80.14864
05/2025,999,4.1.01.12.000002,-3.9014
05/2025,999,4.1.01.13.000001,-0.35476
05/2025,999,4.1.01.13.000002,0.0
05/2025,999,4.1.01.13.000003,0.0
05/2025,999,4.1.01.13.000004,0.0
05/2025,999,4.1.01.13.000005,0.0
05/2025,999,5.1.01.01.000001,-478.2499
05/2025,999,5.1.01.01.000003,0.0
05/2025,999,5.1.01.01.000004,-45.55472
05/2025,999,5.1.01.01.000005,0.0
05/2025,999,5.1.01.01.000008,0.0
05/2025,999,5.1.01.01.000012,-7.59346
05/2025,999,5.1.01.01.000020,0.0
05/2025,999,5.1.01.01.000021,0.0
05/2025,999,5.1.01.01.000022,0.0
05/2025,999,5.1.01.01.000023,-22.17916
05/2025,999,5.1.01.01.000024,0.0
05/2025,999,5.1.01.02.000001,-124.62981
05/2025,999,5.1.01.02.000002,-39.2342
05/2025,999,5.1.01.02.000003,-18.97741
05/2025,999,5.1.01.02.000005,0.0
05/2025,999,5.1.01.02.000006,0.0
05/2025,999,5.1.01.02.000007,0.0
05/2025,999,5.1.01.02.000020,0.0
05/2025,999,5.1.01.02.000021,0.0
05/2025,999,5.1.01.02.000022,0.0
05/2025,999,5.1.01.03.000001,-87.30217
05/2025,999,5.1.01.03.000004,-2.76853
05/2025,999,5.1.01.03.000006,-2.67
05/2025,999,5.1.01.03.000008,-3.03521
05/2025,999,5.1.01.03.000009,-37.816
05/2025,999,5.1.01.03.000010,-7.125
05/2025,999,5.1.01.03.000012,0.0
05/2025,999,5.1.01.03.000013,-0.10958
05/2025,999,5.1.01.03.000014,0.0
05/2025,999,5.1.01.04.000001,-3.1
05/2025,999,5.1.01.04.000002,-0.7975
05/2025,999,5.1.01.04.000003,0.0
05/2025,999,5.1.01.04.000004,-58.65952
05/2025,999,5.1.01.05.000001,-7.61565
05/2025,999,5.1.01.05.000002,-3.62088
05/2025,999,5.1.01.05.000003,0.0
05/2025,999,5.1.01.05.000004,-9.2528
05/2025,999,5.1.01.05.000005,-1.42963
05/2025,999,5.1.01.05.000006,-52.58704
05/2025,999,5.1.01.05.000007,0.0
05/2025,999,5.1.01.05.000009,-0.4995
05/2025,999,5.1.01.05.000010,0.0
05/2025,999,5.1.01.06.000001,-53.01993
05/2025,999,5.1.01.06.000002,0.0
05/2025,999,5.1.01.06.000003,0.0
05/2025,999,5.1.01.06.000004,-251.63493
05/2025,999,5.1.01.06.000005,0.0
05/2025,999,5.1.01.06.000006,-80.52378
05/2025,999,5.1.01.06.000008,0.0
05/2025,999,5.1.01.07.000001,0.0
05/2025,999,5.1.01.07.000002,0.0
05/2025,999,5.1.01.07.000003,0.0
05/2025,999,5.1.01.07.000004,0.0
05/2025,999,5.1.01.07.000005,0.0
05/2025,999,5.1.01.07.000007,0.0
05/2025,999,5.1.01.07.000008,0.0
05/2025,999,5.1.01.07.000010,-39.71083
05/2025,999,5.1.01.07.000014,0.0
05/2025,999,5.1.01.07.000015,-1.8
05/2025,999,5.1.01.07.000020,-16.77382
05/2025,999,5.1.01.07.000021,-0.07074
05/2025,999,5.1.01.08.000001,-6.03
05/2025,999,5.1.01.08.000002,0.0
05/2025,999,5.1.01.08.000003,0.0
05/2025,999,5.1.01.08.000004,-1.88253
05/2025,999,5.1.01.08.000005,-122.17951
05/2025,999,5.1.01.09.000001,0.0
05/2025,999,5.1.01.09.000003,-15.0
05/2025,999,5.1.01.09.000005,0.0
05/2025,999,5.1.01.09.000007,0.0
05/2025,999,5.1.01.09.000008,0.0
05/2025,999,5.1.01.10.000002,0.0
05/2025,999,5.1.01.10.000003,0.0
05/2025,999,5.1.01.10.000004,0.0
05/2025,999,5.1.01.11.000001,-19.58305
05/2025,999,5.1.01.11.000003,0.0
05/2025,999,5.1.01.11.000004,0.0
05/2025,999,5.1.01.11.000006,-15.16883
05/2025,999,5.1.01.11.000007,-57.48614
05/2025,999,5.1.01.11.000008,-46.00127
05/2025,999,5.1.01.11.000010,-1.06162
05/2025,999,5.1.01.11.000012,0.0
05/2025,999,5.1.01.11.000013,0.0
05/2025,999,5.1.01.11.000014,0.0
05/2025,999,5.1.01.11.000015,0.0
05/2025,999,5.1.01.11.000021,-0.63205
05/2025,999,5.1.01.11.000022,0.0
05/2025,999,5.1.01.11.000025,0.0
05/2025,999,5.1.01.11.000026,0.0
05/2025,999,5.1.01.11.000027,-4.60604
05/2025,999,5.1.01.11.000030,0.0
05/2025,999,5.1.01.11.000031,-154.69676
05/2025,999,5.1.01.12.000003,0.0
05/2025,999,5.1.01.12.000008,0.0
05/2025,999,5.1.01.12.000009,0.0
05/2025,999,5.1.01.12.000019,0.0
05/2025,999,5.1.01.12.000021,-118.99649
05/2025,999,5.1.01.13.000001,0.0
05/2025,999,5.1.01.14.000001,0.0
05/2025,999,5.1.01.14.000002,0.0
05/2025,999,5.1.01.14.000003,-144.20154
05/2025,999,5.1.02.01.000006,0.0
05/2025,999,5.1.02.01.000009,0.0
05/2025,999,5.1.02.01.000010,0.0
05/2025,999,5.1.02.01.000011,0.0
05/2025,999,5.1.02.01.000012,150.0
05/2025,999,5.1.03.01.000001,-38.55532
05/2025,999,5.1.03.01.000002,-5.09721
05/2025,999,5.1.03.01.000003,-156.95668
05/2025,999,5.1.03.01.000004,-8013.48453
05/2025,999,5.1.03.01.000005,-17.3697
05/2025,999,5.1.03.01.000007,-1.47584
05/2025,999,5.1.03.02.000001,-30.50152
05/2025,999,5.1.04.01.000001,-49.43221
05/2025,999,5.1.04.01.000002,0.0
05/2025,999,5.1.04.01.000004,-1629.16975
05/2025,999,5.1.04.01.000005,-30.37225
05/2025,999,5.1.04.01.000006,-22.77131
05/2025,999,5.1.04.01.000007,0.0
05/2025,999,5.1.04.01.000009,-3.5
05/2025,999,5.1.04.01.000010,0.0
05/2025,999,5.1.04.01.000011,0.0
05/2025,999,5.1.04.01.000014,-2979.64541
05/2025,999,5.1.04.01.000015,-0.37442
05/2025,999,5.1.04.01.000016,-1.04
05/2025,999,5.1.04.01.000017,-318.57557
05/2025,999,5.1.04.02.000001,118.57994
05/2025,999,5.1.04.02.000002,8.93142
05/2025,999,5.1.04.02.000003,1.2506
05/2025,999,5.2.01.01.000001,5.77347
05/2025,999,5.9.01.01.000001,0.0
05/2025,999,5.9.01.01.000002,0.0
05/2025,999,5.9.01.02.000001,0.0
05/2025,999,5.9.01.02.000002,0.0
06/2022,6,3.1.01.01.000002,3338.73705
06/2022,6,3.1.01.01.000003,0.0
06/2022,6,3.1.02.02.000002,-66.77474
06/2022,6,3.1.02.02.000003,-55.09083
06/2022,6,3.1.02.02.000004,-253.75167
06/2022,6,3.1.02.02.000009,0.0
06/2022,6,3.1.02.02.000010,0.0
06/2022,6,3.1.03.02.000003,0.0
06/2022,6,4.1.01.01.000001,-564.74476
06/2022,6,4.1.01.01.000002,-10.0
06/2022,6,4.1.01.01.000003,0.0
06/2022,6,4.1.01.01.000009,0.0
06/2022,6,4.1.01.02.000001,-152.72853
06/2022,6,4.1.01.02.000002,-33.18875
06/2022,6,4.1.01.02.000003,-5.60424
06/2022,6,4.1.01.02.000004,-0.36462
06/2022,6,4.1.01.02.000006,0.0
06/2022,6,4.1.01.02.000007,-4.0
06/2022,6,4.1.01.03.000001,-47.68727
06/2022,6,4.1.01.03.000003,0.0
06/2022,6,4.1.01.03.000004,0.0
06/2022,6,4.1.01.03.000006,-3.66087
06/2022,6,4.1.01.03.000009,-90.22521
06/2022,6,4.1.01.03.000010,-0.088
06/2022,6,4.1.01.04.000004,-2.36577
06/2022,6,4.1.01.05.000001,0.0
06/2022,6,4.1.01.05.000002,-0.2998
06/2022,6,4.1.01.05.000003,0.0
06/2022,6,4.1.01.05.000006,-1146.06439
06/2022,6,4.1.01.06.000001,0.0
06/2022,6,4.1.01.06.000002,0.0
06/2022,6,4.1.01.06.000004,-43.72
06/2022,6,4.1.01.07.000007,0.0
06/2022,6,4.1.01.07.000012,0.0
06/2022,6,4.1.01.07.000013,0.0
06/2022,6,4.1.01.07.000014,-0.42
06/2022,6,4.1.01.08.000001,0.0
06/2022,6,4.1.01.08.000004,-148.55007
06/2022,6,4.1.01.08.000005,0.0
06/2022,6,4.1.01.08.000006,0.0
06/2022,6,4.1.01.11.000002,-95.97412
06/2022,6,4.1.01.11.000008,0.0
06/2022,6,4.1.01.11.000009,-10.6231
06/2022,6,4.1.01.11.000025,0.0
06/2022,6,5.1.01.01.000001,0.0
06/2022,6,5.1.01.01.000003,0.0
06/2022,6,5.1.01.01.000004,0.0
06/2022,6,5.1.01.02.000001,0.0
06/2022,6,5.1.01.02.000002,0.0
06/2022,6,5.1.01.02.000004,-0.39817
06/2022,6,5.1.01.02.000005,0.0
06/2022,6,5.1.01.02.000007,0.0
06/2022,6,5.1.01.03.000001,0.0
06/2022,6,5.1.01.03.000004,-4.2864
06/2022,6,5.1.01.03.000006,0.0
06/2022,6,5.1.01.03.000009,0.0
06/2022,6,5.1.01.03.000010,-7.0058
06/2022,6,5.1.01.04.000001,0.0
06/2022,6,5.1.01.04.000002,0.0
06/2022,6,5.1.01.04.000004,0.0
06/2022,6,5.1.01.05.000001,-0.26
06/2022,6,5.1.01.05.000002,0.0
06/2022,6,5.1.01.05.000006,0.0
06/2022,6,5.1.01.06.000004,0.0
06/2022,6,5.1.01.06.000007,0.0
06/2022,6,5.1.01.07.000007,0.0
06/2022,6,5.1.01.07.000012,-0.44031
06/2022,6,5.1.01.08.000001,0.0
06/2022,6,5.1.01.08.000004,0.0
06/2022,6,5.1.01.08.000005,0.0
06/2022,6,5.1.01.11.000001,-0.14306
06/2022,6,5.1.01.11.000002,0.0
06/2022,6,5.1.01.11.000005,-2.0
06/2022,6,5.1.01.11.000006,-1.91468
06/2022,6,5.1.01.11.000007,0.0
06/2022,6,5.1.01.11.000008,-9.41058
06/2022,6,5.1.01.11.000009,0.0
06/2022,6,5.1.01.11.000012,0.0
06/2022,6,5.1.01.11.000014,0.0
06/2022,6,5.1.01.11.000015,0.0
06/2022,6,5.1.01.11.000016,0.0
06/2022,6,5.1.01.11.000017,0.0
06/2022,6,5.1.01.11.000021,0.0
06/2022,6,5.1.01.11.000022,-0.1731
06/2022,6,5.1.01.11.000025,0.0
06/2022,6,5.1.01.11.000027,0.0
06/2022,6,5.1.01.12.000001,-6.78645
06/2022,6,5.1.01.12.000009,0.0
06/2022,6,5.1.01.12.000011,-0.48228
06/2022,6,5.1.01.12.000020,-0.00679
06/2022,6,5.1.03.01.000004,-1569.33884
06/2022,6,5.1.04.01.000001,-0.349
06/2022,6,5.1.04.01.000004,-37.35588
06/2022,6,5.1.04.01.000005,0.0
06/2022,6,5.1.04.01.000006,-0.00294
06/2022,6,5.1.04.01.000013,0.0
06/2022,6,5.1.04.01.000014,0.0
06/2022,6,5.1.04.02.000001,0.10064
06/2022,6,5.1.04.02.000002,0.0
06/2022,999,3.1.01.01.000002,985.54064
06/2022,999,3.1.01.01.000003,49.1685
06/2022,999,3.1.01.01.000004,94.01965
06/2022,999,3.1.01.01.000006,60.50236
06/2022,999,3.1.01.01.000008,0.0
06/2022,999,3.1.01.01.000009,75.0
06/2022,999,3.1.01.01.000010,0.0
06/2022,999,3.1.01.01.000011,0.0
06/2022,999,3.1.01.01.000012,835.31011
06/2022,999,3.1.01.01.000013,34476.70706
06/2022,999,3.1.02.01.000001,0.0
06/2022,999,3.1.02.02.000005,-23.23825
06/2022,999,3.1.02.02.000008,-111.54124
06/2022,999,3.1.02.02.000010,-51.55797
06/2022,999,3.1.02.02.000011,-17.82696
06/2022,999,3.1.02.02.000012,-82.23227
06/2022,999,3.1.02.02.000013,-0.24645
06/2022,999,3.1.02.02.000014,-0.12322
06/2022,999,3.1.03.01.000007,0.0
06/2022,999,3.1.03.01.000011,0.0
06/2022,999,3.1.03.02.000003,0.0
06/2022,999,3.2.01.01.000001,5353.5
06/2022,999,3.2.01.01.000005,0.0
06/2022,999,3.2.01.02.000001,1000.0
06/2022,999,3.2.01.02.000002,37.54428
06/2022,999,3.2.01.02.000003,23.14382
06/2022,999,3.2.01.02.000004,28.85459
06/2022,999,4.1.01.01.000001,-765.42815
06/2022,999,4.1.01.01.000003,-65.43981
06/2022,999,4.1.01.01.000007,-4.41366
06/2022,999,4.1.01.02.000001,-231.44107
06/2022,999,4.1.01.02.000002,-66.27158
06/2022,999,4.1.01.02.000003,-9.55212
06/2022,999,4.1.01.02.000004,0.0
06/2022,999,4.1.01.02.000005,-71.5562
06/2022,999,4.1.01.02.000007,-10.32781
06/2022,999,4.1.01.03.000001,0.0
06/2022,999,4.1.01.03.000003,-6.84
06/2022,999,4.1.01.03.000004,-17.10094
06/2022,999,4.1.01.03.000005,-14.49789
06/2022,999,4.1.01.03.000006,0.0
06/2022,999,4.1.01.03.000008,0.0
06/2022,999,4.1.01.03.000009,-232.02536
06/2022,999,4.1.01.03.000010,-1.593
06/2022,999,4.1.01.03.000013,0.0
06/2022,999,4.1.01.04.000002,0.0
06/2022,999,4.1.01.04.000004,-61.42573
06/2022,999,4.1.01.05.000001,-4.42
06/2022,999,4.1.01.05.000002,-11.22758
06/2022,999,4.1.01.05.000003,-2.05563
06/2022,999,4.1.01.05.000004,-7.0
06/2022,999,4.1.01.05.000005,0.0
06/2022,999,4.1.01.05.000006,-4037.92442
06/2022,999,4.1.01.05.000007,-620.64569
06/2022,999,4.1.01.06.000001,0.0
06/2022,999,4.1.01.06.000002,-99.18738
06/2022,999,4.1.01.06.000003,-5.20273
06/2022,999,4.1.01.06.000004,-430.9634
06/2022,999,4.1.01.07.000001,-2.88488
06/2022,999,4.1.01.07.000002,0.0
06/2022,999,4.1.01.07.000003,-116.11116
06/2022,999,4.1.01.07.000004,-5.16785
06/2022,999,4.1.01.07.000005,-181.703
06/2022,999,4.1.01.07.000006,-12.65
06/2022,999,4.1.01.07.000007,-4.69127
06/2022,999,4.1.01.07.000008,0.0
06/2022,999,4.1.01.07.000009,-2.1964
06/2022,999,4.1.01.07.000010,-98.33993
06/2022,999,4.1.01.07.000011,-2.1144
06/2022,999,4.1.01.07.000012,-3.51613
06/2022,999,4.1.01.07.000013,-34.83361
06/2022,999,4.1.01.07.000014,-223.01185
06/2022,999,4.1.01.07.000015,-1.748
06/2022,999,4.1.01.07.000016,-72.0
06/2022,999,4.1.01.07.000017,-9.91567
06/2022,999,4.1.01.07.000018,0.0
06/2022,999,4.1.01.07.000019,-98.51672
06/2022,999,4.1.01.08.000001,-2.7654
06/2022,999,4.1.01.08.000002,-14.0
06/2022,999,4.1.01.08.000003,0.0
06/2022,999,4.1.01.08.000004,-4020.43374
06/2022,999,4.1.01.08.000005,-9.66078
06/2022,999,4.1.01.09.000004,-146.20463
06/2022,999,4.1.01.10.000001,0.0
06/2022,999,4.1.01.10.000003,-0.93
06/2022,999,4.1.01.10.000004,-0.74279
06/2022,999,4.1.01.10.000005,0.0
06/2022,999,4.1.01.11.000002,-1882.20667
06/2022,999,4.1.01.11.000003,-0.1775
06/2022,999,4.1.01.11.000004,0.0
06/2022,999,4.1.01.11.000009,-192.16388
06/2022,999,4.1.01.11.000010,0.0
06/2022,999,4.1.01.11.000017,-139.85297
06/2022,999,4.1.01.11.000019,-15.31874
06/2022,999,4.1.01.11.000020,-110.00517
06/2022,999,4.1.01.11.000021,0.0
06/2022,999,4.1.01.11.000025,-0.57799
06/2022,999,4.1.01.11.000026,0.0
06/2022,999,4.1.01.12.000001,-653.70133
06/2022,999,4.1.01.12.000002,-2103.82906
06/2022,999,4.1.01.13.000001,-1239.12306
06/2022,999,4.1.01.13.000002,-210.96009
06/2022,999,4.1.01.13.000003,0.0
06/2022,999,4.1.01.13.000004,-8.07508
06/2022,999,4.1.01.13.000005,-307.90683
06/2022,999,5.1.01.01.000003,0.0
06/2022,999,5.1.01.01.000008,0.0
06/2022,999,5.1.01.01.000020,-422.59726
06/2022,999,5.1.01.01.000021,-7.272
06/2022,999,5.1.01.01.000022,-37.51772
06/2022,999,5.1.01.02.000003,-5.47638
06/2022,999,5.1.01.02.000006,0.0
06/2022,999,5.1.01.02.000007,-0.88912
06/2022,999,5.1.01.02.000020,-132.75832
06/2022,999,5.1.01.02.000021,-37.99458
06/2022,999,5.1.01.02.000022,-47.64274
06/2022,999,5.1.01.03.000001,-86.47122
06/2022,999,5.1.01.03.000004,-27.57493
06/2022,999,5.1.01.03.000006,-3.943
06/2022,999,5.1.01.03.000008,-0.6
06/2022,999,5.1.01.03.000009,-122.1412
06/2022,999,5.1.01.03.000010,-18.31101
06/2022,999,5.1.01.03.000012,0.0
06/2022,999,5.1.01.03.000013,0.0
06/2022,999,5.1.01.03.000014,-48.21225
06/2022,999,5.1.01.04.000001,0.0
06/2022,999,5.1.01.04.000002,0.0
06/2022,999,5.1.01.04.000003,-0.7693
06/2022,999,5.1.01.04.000004,-41.69754
06/2022,999,5.1.01.05.000001,-26.80046
06/2022,999,5.1.01.05.000002,-19.03826
06/2022,999,5.1.01.05.000003,-9.869
06/2022,999,5.1.01.05.000004,-49.84007
06/2022,999,5.1.01.05.000005,0.0
06/2022,999,5.1.01.05.000006,-0.2876
06/2022,999,5.1.01.05.000007,0.0
06/2022,999,5.1.01.05.000009,-0.34
06/2022,999,5.1.01.06.000001,-103.4482
06/2022,999,5.1.01.06.000002,0.0
06/2022,999,5.1.01.06.000003,0.0
06/2022,999,5.1.01.06.000004,-108.29799
06/2022,999,5.1.01.06.000005,-29.18072
06/2022,999,5.1.01.06.000006,-81.123
06/2022,999,5.1.01.06.000008,-20.26933
06/2022,999,5.1.01.07.000001,0.0
06/2022,999,5.1.01.07.000002,0.0
06/2022,999,5.1.01.07.000003,-49.11522
06/2022,999,5.1.01.07.000004,-3.01475
06/2022,999,5.1.01.07.000005,-2.41792
06/2022,999,5.1.01.07.000007,0.0
06/2022,999,5.1.01.07.000008,0.0
06/2022,999,5.1.01.07.000010,-95.57223
06/2022,999,5.1.01.07.000014,0.0
06/2022,999,5.1.01.07.000015,-2.80566
06/2022,999,5.1.01.07.000020,0.0
06/2022,999,5.1.01.07.000021,0.0
06/2022,999,5.1.01.08.000001,-2.905
06/2022,999,5.1.01.08.000002,-0.1
06/2022,999,5.1.01.08.000003,-0.12495
06/2022,999,5.1.01.08.000004,0.0
06/2022,999,5.1.01.08.000005,-78.22616
06/2022,999,5.1.01.09.000001,0.0
06/2022,999,5.1.01.09.000003,-18.0
06/2022,999,5.1.01.09.000008,-3.3
06/2022,999,5.1.01.10.000002,0.0
06/2022,999,5.1.01.10.000003,0.0
06/2022,999,5.1.01.10.000004,-1.56403
06/2022,999,5.1.01.11.000001,-10.87196
06/2022,999,5.1.01.11.000003,-18.53789
06/2022,999,5.1.01.11.000004,-11.36989
06/2022,999,5.1.01.11.000006,-71.04344
06/2022,999,5.1.01.11.000007,-189.20979
06/2022,999,5.1.01.11.000008,-1.68473
06/2022,999,5.1.01.11.000012,0.0
06/2022,999,5.1.01.11.000013,0.0
06/2022,999,5.1.01.11.000014,-9.99644
06/2022,999,5.1.01.11.000015,0.0
06/2022,999,5.1.01.11.000021,0.0
06/2022,999,5.1.01.11.000022,-13.73219
06/2022,999,5.1.01.11.000026,0.0
06/2022,999,5.1.01.11.000027,-0.17821
06/2022,999,5.1.01.11.000031,-3651.38444
06/2022,999,5.1.01.12.000003,0.0
06/2022,999,5.1.01.12.000008,0.0
06/2022,999,5.1.01.12.000009,-5488.19731
06/2022,999,5.1.01.12.000019,0.0
06/2022,999,5.1.02.01.000006,-6.43526
06/2022,999,5.1.03.01.000001,-1.61286
06/2022,999,5.1.03.01.000002,-2.1774
06/2022,999,5.1.03.01.000004,-17844.46076
06/2022,999,5.1.03.01.000005,-1.05312
06/2022,999,5.1.04.01.000001,-53.89004
06/2022,999,5.1.04.01.000002,-0.165
06/2022,999,5.1.04.01.000004,-1480.64365
06/2022,999,5.1.04.01.000005,-0.4338
06/2022,999,5.1.04.01.000006,-721.71846
06/2022,999,5.1.04.01.000007,-4.0
06/2022,999,5.1.04.01.000010,-19.52107
06/2022,999,5.1.04.01.000011,-388.27283
06/2022,999,5.1.04.02.000001,86.11451
06/2022,999,5.1.04.02.000002,42.69939
06/2022,999,5.1.04.02.000003,0.02
06/2023,6,3.1.01.01.000002,3760.45004
06/2023,6,3.1.01.01.000003,0.0
06/2023,6,3.1.02.02.000002,0.0
06/2023,6,3.1.02.02.000003,0.0
06/2023,6,3.1.02.02.000004,0.0
06/2023,6,3.1.02.02.000009,0.0
06/2023,6,3.1.02.02.000010,-75.20901
06/2023,6,3.1.03.02.000003,1.0
06/2023,6,3.2.01.01.000001,2560.0
06/2023,6,4.1.01.01.000001,-556.79791
06/2023,6,4.1.01.01.000002,0.0
06/2023,6,4.1.01.01.000003,-41.79559
06/2023,6,4.1.01.01.000009,-40.1792
06/2023,6,4.1.01.01.000010,0.0
06/2023,6,4.1.01.02.000001,-168.43383
06/2023,6,4.1.01.02.000002,-48.9502
06/2023,6,4.1.01.02.000003,-5.74482
06/2023,6,4.1.01.02.000004,0.0
06/2023,6,4.1.01.02.000006,0.0
06/2023,6,4.1.01.02.000007,0.0
06/2023,6,4.1.01.03.000001,-29.808
06/2023,6,4.1.01.03.000003,0.0
06/2023,6,4.1.01.03.000004,-1.52829
06/2023,6,4.1.01.03.000006,-2.282
06/2023,6,4.1.01.03.000009,-73.78901
06/2023,6,4.1.01.03.000010,-9.99
06/2023,6,4.1.01.04.000004,-10.79975
06/2023,6,4.1.01.05.000001,0.0
06/2023,6,4.1.01.05.000002,-1.3278
06/2023,6,4.1.01.05.000003,0.0
06/2023,6,4.1.01.05.000006,-1108.05772
06/2023,6,4.1.01.06.000001,-2.29
06/2023,6,4.1.01.06.000002,0.0
06/2023,6,4.1.01.06.000004,-68.25
06/2023,6,4.1.01.07.000007,-0.48974
06/2023,6,4.1.01.07.000012,-3.17934
06/2023,6,4.1.01.07.000013,-0.6
06/2023,6,4.1.01.07.000014,0.0
06/2023,6,4.1.01.08.000001,0.0
06/2023,6,4.1.01.08.000004,-422.97306
06/2023,6,4.1.01.08.000005,-0.362
06/2023,6,4.1.01.08.000006,4.9
06/2023,6,4.1.01.11.000002,-165.17046
06/2023,6,4.1.01.11.000008,-23.21836
06/2023,6,4.1.01.11.000009,-0.54599
06/2023,6,4.1.01.11.000025,0.0
06/2023,6,5.1.01.01.000001,-37.62251
06/2023,6,5.1.01.01.000003,0.0
06/2023,6,5.1.01.01.000004,-2.27276
06/2023,6,5.1.01.01.000023,0.0
06/2023,6,5.1.01.01.000024,0.0
06/2023,6,5.1.01.02.000001,-10.88834
06/2023,6,5.1.01.02.000002,-3.19069
06/2023,6,5.1.01.02.000004,0.0
06/2023,6,5.1.01.02.000005,0.0
06/2023,6,5.1.01.02.000007,-0.09662
06/2023,6,5.1.01.03.000001,0.0
06/2023,6,5.1.01.03.000004,-0.90856
06/2023,6,5.1.01.03.000006,0.0
06/2023,6,5.1.01.03.000009,-2.876
06/2023,6,5.1.01.03.000010,0.0
06/2023,6,5.1.01.04.000001,0.0
06/2023,6,5.1.01.04.000002,0.0
06/2023,6,5.1.01.04.000004,0.0
06/2023,6,5.1.01.05.000001,-0.12199
06/2023,6,5.1.01.05.000002,0.0
06/2023,6,5.1.01.05.000006,0.0
06/2023,6,5.1.01.05.000009,0.0
06/2023,6,5.1.01.06.000004,0.0
06/2023,6,5.1.01.06.000007,0.0
06/2023,6,5.1.01.07.000007,-0.3151
06/2023,6,5.1.01.07.000012,0.0
06/2023,6,5.1.01.08.000001,0.0
06/2023,6,5.1.01.08.000004,0.0
06/2023,6,5.1.01.08.000005,0.0
06/2023,6,5.1.01.11.000001,0.0
06/2023,6,5.1.01.11.000002,0.0
06/2023,6,5.1.01.11.000005,0.0
06/2023,6,5.1.01.11.000006,-0.09662
06/2023,6,5.1.01.11.000007,-0.71212
06/2023,6,5.1.01.11.000008,0.0
06/2023,6,5.1.01.11.000009,0.0
06/2023,6,5.1.01.11.000012,0.0
06/2023,6,5.1.01.11.000014,0.0
06/2023,6,5.1.01.11.000015,0.0
06/2023,6,5.1.01.11.000016,-46.69111
06/2023,6,5.1.01.11.000017,-215.06203
06/2023,6,5.1.01.11.000021,-0.1065
06/2023,6,5.1.01.11.000022,0.0
06/2023,6,5.1.01.11.000025,-0.33535
06/2023,6,5.1.01.11.000027,-0.15161
06/2023,6,5.1.01.12.000001,0.0
06/2023,6,5.1.01.12.000009,0.0
06/2023,6,5.1.01.12.000011,0.0
06/2023,6,5.1.01.12.000020,0.0
06/2023,6,5.1.03.01.000004,-861.76519
06/2023,6,5.1.04.01.000001,-6.77466
06/2023,6,5.1.04.01.000004,-117.91885
06/2023,6,5.1.04.01.000005,-1e-05
06/2023,6,5.1.04.01.000006,-0.04868
06/2023,6,5.1.04.01.000013,0.0
06/2023,6,5.1.04.01.000014,-179.2563
06/2023,6,5.1.04.02.000001,0.06497
06/2023,6,5.1.04.02.000002,0.32263
06/2023,6,5.2.01.01.000001,-10.69076
06/2023,7,3.1.01.01.000005,7197.22631
06/2023,7,3.1.02.01.000001,-2.42954
06/2023,7,3.2.01.01.000003,15.0
06/2023,7,3.2.01.02.000003,0.0
06/2023,7,4.1.02.01.000001,-95.3195
06/2023,7,4.1.02.01.000003,-2.32268
06/2023,7,4.1.02.01.000009,0.0
06/2023,7,4.1.02.01.000010,0.0
06/2023,7,4.1.02.02.000001,-34.56918
06/2023,7,4.1.02.02.000002,-8.48023
06/2023,7,4.1.02.02.000003,-0.94739
06/2023,7,4.1.02.02.000005,-13.48175
06/2023,7,4.1.02.02.000006,0.0
06/2023,7,4.1.02.02.000008,0.0
06/2023,7,4.1.02.03.000004,-2.71934
06/2023,7,4.1.02.03.000006,-1.097
06/2023,7,4.1.02.03.000009,-18.8115
06/2023,7,4.1.02.03.000010,0.0
06/2023,7,4.1.02.03.000013,-0.0684
06/2023,7,4.1.02.05.000001,-2.18665
06/2023,7,4.1.02.05.000002,-2.22
06/2023,7,4.1.02.05.000003,-2.24943
06/2023,7,4.1.02.05.000004,-0.28
06/2023,7,4.1.02.05.000005,0.0
06/2023,7,4.1.02.05.000006,-5804.66979
06/2023,7,4.1.02.05.000007,-0.69066
06/2023,7,4.1.02.05.000009,0.0
06/2023,7,4.1.02.06.000001,-4.5
06/2023,7,4.1.02.06.000004,-269.23556
06/2023,7,4.1.02.07.000003,-24.39143
06/2023,7,4.1.02.07.000004,-0.69595
06/2023,7,4.1.02.07.000007,0.0
06/2023,7,4.1.02.07.000010,-13.38897
06/2023,7,4.1.02.07.000016,-72.89204
06/2023,7,4.1.02.08.000001,-7.51485
06/2023,7,4.1.02.08.000005,-1.27407
06/2023,7,5.1.01.05.000005,0.0
06/2023,7,5.1.01.05.000009,-0.345
06/2023,7,5.1.01.07.000007,-3.20879
06/2023,7,5.1.01.11.000005,-0.9
06/2023,7,5.1.01.11.000006,-2.84094
06/2023,7,5.1.01.11.000007,-0.41262
06/2023,7,5.1.01.11.000008,-2.22605
06/2023,7,5.1.01.11.000016,-0.2475
06/2023,7,5.1.01.11.000017,-1.14
06/2023,7,5.1.01.13.000001,-11.94444
06/2023,7,5.1.04.01.000001,-10.07862
06/2023,7,5.1.04.01.000002,-46.69292
06/2023,7,5.1.04.01.000004,-106.95118
06/2023,7,5.1.04.01.000005,-18.24098
06/2023,7,5.1.04.01.000006,-3.98297
06/2023,7,5.1.04.01.000014,-68.79895
06/2023,7,5.1.04.02.000001,0.0439
06/2023,7,5.1.04.02.000002,0.89711
06/2023,7,5.1.04.02.000003,0.25158
06/2023,7,5.2.01.01.000001,-138.12971
06/2023,7,5.9.01.01.000001,0.0
06/2023,7,5.9.01.02.000001,0.0
06/2023,999,3.1.01.01.000002,989.97261
06/2023,999,3.1.01.01.000003,7.225
06/2023,999,3.1.01.01.000004,15.78903
06/2023,999,3.1.01.01.000006,4.7
06/2023,999,3.1.01.01.000008,0.0
06/2023,999,3.1.01.01.000009,0.0
06/2023,999,3.1.01.01.000010,0.0
06/2023,999,3.1.01.01.000011,0.0
06/2023,999,3.1.01.01.000012,0.0
06/2023,999,3.1.01.01.000013,57389.49687
06/2023,999,3.1.02.01.000001,0.0
06/2023,999,3.1.02.02.000005,0.0
06/2023,999,3.1.02.02.000008,0.0
06/2023,999,3.1.02.02.000010,-49.85987
06/2023,999,3.1.02.02.000011,0.0
06/2023,999,3.1.02.02.000012,0.0
06/2023,999,3.1.02.02.000013,-2.6433
06/2023,999,3.1.02.02.000014,-0.96006
06/2023,999,3.1.03.01.000007,0.0
06/2023,999,3.1.03.01.000011,0.0
06/2023,999,3.1.03.02.000003,0.0
06/2023,999,3.2.01.01.000001,4554.9
06/2023,999,3.2.01.01.000005,12.681
06/2023,999,3.2.01.02.000001,453.47712
06/2023,999,3.2.01.02.000002,0.0
06/2023,999,3.2.01.02.000003,119.625
06/2023,999,3.2.01.02.000004,0.0
06/2023,999,4.1.01.01.000001,-902.20717
06/2023,999,4.1.01.01.000002,0.0
06/2023,999,4.1.01.01.000003,-130.66037
06/2023,999,4.1.01.01.000007,0.0
06/2023,999,4.1.01.01.000009,-97.44838
06/2023,999,4.1.01.01.000010,0.0
06/2023,999,4.1.01.02.000001,-274.46059
06/2023,999,4.1.01.02.000002,-82.97808
06/2023,999,4.1.01.02.000003,-45.43608
06/2023,999,4.1.01.02.000004,0.0
06/2023,999,4.1.01.02.000005,0.0
06/2023,999,4.1.01.02.000007,-4.5174
06/2023,999,4.1.01.03.000001,-107.91487
06/2023,999,4.1.01.03.000003,0.0
06/2023,999,4.1.01.03.000004,-28.23706
06/2023,999,4.1.01.03.000005,-32.75836
06/2023,999,4.1.01.03.000006,-8.177
06/2023,999,4.1.01.03.000008,-3.3
06/2023,999,4.1.01.03.000009,-151.75956
06/2023,999,4.1.01.03.000010,-16.25702
06/2023,999,4.1.01.03.000013,-0.05353
06/2023,999,4.1.01.04.000002,-1.22186
06/2023,999,4.1.01.04.000004,-107.5267
06/2023,999,4.1.01.05.000001,-8.80182
06/2023,999,4.1.01.05.000002,-11.30434
06/2023,999,4.1.01.05.000003,-0.941
06/2023,999,4.1.01.05.000004,-2.0795
06/2023,999,4.1.01.05.000005,-4.13575
06/2023,999,4.1.01.05.000006,-1867.2569
06/2023,999,4.1.01.05.000007,-471.757
06/2023,999,4.1.01.05.000008,0.0
06/2023,999,4.1.01.06.000001,-48.40531
06/2023,999,4.1.01.06.000002,-65.95367
06/2023,999,4.1.01.06.000003,0.0
06/2023,999,4.1.01.06.000004,-219.18231
06/2023,999,4.1.01.07.000001,-2.39124
06/2023,999,4.1.01.07.000002,-0.22296
06/2023,999,4.1.01.07.000003,-109.66887
06/2023,999,4.1.01.07.000004,-155.30548
06/2023,999,4.1.01.07.000005,-72.10545
06/2023,999,4.1.01.07.000006,-13.65
06/2023,999,4.1.01.07.000007,-4.93753
06/2023,999,4.1.01.07.000008,-1.37791
06/2023,999,4.1.01.07.000009,0.0
06/2023,999,4.1.01.07.000010,0.0
06/2023,999,4.1.01.07.000011,-68.60206
06/2023,999,4.1.01.07.000012,-13.03304
06/2023,999,4.1.01.07.000013,-63.36166
06/2023,999,4.1.01.07.000014,-410.43788
06/2023,999,4.1.01.07.000015,0.0
06/2023,999,4.1.01.07.000016,-18.0
06/2023,999,4.1.01.07.000017,-8.5
06/2023,999,4.1.01.07.000018,0.0
06/2023,999,4.1.01.07.000019,0.0
06/2023,999,4.1.01.07.000020,-10.32
06/2023,999,4.1.01.08.000001,-30.38767
06/2023,999,4.1.01.08.000002,-16.31579
06/2023,999,4.1.01.08.000003,-1.22763
06/2023,999,4.1.01.08.000004,-3269.31061
06/2023,999,4.1.01.08.000005,-67.03097
06/2023,999,4.1.01.09.000004,-105.37101
06/2023,999,4.1.01.10.000001,-2.738
06/2023,999,4.1.01.10.000003,0.0
06/2023,999,4.1.01.10.000004,-0.583
06/2023,999,4.1.01.10.000005,-0.66
06/2023,999,4.1.01.11.000002,-500.60577
06/2023,999,4.1.01.11.000003,0.0
06/2023,999,4.1.01.11.000004,0.0
06/2023,999,4.1.01.11.000007,-0.06286
06/2023,999,4.1.01.11.000009,-65.93937
06/2023,999,4.1.01.11.000010,-0.69
06/2023,999,4.1.01.11.000017,0.0
06/2023,999,4.1.01.11.000019,0.0
06/2023,999,4.1.01.11.000020,0.0
06/2023,999,4.1.01.11.000021,0.0
06/2023,999,4.1.01.11.000025,-14.563
06/2023,999,4.1.01.11.000026,0.0
06/2023,999,4.1.01.12.000001,-37.15688
06/2023,999,4.1.01.12.000002,-7.9021
06/2023,999,4.1.01.13.000001,-0.30848
06/2023,999,4.1.01.13.000002,0.0
06/2023,999,4.1.01.13.000003,0.0
06/2023,999,4.1.01.13.000004,0.0
06/2023,999,4.1.01.13.000005,0.0
06/2023,999,5.1.01.01.000001,-551.58592
06/2023,999,5.1.01.01.000003,0.0
06/2023,999,5.1.01.01.000004,-41.60618
06/2023,999,5.1.01.01.000008,-0.6863
06/2023,999,5.1.01.01.000012,0.0
06/2023,999,5.1.01.01.000020,0.0
06/2023,999,5.1.01.01.000021,0.0
06/2023,999,5.1.01.01.000022,0.0
06/2023,999,5.1.01.01.000023,-51.68114
06/2023,999,5.1.01.01.000024,0.0
06/2023,999,5.1.01.02.000001,-169.64337
06/2023,999,5.1.01.02.000002,-42.87469
06/2023,999,5.1.01.02.000003,-7.77014
06/2023,999,5.1.01.02.000006,0.0
06/2023,999,5.1.01.02.000007,-5.2717
06/2023,999,5.1.01.02.000020,0.0
06/2023,999,5.1.01.02.000021,0.0
06/2023,999,5.1.01.02.000022,0.0
06/2023,999,5.1.01.03.000001,-8.40946
06/2023,999,5.1.01.03.000004,-24.53303
06/2023,999,5.1.01.03.000006,0.0
06/2023,999,5.1.01.03.000008,0.0
06/2023,999,5.1.01.03.000009,-56.625
06/2023,999,5.1.01.03.000010,-16.62012
06/2023,999,5.1.01.03.000012,0.0
06/2023,999,5.1.01.03.000013,-0.13991
06/2023,999,5.1.01.03.000014,0.0
06/2023,999,5.1.01.04.000001,-0.4
06/2023,999,5.1.01.04.000002,-3.59407
06/2023,999,5.1.01.04.000003,0.0
06/2023,999,5.1.01.04.000004,-84.44
06/2023,999,5.1.01.05.000001,-16.5292
06/2023,999,5.1.01.05.000002,-1.36626
06/2023,999,5.1.01.05.000003,0.0
06/2023,999,5.1.01.05.000004,-2.795
06/2023,999,5.1.01.05.000005,-1.29058
06/2023,999,5.1.01.05.000006,-5.91463
06/2023,999,5.1.01.05.000007,-4.47219
06/2023,999,5.1.01.05.000009,-0.675
06/2023,999,5.1.01.06.000001,-10.88409
06/2023,999,5.1.01.06.000002,0.0
06/2023,999,5.1.01.06.000003,0.0
06/2023,999,5.1.01.06.000004,0.0
06/2023,999,5.1.01.06.000005,-4.557
06/2023,999,5.1.01.06.000006,-86.32245
06/2023,999,5.1.01.06.000008,0.0
06/2023,999,5.1.01.07.000001,0.0
06/2023,999,5.1.01.07.000002,-0.09493
06/2023,999,5.1.01.07.000003,0.0
06/2023,999,5.1.01.07.000004,-1.77159
06/2023,999,5.1.01.07.000005,0.0
06/2023,999,5.1.01.07.000007,-2.03553
06/2023,999,5.1.01.07.000008,0.0
06/2023,999,5.1.01.07.000010,-954.85038
06/2023,999,5.1.01.07.000014,0.0
06/2023,999,5.1.01.07.000015,-2.16
06/2023,999,5.1.01.07.000020,0.0
06/2023,999,5.1.01.07.000021,0.0
06/2023,999,5.1.01.08.000001,-0.134
06/2023,999,5.1.01.08.000002,0.0
06/2023,999,5.1.01.08.000003,0.0
06/2023,999,5.1.01.08.000004,0.0
06/2023,999,5.1.01.08.000005,0.0
06/2023,999,5.1.01.09.000001,0.0
06/2023,999,5.1.01.09.000003,-18.0
06/2023,999,5.1.01.09.000008,0.0
06/2023,999,5.1.01.10.000002,0.0
06/2023,999,5.1.01.10.000003,0.0
06/2023,999,5.1.01.10.000004,0.0
06/2023,999,5.1.01.11.000001,0.0
06/2023,999,5.1.01.11.000003,-0.1935
06/2023,999,5.1.01.11.000004,0.0
06/2023,999,5.1.01.11.000006,-6.21578
06/2023,999,5.1.01.11.000007,-87.61052
06/2023,999,5.1.01.11.000008,-7.19414
06/2023,999,5.1.01.11.000012,0.0
06/2023,999,5.1.01.11.000013,0.0
06/2023,999,5.1.01.11.000014,0.0
06/2023,999,5.1.01.11.000015,0.0
06/2023,999,5.1.01.11.000021,-65.69178
06/2023,999,5.1.01.11.000022,0.0
06/2023,999,5.1.01.11.000025,0.0
06/2023,999,5.1.01.11.000026,0.0
06/2023,999,5.1.01.11.000027,0.0
06/2023,999,5.1.01.11.000031,0.0
06/2023,999,5.1.01.12.000003,0.0
06/2023,999,5.1.01.12.000008,0.0
06/2023,999,5.1.01.12.000009,0.0
06/2023,999,5.1.01.12.000019,0.0
06/2023,999,5.1.01.13.000001,-11.98692
06/2023,999,5.1.01.14.000001,0.0
06/2023,999,5.1.01.14.000002,0.0
06/2023,999,5.1.02.01.000006,0.0
06/2023,999,5.1.02.01.000009,0.0
06/2023,999,5.1.02.01.000010,0.0
06/2023,999,5.1.02.01.000011,0.0
06/2023,999,5.1.03.01.000001,0.0
06/2023,999,5.1.03.01.000002,0.0
06/2023,999,5.1.03.01.000003,0.0
06/2023,999,5.1.03.01.000004,-26764.77898
06/2023,999,5.1.03.01.000005,0.0
06/2023,999,5.1.03.01.000007,0.0
06/2023,999,5.1.03.02.000001,-14.88966
06/2023,999,5.1.04.01.000001,-19.8535
06/2023,999,5.1.04.01.000002,0.0
06/2023,999,5.1.04.01.000004,-3394.53949
06/2023,999,5.1.04.01.000005,-0.00048
06/2023,999,5.1.04.01.000006,-13.55958
06/2023,999,5.1.04.01.000007,0.0
06/2023,999,5.1.04.01.000010,0.0
06/2023,999,5.1.04.01.000011,-635.822
06/2023,999,5.1.04.01.000014,-6440.8571
06/2023,999,5.1.04.01.000015,-72.23047
06/2023,999,5.1.04.01.000016,-50.34
06/2023,999,5.1.04.01.000017,0.0
06/2023,999,5.1.04.02.000001,165.77211
06/2023,999,5.1.04.02.000002,59.65762
06/2023,999,5.1.04.02.000003,0.27774
06/2023,999,5.2.01.01.000001,1292.72401
06/2023,999,5.9.01.01.000001,0.0
06/2023,999,5.9.01.01.000002,0.0
06/2023,999,5.9.01.02.000001,0.0
06/2023,999,5.9.01.02.000002,0.0
06/2024,6,3.1.01.01.000002,3278.75176
06/2024,6,3.1.01.01.000003,0.0
06/2024,6,3.1.02.02.000002,0.0
06/2024,6,3.1.02.02.000003,0.0
06/2024,6,3.1.02.02.000004,0.0
06/2024,6,3.1.02.02.000009,0.0
06/2024,6,3.1.02.02.000010,-65.57504
06/2024,6,3.1.03.02.000003,0.0
06/2024,6,3.2.01.01.000001,0.0
06/2024,6,4.1.01.01.000001,-545.45006
06/2024,6,4.1.01.01.000002,0.0
06/2024,6,4.1.01.01.000003,-29.15632
06/2024,6,4.1.01.01.000008,0.0
06/2024,6,4.1.01.01.000009,-44.14046
06/2024,6,4.1.01.01.000010,0.0
06/2024,6,4.1.01.02.000001,-163.77463
06/2024,6,4.1.01.02.000002,-53.45959
06/2024,6,4.1.01.02.000003,0.0
06/2024,6,4.1.01.02.000004,0.0
06/2024,6,4.1.01.02.000006,0.0
06/2024,6,4.1.01.02.000007,0.0
06/2024,6,4.1.01.03.000001,-34.05491
06/2024,6,4.1.01.03.000003,-56.67
06/2024,6,4.1.01.03.000004,-0.79499
06/2024,6,4.1.01.03.000006,-3.659
06/2024,6,4.1.01.03.000009,-16.08578
06/2024,6,4.1.01.03.000010,0.0
06/2024,6,4.1.01.04.000004,-8.4
06/2024,6,4.1.01.05.000001,-1.20195
06/2024,6,4.1.01.05.000002,0.0
06/2024,6,4.1.01.05.000003,-2.5758
06/2024,6,4.1.01.05.000006,-1082.74905
06/2024,6,4.1.01.06.000001,0.0
06/2024,6,4.1.01.06.000002,0.0
06/2024,6,4.1.01.06.000004,0.0
06/2024,6,4.1.01.07.000007,-0.73251
06/2024,6,4.1.01.07.000012,0.0
06/2024,6,4.1.01.07.000013,0.0
06/2024,6,4.1.01.07.000014,0.0
06/2024,6,4.1.01.07.000018,-0.6
06/2024,6,4.1.01.08.000001,0.0
06/2024,6,4.1.01.08.000004,-213.72605
06/2024,6,4.1.01.08.000005,0.0
06/2024,6,4.1.01.08.000006,0.0
06/2024,6,4.1.01.11.000002,0.0
06/2024,6,4.1.01.11.000007,-0.66592
06/2024,6,4.1.01.11.000008,0.0
06/2024,6,4.1.01.11.000009,0.0
06/2024,6,4.1.01.11.000025,0.0
06/2024,6,5.1.01.01.000001,-35.75929
06/2024,6,5.1.01.01.000003,0.0
06/2024,6,5.1.01.01.000004,-1.92972
06/2024,6,5.1.01.01.000023,0.0
06/2024,6,5.1.01.01.000024,0.0
06/2024,6,5.1.01.02.000001,-10.31824
06/2024,6,5.1.01.02.000002,-3.02363
06/2024,6,5.1.01.02.000003,0.0
06/2024,6,5.1.01.02.000004,0.0
06/2024,6,5.1.01.02.000005,0.0
06/2024,6,5.1.01.02.000007,0.0
06/2024,6,5.1.01.03.000001,-2.06395
06/2024,6,5.1.01.03.000004,-2.03605
06/2024,6,5.1.01.03.000006,0.0
06/2024,6,5.1.01.03.000009,-3.58245
06/2024,6,5.1.01.03.000010,-5.9548
06/2024,6,5.1.01.04.000001,0.0
06/2024,6,5.1.01.04.000002,0.0
06/2024,6,5.1.01.04.000004,0.0
06/2024,6,5.1.01.05.000001,0.0
06/2024,6,5.1.01.05.000002,0.0
06/2024,6,5.1.01.05.000006,-0.81217
06/2024,6,5.1.01.05.000009,0.0
06/2024,6,5.1.01.06.000001,0.0
06/2024,6,5.1.01.06.000004,0.0
06/2024,6,5.1.01.06.000007,0.0
06/2024,6,5.1.01.07.000007,0.0
06/2024,6,5.1.01.07.000012,0.0
06/2024,6,5.1.01.08.000001,0.0
06/2024,6,5.1.01.08.000004,0.0
06/2024,6,5.1.01.08.000005,0.0
06/2024,6,5.1.01.11.000001,0.0
06/2024,6,5.1.01.11.000002,0.0
06/2024,6,5.1.01.11.000005,0.0
06/2024,6,5.1.01.11.000006,-0.18018
06/2024,6,5.1.01.11.000007,-0.18131
06/2024,6,5.1.01.11.000008,-14.45785
06/2024,6,5.1.01.11.000009,0.0
06/2024,6,5.1.01.11.000012,0.0
06/2024,6,5.1.01.11.000014,0.0
06/2024,6,5.1.01.11.000015,0.0
06/2024,6,5.1.01.11.000016,-4.25256
06/2024,6,5.1.01.11.000017,-19.58753
06/2024,6,5.1.01.11.000021,0.0
06/2024,6,5.1.01.11.000022,0.0
06/2024,6,5.1.01.11.000025,0.0
06/2024,6,5.1.01.11.000026,0.0
06/2024,6,5.1.01.11.000027,-0.17478
06/2024,6,5.1.01.12.000001,0.0
06/2024,6,5.1.01.12.000009,0.0
06/2024,6,5.1.01.12.000011,0.0
06/2024,6,5.1.01.12.000020,0.0
06/2024,6,5.1.01.13.000001,-9.53941
06/2024,6,5.1.03.01.000001,-0.31398
06/2024,6,5.1.03.01.000002,-0.05478
06/2024,6,5.1.03.01.000004,-229.60563
06/2024,6,5.1.03.01.000007,-0.01172
06/2024,6,5.1.04.01.000001,-14.53363
06/2024,6,5.1.04.01.000004,-125.84441
06/2024,6,5.1.04.01.000005,0.0
06/2024,6,5.1.04.01.000006,-0.00537
06/2024,6,5.1.04.01.000013,0.0
06/2024,6,5.1.04.01.000014,-232.36018
06/2024,6,5.1.04.02.000001,0.0109
06/2024,6,5.1.04.02.000002,0.11214
06/2024,6,5.2.01.01.000001,-84.21629
06/2024,7,3.1.01.01.000005,6659.48598
06/2024,7,3.1.02.01.000001,0.0
06/2024,7,3.2.01.01.000003,46.0
06/2024,7,3.2.01.02.000002,5.67634
06/2024,7,3.2.01.02.000003,0.0
06/2024,7,4.1.02.01.000001,-102.52829
06/2024,7,4.1.02.01.000003,-0.8249
06/2024,7,4.1.02.01.000008,1.97084
06/2024,7,4.1.02.01.000009,-14.03557
06/2024,7,4.1.02.01.000010,-28.36619
06/2024,7,4.1.02.02.000001,-31.24376
06/2024,7,4.1.02.02.000002,-9.19792
06/2024,7,4.1.02.02.000003,0.0
06/2024,7,4.1.02.02.000005,0.0
06/2024,7,4.1.02.02.000006,0.0
06/2024,7,4.1.02.02.000007,-1.2
06/2024,7,4.1.02.02.000008,0.0
06/2024,7,4.1.02.03.000001,0.0
06/2024,7,4.1.02.03.000004,-13.099
06/2024,7,4.1.02.03.000005,-58.86603
06/2024,7,4.1.02.03.000006,-2.448
06/2024,7,4.1.02.03.000009,-26.2651
06/2024,7,4.1.02.03.000010,-7.4193
06/2024,7,4.1.02.03.000013,0.0
06/2024,7,4.1.02.04.000003,0.0
06/2024,7,4.1.02.04.000004,-2.32996
06/2024,7,4.1.02.05.000001,-4.2911
06/2024,7,4.1.02.05.000002,-2.73995
06/2024,7,4.1.02.05.000003,-0.051
06/2024,7,4.1.02.05.000004,-0.335
06/2024,7,4.1.02.05.000005,-0.91454
06/2024,7,4.1.02.05.000006,-5762.03362
06/2024,7,4.1.02.05.000007,0.0
06/2024,7,4.1.02.05.000009,-4.53124
06/2024,7,4.1.02.05.000010,-4.4786
06/2024,7,4.1.02.06.000001,-7.88675
06/2024,7,4.1.02.06.000004,0.0
06/2024,7,4.1.02.07.000003,-30.00235
06/2024,7,4.1.02.07.000004,-0.8415
06/2024,7,4.1.02.07.000006,-0.96
06/2024,7,4.1.02.07.000007,-0.36557
06/2024,7,4.1.02.07.000010,-7.1077
06/2024,7,4.1.02.07.000016,-71.50054
06/2024,7,4.1.02.08.000001,-15.43471
06/2024,7,4.1.02.08.000002,-0.35
06/2024,7,4.1.02.08.000005,-12.27843
06/2024,7,5.1.01.04.000002,-0.252
06/2024,7,5.1.01.04.000003,0.0
06/2024,7,5.1.01.05.000005,0.0
06/2024,7,5.1.01.05.000009,-0.37063
06/2024,7,5.1.01.07.000007,0.0
06/2024,7,5.1.01.07.000010,0.0
06/2024,7,5.1.01.07.000015,-1.2
06/2024,7,5.1.01.07.000021,-0.054
06/2024,7,5.1.01.09.000003,-2.0
06/2024,7,5.1.01.09.000008,-3.96986
06/2024,7,5.1.01.11.000001,-2.86105
06/2024,7,5.1.01.11.000005,0.0
06/2024,7,5.1.01.11.000006,-3.19936
06/2024,7,5.1.01.11.000007,-0.94687
06/2024,7,5.1.01.11.000008,-0.29362
06/2024,7,5.1.01.11.000016,-0.759
06/2024,7,5.1.01.11.000017,-3.496
06/2024,7,5.1.01.11.000027,-0.1573
06/2024,7,5.1.01.13.000001,-5.0
06/2024,7,5.1.02.01.000009,0.0
06/2024,7,5.1.02.01.000010,0.0
06/2024,7,5.1.02.01.000011,0.0
06/2024,7,5.1.04.01.000001,-18.06164
06/2024,7,5.1.04.01.000002,0.0
06/2024,7,5.1.04.01.000003,-72.5065
06/2024,7,5.1.04.01.000004,-58.09048
06/2024,7,5.1.04.01.000005,-0.02074
06/2024,7,5.1.04.01.000006,-2.68456
06/2024,7,5.1.04.01.000014,-25.84858
06/2024,7,5.1.04.02.000001,0.08406
06/2024,7,5.1.04.02.000002,0.02409
06/2024,7,5.1.04.02.000003,0.09927
06/2024,7,5.2.01.01.000001,122.37087
06/2024,7,5.9.01.01.000001,0.0
06/2024,7,5.9.01.02.000001,0.0
06/2024,999,3.1.01.01.000002,0.0
06/2024,999,3.1.01.01.000003,20.32934
06/2024,999,3.1.01.01.000004,25.75456
06/2024,999,3.1.01.01.000006,2.8
06/2024,999,3.1.01.01.000008,0.0
06/2024,999,3.1.01.01.000009,0.0
06/2024,999,3.1.01.01.000010,0.0
06/2024,999,3.1.01.01.000011,0.0
06/2024,999,3.1.01.01.000012,0.0
06/2024,999,3.1.01.01.000013,50166.75167
06/2024,999,3.1.02.01.000001,0.0
06/2024,999,3.1.02.02.000004,0.0
06/2024,999,3.1.02.02.000005,0.0
06/2024,999,3.1.02.02.000008,0.0
06/2024,999,3.1.02.02.000010,-1.01647
06/2024,999,3.1.02.02.000011,0.0
06/2024,999,3.1.02.02.000012,0.0
06/2024,999,3.1.02.02.000013,-2.30372
06/2024,999,3.1.02.02.000014,-1.15188
06/2024,999,3.1.03.01.000007,0.0
06/2024,999,3.1.03.01.000011,0.0
06/2024,999,3.1.03.02.000003,0.0
06/2024,999,3.2.01.01.000001,4117.0
06/2024,999,3.2.01.01.000005,8.6885
06/2024,999,3.2.01.02.000001,0.0
06/2024,999,3.2.01.02.000002,97.45777
06/2024,999,3.2.01.02.000003,0.0
06/2024,999,3.2.01.02.000004,140.78471
06/2024,999,3.2.01.02.000006,0.0
06/2024,999,3.2.01.03.000001,0.0
06/2024,999,4.1.01.01.000001,-750.92879
06/2024,999,4.1.01.01.000002,-1.0
06/2024,999,4.1.01.01.000003,-89.85155
06/2024,999,4.1.01.01.000006,0.0
06/2024,999,4.1.01.01.000007,0.0
06/2024,999,4.1.01.01.000009,-73.33454
06/2024,999,4.1.01.01.000010,0.0
06/2024,999,4.1.01.02.000001,-222.82329
06/2024,999,4.1.01.02.000002,-68.20663
06/2024,999,4.1.01.02.000003,-25.2625
06/2024,999,4.1.01.02.000004,0.0
06/2024,999,4.1.01.02.000005,0.0
06/2024,999,4.1.01.02.000007,-6.22786
06/2024,999,4.1.01.03.000001,-51.6781
06/2024,999,4.1.01.03.000003,0.0
06/2024,999,4.1.01.03.000004,-49.24828
06/2024,999,4.1.01.03.000005,-531.62524
06/2024,999,4.1.01.03.000006,-5.04699
06/2024,999,4.1.01.03.000008,-0.56848
06/2024,999,4.1.01.03.000009,-126.40804
06/2024,999,4.1.01.03.000010,-0.1
06/2024,999,4.1.01.03.000013,0.0
06/2024,999,4.1.01.04.000002,-1.3302
06/2024,999,4.1.01.04.000004,-137.87866
06/2024,999,4.1.01.05.000001,-10.13242
06/2024,999,4.1.01.05.000002,-14.40074
06/2024,999,4.1.01.05.000003,-0.98691
06/2024,999,4.1.01.05.000004,-0.137
06/2024,999,4.1.01.05.000005,-6.39143
06/2024,999,4.1.01.05.000006,-253.68276
06/2024,999,4.1.01.05.000007,-4.53463
06/2024,999,4.1.01.05.000008,-0.0899
06/2024,999,4.1.01.05.000009,0.0
06/2024,999,4.1.01.06.000001,-121.00828
06/2024,999,4.1.01.06.000002,-60.82922
06/2024,999,4.1.01.06.000003,0.0
06/2024,999,4.1.01.06.000004,-179.29166
06/2024,999,4.1.01.07.000001,-1.58165
06/2024,999,4.1.01.07.000002,-0.56618
06/2024,999,4.1.01.07.000003,-112.15487
06/2024,999,4.1.01.07.000004,-2.03977
06/2024,999,4.1.01.07.000005,-196.76422
06/2024,999,4.1.01.07.000006,-16.35
06/2024,999,4.1.01.07.000007,-20.40098
06/2024,999,4.1.01.07.000008,-1.61078
06/2024,999,4.1.01.07.000009,0.0
06/2024,999,4.1.01.07.000010,-37.10138
06/2024,999,4.1.01.07.000011,0.0
06/2024,999,4.1.01.07.000012,-30.69246
06/2024,999,4.1.01.07.000013,-65.64967
06/2024,999,4.1.01.07.000014,-285.9539
06/2024,999,4.1.01.07.000015,0.0
06/2024,999,4.1.01.07.000016,-78.0
06/2024,999,4.1.01.07.000017,0.0
06/2024,999,4.1.01.07.000018,0.0
06/2024,999,4.1.01.07.000019,-5.397
06/2024,999,4.1.01.07.000020,0.0
06/2024,999,4.1.01.08.000001,-10.14077
06/2024,999,4.1.01.08.000002,0.0
06/2024,999,4.1.01.08.000003,0.0
06/2024,999,4.1.01.08.000004,-3292.43254
06/2024,999,4.1.01.08.000005,-39.23188
06/2024,999,4.1.01.08.000007,0.0
06/2024,999,4.1.01.09.000004,-102.91914
06/2024,999,4.1.01.09.000006,-0.1004
06/2024,999,4.1.01.10.000001,0.0
06/2024,999,4.1.01.10.000003,0.0
06/2024,999,4.1.01.10.000004,0.0
06/2024,999,4.1.01.10.000005,0.0
06/2024,999,4.1.01.11.000002,-719.20524
06/2024,999,4.1.01.11.000003,0.0
06/2024,999,4.1.01.11.000004,0.0
06/2024,999,4.1.01.11.000007,0.0
06/2024,999,4.1.01.11.000009,-174.25151
06/2024,999,4.1.01.11.000010,0.0
06/2024,999,4.1.01.11.000017,0.0
06/2024,999,4.1.01.11.000019,-8.14085
06/2024,999,4.1.01.11.000020,-7.31408
06/2024,999,4.1.01.11.000021,0.0
06/2024,999,4.1.01.11.000025,-4.1946
06/2024,999,4.1.01.11.000026,0.0
06/2024,999,4.1.01.12.000001,-10.36873
06/2024,999,4.1.01.12.000002,-36.46045
06/2024,999,4.1.01.13.000001,0.0
06/2024,999,4.1.01.13.000002,0.0
06/2024,999,4.1.01.13.000003,0.0
06/2024,999,4.1.01.13.000004,0.0
06/2024,999,4.1.01.13.000005,0.0
06/2024,999,5.1.01.01.000001,-598.33569
06/2024,999,5.1.01.01.000003,0.0
06/2024,999,5.1.01.01.000004,-42.22474
06/2024,999,5.1.01.01.000008,0.0
06/2024,999,5.1.01.01.000012,-8.4736
06/2024,999,5.1.01.01.000020,0.0
06/2024,999,5.1.01.01.000021,0.0
06/2024,999,5.1.01.01.000022,0.0
06/2024,999,5.1.01.01.000023,-56.05444
06/2024,999,5.1.01.01.000024,0.0
06/2024,999,5.1.01.02.000001,-176.63737
06/2024,999,5.1.01.02.000002,-54.76556
06/2024,999,5.1.01.02.000003,-16.22208
06/2024,999,5.1.01.02.000006,0.0
06/2024,999,5.1.01.02.000007,0.0
06/2024,999,5.1.01.02.000020,0.0
06/2024,999,5.1.01.02.000021,0.0
06/2024,999,5.1.01.02.000022,0.0
06/2024,999,5.1.01.03.000001,-74.03676
06/2024,999,5.1.01.03.000004,-28.04109
06/2024,999,5.1.01.03.000006,-3.995
06/2024,999,5.1.01.03.000008,-3.60053
06/2024,999,5.1.01.03.000009,-76.22921
06/2024,999,5.1.01.03.000010,-21.75417
06/2024,999,5.1.01.03.000012,0.0
06/2024,999,5.1.01.03.000013,0.0
06/2024,999,5.1.01.03.000014,0.0
06/2024,999,5.1.01.04.000001,0.0
06/2024,999,5.1.01.04.000002,-0.12314
06/2024,999,5.1.01.04.000003,0.0
06/2024,999,5.1.01.04.000004,-103.13802
06/2024,999,5.1.01.05.000001,-40.5218
06/2024,999,5.1.01.05.000002,-0.69428
06/2024,999,5.1.01.05.000003,0.0
06/2024,999,5.1.01.05.000004,-0.20962
06/2024,999,5.1.01.05.000005,-4.30409
06/2024,999,5.1.01.05.000006,-25.08257
06/2024,999,5.1.01.05.000007,-2.91542
06/2024,999,5.1.01.05.000009,-0.37063
06/2024,999,5.1.01.06.000001,-148.49612
06/2024,999,5.1.01.06.000002,0.0
06/2024,999,5.1.01.06.000003,0.0
06/2024,999,5.1.01.06.000004,-83.32825
06/2024,999,5.1.01.06.000005,0.0
06/2024,999,5.1.01.06.000006,-106.5306
06/2024,999,5.1.01.06.000008,0.0
06/2024,999,5.1.01.07.000001,0.0
06/2024,999,5.1.01.07.000002,0.0
06/2024,999,5.1.01.07.000003,0.0
06/2024,999,5.1.01.07.000004,0.0
06/2024,999,5.1.01.07.000005,-6.59007
06/2024,999,5.1.01.07.000007,0.0
06/2024,999,5.1.01.07.000008,0.0
06/2024,999,5.1.01.07.000010,-206.99634
06/2024,999,5.1.01.07.000014,0.0
06/2024,999,5.1.01.07.000015,-2.16
06/2024,999,5.1.01.07.000020,0.0
06/2024,999,5.1.01.07.000021,-2.1124
06/2024,999,5.1.01.08.000001,-4.45679
06/2024,999,5.1.01.08.000002,0.0
06/2024,999,5.1.01.08.000003,0.0
06/2024,999,5.1.01.08.000004,-6.90352
06/2024,999,5.1.01.08.000005,-37.56541
06/2024,999,5.1.01.09.000001,0.0
06/2024,999,5.1.01.09.000003,-29.0
06/2024,999,5.1.01.09.000005,0.0
06/2024,999,5.1.01.09.000008,-0.52455
06/2024,999,5.1.01.10.000002,0.0
06/2024,999,5.1.01.10.000003,0.0
06/2024,999,5.1.01.10.000004,0.0
06/2024,999,5.1.01.11.000001,-6.17541
06/2024,999,5.1.01.11.000003,0.0
06/2024,999,5.1.01.11.000004,0.0
06/2024,999,5.1.01.11.000006,-23.77757
06/2024,999,5.1.01.11.000007,-17.16257
06/2024,999,5.1.01.11.000008,-6.05147
06/2024,999,5.1.01.11.000010,0.0
06/2024,999,5.1.01.11.000012,0.0
06/2024,999,5.1.01.11.000013,0.0
06/2024,999,5.1.01.11.000014,0.0
06/2024,999,5.1.01.11.000015,0.0
06/2024,999,5.1.01.11.000021,0.0
06/2024,999,5.1.01.11.000022,0.0
06/2024,999,5.1.01.11.000025,0.0
06/2024,999,5.1.01.11.000026,0.0
06/2024,999,5.1.01.11.000027,-0.62445
06/2024,999,5.1.01.11.000031,0.0
06/2024,999,5.1.01.12.000003,0.0
06/2024,999,5.1.01.12.000008,0.0
06/2024,999,5.1.01.12.000009,0.0
06/2024,999,5.1.01.12.000019,0.0
06/2024,999,5.1.01.13.000001,-8.11795
06/2024,999,5.1.01.14.000001,0.0
06/2024,999,5.1.01.14.000002,0.0
06/2024,999,5.1.01.14.000003,-50.55
06/2024,999,5.1.02.01.000006,0.0
06/2024,999,5.1.02.01.000009,0.0
06/2024,999,5.1.02.01.000010,-427.18015
06/2024,999,5.1.02.01.000011,0.0
06/2024,999,5.1.02.01.000012,0.0
06/2024,999,5.1.03.01.000001,-44.58199
06/2024,999,5.1.03.01.000002,-5.26154
06/2024,999,5.1.03.01.000003,-188.34798
06/2024,999,5.1.03.01.000004,-11394.20576
06/2024,999,5.1.03.01.000005,-19.40804
06/2024,999,5.1.03.01.000007,-1.11422
06/2024,999,5.1.03.02.000001,-19.82769
06/2024,999,5.1.04.01.000001,-57.46837
06/2024,999,5.1.04.01.000002,0.0
06/2024,999,5.1.04.01.000004,-1447.22837
06/2024,999,5.1.04.01.000005,-17.36761
06/2024,999,5.1.04.01.000006,-177.63443
06/2024,999,5.1.04.01.000007,0.0
06/2024,999,5.1.04.01.000009,0.0
06/2024,999,5.1.04.01.000010,0.0
06/2024,999,5.1.04.01.000011,0.0
06/2024,999,5.1.04.01.000014,-3869.56594
06/2024,999,5.1.04.01.000015,-0.0515
06/2024,999,5.1.04.01.000016,-0.7495
06/2024,999,5.1.04.01.000017,-509.32125
06/2024,999,5.1.04.02.000001,184.60974
06/2024,999,5.1.04.02.000002,17.89929
06/2024,999,5.1.04.02.000003,0.09173
06/2024,999,5.2.01.01.000001,50.27664
06/2024,999,5.9.01.01.000001,0.0
06/2024,999,5.9.01.01.000002,0.0
06/2024,999,5.9.01.02.000001,0.0
06/2024,999,5.9.01.02.000002,0.0
06/2025,6,3.1.01.01.000002,3907.84211
06/2025,6,3.1.01.01.000003,0.0
06/2025,6,3.1.01.01.000013,225.0
06/2025,6,3.1.02.02.000002,0.0
06/2025,6,3.1.02.02.000003,0.0
06/2025,6,3.1.02.02.000004,0.0
06/2025,6,3.1.02.02.000009,0.0
06/2025,6,3.1.02.02.000010,-76.65687
06/2025,6,3.1.03.02.000003,0.0
06/2025,6,3.1.03.03.000001,0.0
06/2025,6,3.2.01.01.000001,0.0
06/2025,6,3.2.01.02.000002,0.9094
06/2025,6,4.1.01.01.000001,-572.66646
06/2025,6,4.1.01.01.000002,-17.5
06/2025,6,4.1.01.01.000003,-155.29721
06/2025,6,4.1.01.01.000006,-4.15869
06/2025,6,4.1.01.01.000008,0.0
06/2025,6,4.1.01.01.000009,-49.77003
06/2025,6,4.1.01.01.000010,0.0
06/2025,6,4.1.01.02.000001,-148.79203
06/2025,6,4.1.01.02.000002,-66.02271
06/2025,6,4.1.01.02.000003,-9.01316
06/2025,6,4.1.01.02.000004,0.0
06/2025,6,4.1.01.02.000006,0.0
06/2025,6,4.1.01.02.000007,0.0
06/2025,6,4.1.01.03.000001,-38.78039
06/2025,6,4.1.01.03.000003,0.0
06/2025,6,4.1.01.03.000004,-1.58359
06/2025,6,4.1.01.03.000006,-12.766
06/2025,6,4.1.01.03.000009,-73.95352
06/2025,6,4.1.01.03.000010,-5.22
06/2025,6,4.1.01.04.000004,-10.06611
06/2025,6,4.1.01.05.000001,0.0
06/2025,6,4.1.01.05.000002,0.0
06/2025,6,4.1.01.05.000003,0.0
06/2025,6,4.1.01.05.000006,-1152.03497
06/2025,6,4.1.01.06.000001,-4.752
06/2025,6,4.1.01.06.000002,0.0
06/2025,6,4.1.01.06.000004,-15.48
06/2025,6,4.1.01.07.000007,0.0
06/2025,6,4.1.01.07.000012,-4.17666
06/2025,6,4.1.01.07.000013,0.0
06/2025,6,4.1.01.07.000014,0.0
06/2025,6,4.1.01.07.000018,0.0
06/2025,6,4.1.01.08.000001,0.0
06/2025,6,4.1.01.08.000004,-270.77772
06/2025,6,4.1.01.08.000005,0.0
06/2025,6,4.1.01.08.000006,0.0
06/2025,6,4.1.01.11.000002,-285.3028
06/2025,6,4.1.01.11.000007,0.0
06/2025,6,4.1.01.11.000008,0.0
06/2025,6,4.1.01.11.000009,-3.96258
06/2025,6,4.1.01.11.000025,0.0
06/2025,6,5.1.01.01.000001,0.0
06/2025,6,5.1.01.01.000003,0.0
06/2025,6,5.1.01.01.000004,0.0
06/2025,6,5.1.01.01.000023,0.0
06/2025,6,5.1.01.01.000024,0.0
06/2025,6,5.1.01.02.000001,0.0
06/2025,6,5.1.01.02.000002,0.0
06/2025,6,5.1.01.02.000003,0.0
06/2025,6,5.1.01.02.000004,0.0
06/2025,6,5.1.01.02.000005,0.0
06/2025,6,5.1.01.02.000007,0.0
06/2025,6,5.1.01.03.000001,0.0
06/2025,6,5.1.01.03.000004,0.0
06/2025,6,5.1.01.03.000006,0.0
06/2025,6,5.1.01.03.000009,0.0
06/2025,6,5.1.01.03.000010,0.0
06/2025,6,5.1.01.04.000001,0.0
06/2025,6,5.1.01.04.000002,0.0
06/2025,6,5.1.01.04.000004,0.0
06/2025,6,5.1.01.05.000001,0.0
06/2025,6,5.1.01.05.000002,0.0
06/2025,6,5.1.01.05.000006,0.0
06/2025,6,5.1.01.05.000009,0.0
06/2025,6,5.1.01.06.000001,0.0
06/2025,6,5.1.01.06.000004,0.0
06/2025,6,5.1.01.06.000007,0.0
06/2025,6,5.1.01.07.000007,0.0
06/2025,6,5.1.01.07.000012,0.0
06/2025,6,5.1.01.08.000001,0.0
06/2025,6,5.1.01.08.000004,0.0
06/2025,6,5.1.01.08.000005,0.0
06/2025,6,5.1.01.11.000001,0.0
06/2025,6,5.1.01.11.000002,0.0
06/2025,6,5.1.01.11.000005,0.0
06/2025,6,5.1.01.11.000006,0.0
06/2025,6,5.1.01.11.000007,-0.38634
06/2025,6,5.1.01.11.000008,-34.82389
06/2025,6,5.1.01.11.000009,0.0
06/2025,6,5.1.01.11.000012,0.0
06/2025,6,5.1.01.11.000014,0.0
06/2025,6,5.1.01.11.000015,0.0
06/2025,6,5.1.01.11.000016,-24.03397
06/2025,6,5.1.01.11.000017,-110.70192
06/2025,6,5.1.01.11.000021,0.0
06/2025,6,5.1.01.11.000022,0.0
06/2025,6,5.1.01.11.000025,0.0
06/2025,6,5.1.01.11.000026,-7.89763
06/2025,6,5.1.01.11.000027,-0.16354
06/2025,6,5.1.01.12.000001,0.0
06/2025,6,5.1.01.12.000009,0.0
06/2025,6,5.1.01.12.000011,0.0
06/2025,6,5.1.01.12.000020,0.0
06/2025,6,5.1.01.13.000001,0.0
06/2025,6,5.1.03.01.000001,-0.31404
06/2025,6,5.1.03.01.000002,-0.05478
06/2025,6,5.1.03.01.000004,-18.0
06/2025,6,5.1.03.01.000007,-0.08646
06/2025,6,5.1.04.01.000001,-6.49208
06/2025,6,5.1.04.01.000004,-268.33956
06/2025,6,5.1.04.01.000005,0.0
06/2025,6,5.1.04.01.000006,-0.00419
06/2025,6,5.1.04.01.000011,0.0
06/2025,6,5.1.04.01.000013,0.0
06/2025,6,5.1.04.01.000014,-133.44564
06/2025,6,5.1.04.02.000001,0.01936
06/2025,6,5.1.04.02.000002,0.0202
06/2025,6,5.1.04.02.000003,55.70942
06/2025,6,5.2.01.01.000001,2.95483
06/2025,7,3.1.01.01.000005,10982.57945
06/2025,7,3.1.02.01.000001,0.0
06/2025,7,3.2.01.01.000003,45.0
06/2025,7,3.2.01.02.000002,11.55828
06/2025,7,3.2.01.02.000003,0.0
06/2025,7,4.1.01.08.000005,-6.6
06/2025,7,4.1.02.01.000001,-111.71848
06/2025,7,4.1.02.01.000003,0.0
06/2025,7,4.1.02.01.000008,0.0
06/2025,7,4.1.02.01.000009,-11.89798
06/2025,7,4.1.02.01.000010,-27.23419
06/2025,7,4.1.02.02.000001,-33.98859
06/2025,7,4.1.02.02.000002,-9.96003
06/2025,7,4.1.02.02.000003,0.0
06/2025,7,4.1.02.02.000005,0.0
06/2025,7,4.1.02.02.000006,0.0
06/2025,7,4.1.02.02.000007,-1.2
06/2025,7,4.1.02.02.000008,0.0
06/2025,7,4.1.02.03.000001,0.0
06/2025,7,4.1.02.03.000004,-12.897
06/2025,7,4.1.02.03.000005,0.0
06/2025,7,4.1.02.03.000006,-3.638
06/2025,7,4.1.02.03.000009,-22.614
06/2025,7,4.1.02.03.000010,0.0
06/2025,7,4.1.02.03.000013,0.0
06/2025,7,4.1.02.04.000003,-20.36966
06/2025,7,4.1.02.04.000004,0.0
06/2025,7,4.1.02.05.000001,-2.68549
06/2025,7,4.1.02.05.000002,-2.56467
06/2025,7,4.1.02.05.000003,0.0
06/2025,7,4.1.02.05.000004,-0.525
06/2025,7,4.1.02.05.000005,-1.01489
06/2025,7,4.1.02.05.000006,-7955.90988
06/2025,7,4.1.02.05.000007,0.0
06/2025,7,4.1.02.05.000009,-7.2442
06/2025,7,4.1.02.05.000010,0.0
06/2025,7,4.1.02.06.000001,-14.0441
06/2025,7,4.1.02.06.000004,0.0
06/2025,7,4.1.02.07.000003,-26.12905
06/2025,7,4.1.02.07.000004,-0.84127
06/2025,7,4.1.02.07.000006,-6.64
06/2025,7,4.1.02.07.000007,0.0
06/2025,7,4.1.02.07.000010,0.0
06/2025,7,4.1.02.07.000016,-74.64749
06/2025,7,4.1.02.08.000001,-13.55523
06/2025,7,4.1.02.08.000002,0.0
06/2025,7,4.1.02.08.000005,-9.20525
06/2025,7,5.1.01.04.000002,-0.179
06/2025,7,5.1.01.04.000003,0.0
06/2025,7,5.1.01.05.000001,0.0
06/2025,7,5.1.01.05.000003,0.0
06/2025,7,5.1.01.05.000005,0.0
06/2025,7,5.1.01.05.000009,-0.3555
06/2025,7,5.1.01.07.000007,0.0
06/2025,7,5.1.01.07.000010,-7.6517
06/2025,7,5.1.01.07.000015,-1.2
06/2025,7,5.1.01.07.000021,-0.5
06/2025,7,5.1.01.08.000005,0.0
06/2025,7,5.1.01.09.000003,-0.628
06/2025,7,5.1.01.09.000008,0.0
06/2025,7,5.1.01.11.000001,-3.77968
06/2025,7,5.1.01.11.000005,0.0
06/2025,7,5.1.01.11.000006,-3.08278
06/2025,7,5.1.01.11.000007,-0.41816
06/2025,7,5.1.01.11.000008,-0.07408
06/2025,7,5.1.01.11.000016,-0.7425
06/2025,7,5.1.01.11.000017,-3.42
06/2025,7,5.1.01.11.000027,-0.16354
06/2025,7,5.1.01.13.000001,0.0
06/2025,7,5.1.01.14.000003,0.0
06/2025,7,5.1.02.01.000009,0.0
06/2025,7,5.1.02.01.000010,0.0
06/2025,7,5.1.02.01.000011,0.0
06/2025,7,5.1.04.01.000001,-26.68342
06/2025,7,5.1.04.01.000002,-337.33238
06/2025,7,5.1.04.01.000003,0.0
06/2025,7,5.1.04.01.000004,-35.29424
06/2025,7,5.1.04.01.000005,-0.11687
06/2025,7,5.1.04.01.000006,-0.05029
06/2025,7,5.1.04.01.000014,0.0
06/2025,7,5.1.04.02.000001,0.0586
06/2025,7,5.1.04.02.000002,0.0
06/2025,7,5.1.04.02.000003,0.15742
06/2025,7,5.2.01.01.000001,0.0
06/2025,7,5.9.01.01.000001,0.0
06/2025,7,5.9.01.02.000001,0.0
06/2025,999,3.1.01.01.000002,0.0
06/2025,999,3.1.01.01.000003,487.8103
06/2025,999,3.1.01.01.000004,500.60803
06/2025,999,3.1.01.01.000006,21.38893
06/2025,999,3.1.01.01.000008,0.0
06/2025,999,3.1.01.01.000009,0.0
06/2025,999,3.1.01.01.000010,0.0
06/2025,999,3.1.01.01.000011,0.0
06/2025,999,3.1.01.01.000012,0.0
06/2025,999,3.1.01.01.000013,51385.7585
06/2025,999,3.1.02.01.000001,-0.5022
06/2025,999,3.1.02.02.000004,0.0
06/2025,999,3.1.02.02.000005,0.0
06/2025,999,3.1.02.02.000008,0.0
06/2025,999,3.1.02.02.000010,-0.60053
06/2025,999,3.1.02.02.000011,0.0
06/2025,999,3.1.02.02.000012,0.0
06/2025,999,3.1.02.02.000013,-2.21475
06/2025,999,3.1.02.02.000014,-1.10737
06/2025,999,3.1.03.01.000007,0.0
06/2025,999,3.1.03.01.000011,0.0
06/2025,999,3.1.03.02.000001,0.0
06/2025,999,3.1.03.02.000003,0.0
06/2025,999,3.1.03.02.000004,0.0
06/2025,999,3.1.03.03.000001,0.0
06/2025,999,3.2.01.01.000001,6826.13399
06/2025,999,3.2.01.01.000005,3.23975
06/2025,999,3.2.01.02.000001,0.0
06/2025,999,3.2.01.02.000002,10.18434
06/2025,999,3.2.01.02.000003,0.3
06/2025,999,3.2.01.02.000004,0.0
06/2025,999,3.2.01.02.000005,267.405
06/2025,999,3.2.01.02.000006,0.0
06/2025,999,3.2.01.03.000001,0.0
06/2025,999,4.1.01.01.000001,-751.17787
06/2025,999,4.1.01.01.000002,-15.33346
06/2025,999,4.1.01.01.000003,-53.79166
06/2025,999,4.1.01.01.000004,0.0
06/2025,999,4.1.01.01.000006,0.0
06/2025,999,4.1.01.01.000007,0.0
06/2025,999,4.1.01.01.000009,-58.99139
06/2025,999,4.1.01.01.000010,0.0
06/2025,999,4.1.01.02.000001,-210.45452
06/2025,999,4.1.01.02.000002,-66.3291
06/2025,999,4.1.01.02.000003,-19.38588
06/2025,999,4.1.01.02.000004,0.0
06/2025,999,4.1.01.02.000005,0.0
06/2025,999,4.1.01.02.000007,-6.58567
06/2025,999,4.1.01.03.000001,-88.37603
06/2025,999,4.1.01.03.000003,0.0
06/2025,999,4.1.01.03.000004,-55.06421
06/2025,999,4.1.01.03.000005,0.0
06/2025,999,4.1.01.03.000006,-14.0126
06/2025,999,4.1.01.03.000008,-0.42175
06/2025,999,4.1.01.03.000009,-103.3085
06/2025,999,4.1.01.03.000010,0.0
06/2025,999,4.1.01.03.000013,0.0
06/2025,999,4.1.01.04.000002,0.0
06/2025,999,4.1.01.04.000004,-147.00955
06/2025,999,4.1.01.05.000001,-0.5452
06/2025,999,4.1.01.05.000002,-12.02212
06/2025,999,4.1.01.05.000003,-2.56519
06/2025,999,4.1.01.05.000004,0.0
06/2025,999,4.1.01.05.000005,-7.18408
06/2025,999,4.1.01.05.000006,-571.01039
06/2025,999,4.1.01.05.000007,-11.79268
06/2025,999,4.1.01.05.000008,0.0
06/2025,999,4.1.01.05.000009,-7.681
06/2025,999,4.1.01.06.000001,-75.64657
06/2025,999,4.1.01.06.000002,-96.07495
06/2025,999,4.1.01.06.000003,0.0
06/2025,999,4.1.01.06.000004,-284.1489
06/2025,999,4.1.01.06.000007,0.0
06/2025,999,4.1.01.07.000001,-2.69226
06/2025,999,4.1.01.07.000002,-0.69918
06/2025,999,4.1.01.07.000003,-108.57193
06/2025,999,4.1.01.07.000004,-216.91179
06/2025,999,4.1.01.07.000005,-15.0
06/2025,999,4.1.01.07.000006,-14.01
06/2025,999,4.1.01.07.000007,-28.003
06/2025,999,4.1.01.07.000008,-1.579
06/2025,999,4.1.01.07.000009,0.0
06/2025,999,4.1.01.07.000010,-4.43
06/2025,999,4.1.01.07.000011,0.0
06/2025,999,4.1.01.07.000012,-38.48653
06/2025,999,4.1.01.07.000013,-82.49954
06/2025,999,4.1.01.07.000014,-271.7808
06/2025,999,4.1.01.07.000015,0.0
06/2025,999,4.1.01.07.000016,-78.0
06/2025,999,4.1.01.07.000017,0.0
06/2025,999,4.1.01.07.000018,-1.775
06/2025,999,4.1.01.07.000019,-15.55485
06/2025,999,4.1.01.07.000020,0.0
06/2025,999,4.1.01.08.000001,-96.64022
06/2025,999,4.1.01.08.000002,-0.385
06/2025,999,4.1.01.08.000003,-4.265
06/2025,999,4.1.01.08.000004,-3397.00014
06/2025,999,4.1.01.08.000005,-18.49282
06/2025,999,4.1.01.08.000007,-1.934
06/2025,999,4.1.01.08.000008,-1.6
06/2025,999,4.1.01.09.000004,-207.83514
06/2025,999,4.1.01.09.000006,0.0
06/2025,999,4.1.01.10.000001,0.0
06/2025,999,4.1.01.10.000003,0.0
06/2025,999,4.1.01.10.000004,0.0
06/2025,999,4.1.01.10.000005,0.0
06/2025,999,4.1.01.11.000002,-606.55179
06/2025,999,4.1.01.11.000003,0.0
06/2025,999,4.1.01.11.000004,-23.8735
06/2025,999,4.1.01.11.000007,0.0
06/2025,999,4.1.01.11.000009,-149.86279
06/2025,999,4.1.01.11.000010,0.0
06/2025,999,4.1.01.11.000017,0.0
06/2025,999,4.1.01.11.000019,0.0
06/2025,999,4.1.01.11.000020,-43.45335
06/2025,999,4.1.01.11.000021,0.0
06/2025,999,4.1.01.11.000025,0.0
06/2025,999,4.1.01.11.000026,0.0
06/2025,999,4.1.01.12.000001,-89.8463
06/2025,999,4.1.01.12.000002,-3.9014
06/2025,999,4.1.01.13.000001,-0.35476
06/2025,999,4.1.01.13.000002,0.0
06/2025,999,4.1.01.13.000003,0.0
06/2025,999,4.1.01.13.000004,0.0
06/2025,999,4.1.01.13.000005,0.0
06/2025,999,5.1.01.01.000001,-548.75703
06/2025,999,5.1.01.01.000003,0.0
06/2025,999,5.1.01.01.000004,-78.99043
06/2025,999,5.1.01.01.000005,0.0
06/2025,999,5.1.01.01.000008,0.0
06/2025,999,5.1.01.01.000012,-9.11244
06/2025,999,5.1.01.01.000020,0.0
06/2025,999,5.1.01.01.000021,0.0
06/2025,999,5.1.01.01.000022,0.0
06/2025,999,5.1.01.01.000023,-38.50946
06/2025,999,5.1.01.01.000024,0.0
06/2025,999,5.1.01.02.000001,-146.23646
06/2025,999,5.1.01.02.000002,-47.5526
06/2025,999,5.1.01.02.000003,-32.63562
06/2025,999,5.1.01.02.000005,0.0
06/2025,999,5.1.01.02.000006,0.0
06/2025,999,5.1.01.02.000007,0.0
06/2025,999,5.1.01.02.000020,0.0
06/2025,999,5.1.01.02.000021,0.0
06/2025,999,5.1.01.02.000022,0.0
06/2025,999,5.1.01.03.000001,-104.22846
06/2025,999,5.1.01.03.000004,-5.78179
06/2025,999,5.1.01.03.000006,-2.759
06/2025,999,5.1.01.03.000008,-19.97931
06/2025,999,5.1.01.03.000009,-46.833
06/2025,999,5.1.01.03.000010,-7.125
06/2025,999,5.1.01.03.000012,0.0
06/2025,999,5.1.01.03.000013,-0.10958
06/2025,999,5.1.01.03.000014,0.0
06/2025,999,5.1.01.04.000001,-3.1
06/2025,999,5.1.01.04.000002,-0.7975
06/2025,999,5.1.01.04.000003,0.0
06/2025,999,5.1.01.04.000004,-68.06807
06/2025,999,5.1.01.05.000001,-7.64843
06/2025,999,5.1.01.05.000002,-3.91165
06/2025,999,5.1.01.05.000003,0.0
06/2025,999,5.1.01.05.000004,-12.2528
06/2025,999,5.1.01.05.000005,-1.60211
06/2025,999,5.1.01.05.000006,-60.42665
06/2025,999,5.1.01.05.000007,0.0
06/2025,999,5.1.01.05.000009,-0.711
06/2025,999,5.1.01.05.000010,0.0
06/2025,999,5.1.01.06.000001,-54.59709
06/2025,999,5.1.01.06.000002,0.0
06/2025,999,5.1.01.06.000003,0.0
06/2025,999,5.1.01.06.000004,-324.72714
06/2025,999,5.1.01.06.000005,0.0
06/2025,999,5.1.01.06.000006,-96.84095
06/2025,999,5.1.01.06.000008,0.0
06/2025,999,5.1.01.07.000001,0.0
06/2025,999,5.1.01.07.000002,0.0
06/2025,999,5.1.01.07.000003,0.0
06/2025,999,5.1.01.07.000004,0.0
06/2025,999,5.1.01.07.000005,0.0
06/2025,999,5.1.01.07.000007,0.0
06/2025,999,5.1.01.07.000008,0.0
06/2025,999,5.1.01.07.000010,-47.03444
06/2025,999,5.1.01.07.000014,0.0
06/2025,999,5.1.01.07.000015,-2.16
06/2025,999,5.1.01.07.000020,-16.77382
06/2025,999,5.1.01.07.000021,-0.07074
06/2025,999,5.1.01.08.000001,-7.38
06/2025,999,5.1.01.08.000002,0.0
06/2025,999,5.1.01.08.000003,0.0
06/2025,999,5.1.01.08.000004,-7.68253
06/2025,999,5.1.01.08.000005,-125.78611
06/2025,999,5.1.01.09.000001,0.0
06/2025,999,5.1.01.09.000003,-18.0
06/2025,999,5.1.01.09.000005,0.0
06/2025,999,5.1.01.09.000007,0.0
06/2025,999,5.1.01.09.000008,0.0
06/2025,999,5.1.01.10.000002,0.0
06/2025,999,5.1.01.10.000003,0.0
06/2025,999,5.1.01.10.000004,0.0
06/2025,999,5.1.01.11.000001,-19.58305
06/2025,999,5.1.01.11.000003,0.0
06/2025,999,5.1.01.11.000004,0.0
06/2025,999,5.1.01.11.000006,-15.16883
06/2025,999,5.1.01.11.000007,-85.83218
06/2025,999,5.1.01.11.000008,-50.09054
06/2025,999,5.1.01.11.000010,-1.06162
06/2025,999,5.1.01.11.000012,0.0
06/2025,999,5.1.01.11.000013,0.0
06/2025,999,5.1.01.11.000014,0.0
06/2025,999,5.1.01.11.000015,0.0
06/2025,999,5.1.01.11.000021,-4.08973
06/2025,999,5.1.01.11.000022,0.0
06/2025,999,5.1.01.11.000025,0.0
06/2025,999,5.1.01.11.000026,0.0
06/2025,999,5.1.01.11.000027,-4.60604
06/2025,999,5.1.01.11.000030,0.0
06/2025,999,5.1.01.11.000031,-154.69676
06/2025,999,5.1.01.12.000003,0.0
06/2025,999,5.1.01.12.000008,0.0
06/2025,999,5.1.01.12.000009,0.0
06/2025,999,5.1.01.12.000019,0.0
06/2025,999,5.1.01.12.000021,-118.99649
06/2025,999,5.1.01.13.000001,0.0
06/2025,999,5.1.01.14.000001,0.0
06/2025,999,5.1.01.14.000002,0.0
06/2025,999,5.1.01.14.000003,-144.20154
06/2025,999,5.1.02.01.000006,0.0
06/2025,999,5.1.02.01.000009,0.0
06/2025,999,5.1.02.01.000010,0.0
06/2025,999,5.1.02.01.000011,0.0
06/2025,999,5.1.02.01.000012,150.0
06/2025,999,5.1.03.01.000001,-46.26638
06/2025,999,5.1.03.01.000002,-6.12629
06/2025,999,5.1.03.01.000003,-188.34802
06/2025,999,5.1.03.01.000004,-9507.65276
06/2025,999,5.1.03.01.000005,-20.84364
06/2025,999,5.1.03.01.000007,-1.771
06/2025,999,5.1.03.02.000001,-37.36293
06/2025,999,5.1.04.01.000001,-53.17986
06/2025,999,5.1.04.01.000002,0.0
06/2025,999,5.1.04.01.000004,-2270.44964
06/2025,999,5.1.04.01.000005,-30.37245
06/2025,999,5.1.04.01.000006,-58.43458
06/2025,999,5.1.04.01.000007,0.0
06/2025,999,5.1.04.01.000009,-3.5
06/2025,999,5.1.04.01.000010,0.0
06/2025,999,5.1.04.01.000011,0.0
06/2025,999,5.1.04.01.000014,-3189.11499
06/2025,999,5.1.04.01.000015,-0.44942
06/2025,999,5.1.04.01.000016,-1.04
06/2025,999,5.1.04.01.000017,-318.57557
06/2025,999,5.1.04.02.000001,137.65307
06/2025,999,5.1.04.02.000002,14.77756
06/2025,999,5.1.04.02.000003,1.25062
06/2025,999,5.2.01.01.000001,205.02007
06/2025,999,5.9.01.01.000001,0.0
06/2025,999,5.9.01.01.000002,0.0
06/2025,999,5.9.01.02.000001,0.0
06/2025,999,5.9.01.02.000002,0.0
07/2022,6,3.1.01.01.000002,3943.82528
07/2022,6,3.1.01.01.000003,0.0
07/2022,6,3.1.02.02.000002,-78.87651
07/2022,6,3.1.02.02.000003,-65.07505
07/2022,6,3.1.02.02.000004,-299.73961
07/2022,6,3.1.02.02.000009,-0.0
07/2022,6,3.1.02.02.000010,0.0
07/2022,6,3.1.03.02.000003,0.0
07/2022,6,4.1.01.01.000001,-659.51943
07/2022,6,4.1.01.01.000002,-10.0
07/2022,6,4.1.01.01.000003,0.0
07/2022,6,4.1.01.01.000009,0.0
07/2022,6,4.1.01.02.000001,-178.33254
07/2022,6,4.1.01.02.000002,-47.21243
07/2022,6,4.1.01.02.000003,-6.92963
07/2022,6,4.1.01.02.000004,-0.36462
07/2022,6,4.1.01.02.000006,0.0
07/2022,6,4.1.01.02.000007,-5.0
07/2022,6,4.1.01.03.000001,-56.25653
07/2022,6,4.1.01.03.000003,0.0
07/2022,6,4.1.01.03.000004,0.0
07/2022,6,4.1.01.03.000006,-4.08687
07/2022,6,4.1.01.03.000009,-112.59115
07/2022,6,4.1.01.03.000010,-0.088
07/2022,6,4.1.01.04.000004,-2.86577
07/2022,6,4.1.01.05.000001,0.0
07/2022,6,4.1.01.05.000002,-0.2998
07/2022,6,4.1.01.05.000003,0.0
07/2022,6,4.1.01.05.000006,-1395.414
07/2022,6,4.1.01.06.000001,-1.02
07/2022,6,4.1.01.06.000002,0.0
07/2022,6,4.1.01.06.000004,-66.93
07/2022,6,4.1.01.07.000007,0.0
07/2022,6,4.1.01.07.000012,0.0
07/2022,6,4.1.01.07.000013,0.0
07/2022,6,4.1.01.07.000014,-0.42
07/2022,6,4.1.01.08.000001,0.0
07/2022,6,4.1.01.08.000004,-177.69846
07/2022,6,4.1.01.08.000005,0.0
07/2022,6,4.1.01.08.000006,0.0
07/2022,6,4.1.01.11.000002,-95.97412
07/2022,6,4.1.01.11.000008,0.0
07/2022,6,4.1.01.11.000009,-10.6231
07/2022,6,4.1.01.11.000025,0.0
07/2022,6,5.1.01.01.000001,0.0
07/2022,6,5.1.01.01.000003,0.0
07/2022,6,5.1.01.01.000004,0.0
07/2022,6,5.1.01.02.000001,0.0
07/2022,6,5.1.01.02.000002,0.0
07/2022,6,5.1.01.02.000004,-0.39817
07/2022,6,5.1.01.02.000005,0.0
07/2022,6,5.1.01.02.000007,0.0
07/2022,6,5.1.01.03.000001,0.0
07/2022,6,5.1.01.03.000004,-4.2864
07/2022,6,5.1.01.03.000006,0.0
07/2022,6,5.1.01.03.000009,0.0
07/2022,6,5.1.01.03.000010,-7.0058
07/2022,6,5.1.01.04.000001,0.0
07/2022,6,5.1.01.04.000002,0.0
07/2022,6,5.1.01.04.000004,0.0
07/2022,6,5.1.01.05.000001,-0.26
07/2022,6,5.1.01.05.000002,-0.0796
07/2022,6,5.1.01.05.000006,0.0
07/2022,6,5.1.01.06.000004,0.0
07/2022,6,5.1.01.06.000007,0.0
07/2022,6,5.1.01.07.000007,0.0
07/2022,6,5.1.01.07.000012,-0.44031
07/2022,6,5.1.01.08.000001,0.0
07/2022,6,5.1.01.08.000004,0.0
07/2022,6,5.1.01.08.000005,0.0
07/2022,6,5.1.01.11.000001,-0.14306
07/2022,6,5.1.01.11.000002,0.0
07/2022,6,5.1.01.11.000005,-2.0
07/2022,6,5.1.01.11.000006,-1.91468
07/2022,6,5.1.01.11.000007,-3.52163
07/2022,6,5.1.01.11.000008,-9.41058
07/2022,6,5.1.01.11.000009,0.0
07/2022,6,5.1.01.11.000012,0.0
07/2022,6,5.1.01.11.000014,0.0
07/2022,6,5.1.01.11.000015,0.0
07/2022,6,5.1.01.11.000016,0.0
07/2022,6,5.1.01.11.000017,0.0
07/2022,6,5.1.01.11.000021,0.0
07/2022,6,5.1.01.11.000022,-0.1731
07/2022,6,5.1.01.11.000025,0.0
07/2022,6,5.1.01.11.000027,0.0
07/2022,6,5.1.01.12.000001,-8.19267
07/2022,6,5.1.01.12.000009,0.0
07/2022,6,5.1.01.12.000011,-0.49644
07/2022,6,5.1.01.12.000020,-0.00716
07/2022,6,5.1.03.01.000004,-1830.89531
07/2022,6,5.1.04.01.000001,-0.349
07/2022,6,5.1.04.01.000004,-41.91515
07/2022,6,5.1.04.01.000005,0.0
07/2022,6,5.1.04.01.000006,-0.00295
07/2022,6,5.1.04.01.000013,0.0
07/2022,6,5.1.04.01.000014,0.0
07/2022,6,5.1.04.02.000001,0.11687
07/2022,6,5.1.04.02.000002,0.0
07/2022,999,3.1.01.01.000002,1150.53608
07/2022,999,3.1.01.01.000003,79.80831
07/2022,999,3.1.01.01.000004,219.75888
07/2022,999,3.1.01.01.000006,60.50236
07/2022,999,3.1.01.01.000008,0.0
07/2022,999,3.1.01.01.000009,75.0
07/2022,999,3.1.01.01.000010,0.0
07/2022,999,3.1.01.01.000011,1270.16
07/2022,999,3.1.01.01.000012,835.31011
07/2022,999,3.1.01.01.000013,50123.21932
07/2022,999,3.1.02.01.000001,-101.11693
07/2022,999,3.1.02.02.000005,-26.7009
07/2022,999,3.1.02.02.000008,-128.16198
07/2022,999,3.1.02.02.000010,-61.33974
07/2022,999,3.1.02.02.000011,-20.07769
07/2022,999,3.1.02.02.000012,-101.20449
07/2022,999,3.1.02.02.000013,-1.93836
07/2022,999,3.1.02.02.000014,-0.96919
07/2022,999,3.1.03.01.000007,0.0
07/2022,999,3.1.03.01.000011,0.0
07/2022,999,3.1.03.02.000003,0.0
07/2022,999,3.2.01.01.000001,6223.5
07/2022,999,3.2.01.01.000005,0.0
07/2022,999,3.2.01.02.000001,1200.0
07/2022,999,3.2.01.02.000002,37.23983
07/2022,999,3.2.01.02.000003,23.14382
07/2022,999,3.2.01.02.000004,28.85459
07/2022,999,4.1.01.01.000001,-914.18229
07/2022,999,4.1.01.01.000003,-68.40595
07/2022,999,4.1.01.01.000007,-4.41366
07/2022,999,4.1.01.02.000001,-273.25909
07/2022,999,4.1.01.02.000002,-78.30042
07/2022,999,4.1.01.02.000003,-11.90225
07/2022,999,4.1.01.02.000004,0.0
07/2022,999,4.1.01.02.000005,-77.56282
07/2022,999,4.1.01.02.000007,-11.26071
07/2022,999,4.1.01.03.000001,0.0
07/2022,999,4.1.01.03.000003,-6.84
07/2022,999,4.1.01.03.000004,-10.10977
07/2022,999,4.1.01.03.000005,-17.66209
07/2022,999,4.1.01.03.000006,0.0
07/2022,999,4.1.01.03.000008,0.0
07/2022,999,4.1.01.03.000009,-249.32936
07/2022,999,4.1.01.03.000010,-1.593
07/2022,999,4.1.01.03.000013,0.0
07/2022,999,4.1.01.04.000002,0.0
07/2022,999,4.1.01.04.000004,-61.42573
07/2022,999,4.1.01.05.000001,-4.42
07/2022,999,4.1.01.05.000002,-11.38358
07/2022,999,4.1.01.05.000003,-2.05563
07/2022,999,4.1.01.05.000004,-33.67299
07/2022,999,4.1.01.05.000005,0.0
07/2022,999,4.1.01.05.000006,-6033.14474
07/2022,999,4.1.01.05.000007,-722.87369
07/2022,999,4.1.01.06.000001,-2.12
07/2022,999,4.1.01.06.000002,-110.02238
07/2022,999,4.1.01.06.000003,-6.05481
07/2022,999,4.1.01.06.000004,-462.6394
07/2022,999,4.1.01.07.000001,-2.88488
07/2022,999,4.1.01.07.000002,-0.19206
07/2022,999,4.1.01.07.000003,-136.90897
07/2022,999,4.1.01.07.000004,-58.66106
07/2022,999,4.1.01.07.000005,-181.703
07/2022,999,4.1.01.07.000006,-16.8
07/2022,999,4.1.01.07.000007,-4.69127
07/2022,999,4.1.01.07.000008,0.0
07/2022,999,4.1.01.07.000009,-2.1964
07/2022,999,4.1.01.07.000010,-102.32555
07/2022,999,4.1.01.07.000011,-2.1144
07/2022,999,4.1.01.07.000012,-10.71905
07/2022,999,4.1.01.07.000013,-35.88364
07/2022,999,4.1.01.07.000014,-280.06889
07/2022,999,4.1.01.07.000015,-1.748
07/2022,999,4.1.01.07.000016,-84.0
07/2022,999,4.1.01.07.000017,-9.91567
07/2022,999,4.1.01.07.000018,0.0
07/2022,999,4.1.01.07.000019,-110.68392
07/2022,999,4.1.01.08.000001,-2.7654
07/2022,999,4.1.01.08.000002,-15.89475
07/2022,999,4.1.01.08.000003,0.0
07/2022,999,4.1.01.08.000004,-4797.76317
07/2022,999,4.1.01.08.000005,-15.14423
07/2022,999,4.1.01.09.000004,-184.36529
07/2022,999,4.1.01.10.000001,0.0
07/2022,999,4.1.01.10.000003,-0.93
07/2022,999,4.1.01.10.000004,-0.74279
07/2022,999,4.1.01.10.000005,0.0
07/2022,999,4.1.01.11.000002,-2171.18286
07/2022,999,4.1.01.11.000003,-0.1775
07/2022,999,4.1.01.11.000004,-7.47026
07/2022,999,4.1.01.11.000009,-258.55364
07/2022,999,4.1.01.11.000010,0.0
07/2022,999,4.1.01.11.000017,-139.85297
07/2022,999,4.1.01.11.000019,-15.31874
07/2022,999,4.1.01.11.000020,-110.00517
07/2022,999,4.1.01.11.000021,0.0
07/2022,999,4.1.01.11.000025,-0.57799
07/2022,999,4.1.01.11.000026,0.0
07/2022,999,4.1.01.12.000001,-2771.59085
07/2022,999,4.1.01.12.000002,-2247.49711
07/2022,999,4.1.01.13.000001,-1239.12306
07/2022,999,4.1.01.13.000002,-210.96009
07/2022,999,4.1.01.13.000003,-246.35648
07/2022,999,4.1.01.13.000004,-8.07508
07/2022,999,4.1.01.13.000005,-307.90683
07/2022,999,5.1.01.01.000003,0.0
07/2022,999,5.1.01.01.000008,0.0
07/2022,999,5.1.01.01.000020,-504.73942
07/2022,999,5.1.01.01.000021,-8.484
07/2022,999,5.1.01.01.000022,-39.21825
07/2022,999,5.1.01.02.000003,-6.82375
07/2022,999,5.1.01.02.000006,0.0
07/2022,999,5.1.01.02.000007,-0.9779
07/2022,999,5.1.01.02.000020,-156.73323
07/2022,999,5.1.01.02.000021,-44.89091
07/2022,999,5.1.01.02.000022,-51.08643
07/2022,999,5.1.01.03.000001,-103.32569
07/2022,999,5.1.01.03.000004,-27.57493
07/2022,999,5.1.01.03.000006,-4.12
07/2022,999,5.1.01.03.000008,-1.2
07/2022,999,5.1.01.03.000009,-161.16278
07/2022,999,5.1.01.03.000010,-19.49341
07/2022,999,5.1.01.03.000012,0.0
07/2022,999,5.1.01.03.000013,0.0
07/2022,999,5.1.01.03.000014,-53.23225
07/2022,999,5.1.01.04.000001,0.0
07/2022,999,5.1.01.04.000002,0.0
07/2022,999,5.1.01.04.000003,-0.7693
07/2022,999,5.1.01.04.000004,-74.96354
07/2022,999,5.1.01.05.000001,-32.07192
07/2022,999,5.1.01.05.000002,-21.57666
07/2022,999,5.1.01.05.000003,-9.869
07/2022,999,5.1.01.05.000004,-54.45007
07/2022,999,5.1.01.05.000005,-0.012
07/2022,999,5.1.01.05.000006,-0.2876
07/2022,999,5.1.01.05.000007,-0.71999
07/2022,999,5.1.01.05.000009,-0.34
07/2022,999,5.1.01.06.000001,-135.9482
07/2022,999,5.1.01.06.000002,0.0
07/2022,999,5.1.01.06.000003,-1.262
07/2022,999,5.1.01.06.000004,-122.83078
07/2022,999,5.1.01.06.000005,-29.18072
07/2022,999,5.1.01.06.000006,-94.885
07/2022,999,5.1.01.06.000008,-20.26933
07/2022,999,5.1.01.07.000001,-0.39758
07/2022,999,5.1.01.07.000002,0.0
07/2022,999,5.1.01.07.000003,-49.11522
07/2022,999,5.1.01.07.000004,-3.1566
07/2022,999,5.1.01.07.000005,-2.41792
07/2022,999,5.1.01.07.000007,-0.1189
07/2022,999,5.1.01.07.000008,0.0
07/2022,999,5.1.01.07.000010,-116.06
07/2022,999,5.1.01.07.000014,0.0
07/2022,999,5.1.01.07.000015,-2.80566
07/2022,999,5.1.01.07.000020,0.0
07/2022,999,5.1.01.07.000021,0.0
07/2022,999,5.1.01.08.000001,-9.105
07/2022,999,5.1.01.08.000002,-0.1
07/2022,999,5.1.01.08.000003,-11.97995
07/2022,999,5.1.01.08.000004,0.0
07/2022,999,5.1.01.08.000005,-78.22616
07/2022,999,5.1.01.09.000001,0.0
07/2022,999,5.1.01.09.000003,-28.852
07/2022,999,5.1.01.09.000008,-3.3
07/2022,999,5.1.01.10.000002,0.0
07/2022,999,5.1.01.10.000003,0.0
07/2022,999,5.1.01.10.000004,-1.56403
07/2022,999,5.1.01.11.000001,-10.87196
07/2022,999,5.1.01.11.000003,-18.53789
07/2022,999,5.1.01.11.000004,-11.36989
07/2022,999,5.1.01.11.000006,-73.35292
07/2022,999,5.1.01.11.000007,-210.21805
07/2022,999,5.1.01.11.000008,-1.69745
07/2022,999,5.1.01.11.000012,0.0
07/2022,999,5.1.01.11.000013,0.0
07/2022,999,5.1.01.11.000014,-9.99803
07/2022,999,5.1.01.11.000015,0.0
07/2022,999,5.1.01.11.000021,0.0
07/2022,999,5.1.01.11.000022,-14.6291
07/2022,999,5.1.01.11.000026,0.0
07/2022,999,5.1.01.11.000027,-0.17821
07/2022,999,5.1.01.11.000031,-3651.38444
07/2022,999,5.1.01.12.000003,-40.2
07/2022,999,5.1.01.12.000008,0.0
07/2022,999,5.1.01.12.000009,-6563.59651
07/2022,999,5.1.01.12.000019,0.0
07/2022,999,5.1.02.01.000006,-6.92804
07/2022,999,5.1.03.01.000001,-1.88167
07/2022,999,5.1.03.01.000002,-2.5403
07/2022,999,5.1.03.01.000004,-20818.53756
07/2022,999,5.1.03.01.000005,-1.22864
07/2022,999,5.1.04.01.000001,-62.27755
07/2022,999,5.1.04.01.000002,-0.165
07/2022,999,5.1.04.01.000004,-1865.22916
07/2022,999,5.1.04.01.000005,-0.4338
07/2022,999,5.1.04.01.000006,-724.02835
07/2022,999,5.1.04.01.000007,-4.0
07/2022,999,5.1.04.01.000010,-19.52107
07/2022,999,5.1.04.01.000011,-388.27283
07/2022,999,5.1.04.02.000001,108.40194
07/2022,999,5.1.04.02.000002,49.37198
07/2022,999,5.1.04.02.000003,0.02
07/2023,6,3.1.01.01.000002,4410.02832
07/2023,6,3.1.01.01.000003,0.0
07/2023,6,3.1.02.02.000002,0.0
07/2023,6,3.1.02.02.000003,0.0
07/2023,6,3.1.02.02.000004,0.0
07/2023,6,3.1.02.02.000009,0.0
07/2023,6,3.1.02.02.000010,-88.20058
07/2023,6,3.1.03.02.000003,1.0
07/2023,6,3.2.01.01.000001,2560.0
07/2023,6,4.1.01.01.000001,-657.27174
07/2023,6,4.1.01.01.000002,0.0
07/2023,6,4.1.01.01.000003,-45.92841
07/2023,6,4.1.01.01.000009,-44.03361
07/2023,6,4.1.01.01.000010,0.0
07/2023,6,4.1.01.02.000001,-198.00393
07/2023,6,4.1.01.02.000002,-57.81182
07/2023,6,4.1.01.02.000003,-5.74482
07/2023,6,4.1.01.02.000004,0.0
07/2023,6,4.1.01.02.000006,0.0
07/2023,6,4.1.01.02.000007,0.0
07/2023,6,4.1.01.03.000001,-34.914
07/2023,6,4.1.01.03.000003,0.0
07/2023,6,4.1.01.03.000004,-2.54411
07/2023,6,4.1.01.03.000006,-5.541
07/2023,6,4.1.01.03.000009,-106.14371
07/2023,6,4.1.01.03.000010,-10.43
07/2023,6,4.1.01.04.000004,-12.81175
07/2023,6,4.1.01.05.000001,0.0
07/2023,6,4.1.01.05.000002,-1.3278
07/2023,6,4.1.01.05.000003,0.0
07/2023,6,4.1.01.05.000006,-1281.9443
07/2023,6,4.1.01.06.000001,-2.29
07/2023,6,4.1.01.06.000002,0.0
07/2023,6,4.1.01.06.000004,-96.94
07/2023,6,4.1.01.07.000007,-0.62524
07/2023,6,4.1.01.07.000012,-3.17934
07/2023,6,4.1.01.07.000013,-0.6
07/2023,6,4.1.01.07.000014,0.0
07/2023,6,4.1.01.08.000001,0.0
07/2023,6,4.1.01.08.000004,-507.99156
07/2023,6,4.1.01.08.000005,-0.362
07/2023,6,4.1.01.08.000006,4.9
07/2023,6,4.1.01.11.000002,-192.35673
07/2023,6,4.1.01.11.000008,-28.61
07/2023,6,4.1.01.11.000009,-6.34092
07/2023,6,4.1.01.11.000025,0.0
07/2023,6,5.1.01.01.000001,-43.59501
07/2023,6,5.1.01.01.000003,0.0
07/2023,6,5.1.01.01.000004,-2.27276
07/2023,6,5.1.01.01.000023,0.0
07/2023,6,5.1.01.01.000024,0.0
07/2023,6,5.1.01.02.000001,-12.6389
07/2023,6,5.1.01.02.000002,-3.67695
07/2023,6,5.1.01.02.000004,0.0
07/2023,6,5.1.01.02.000005,0.0
07/2023,6,5.1.01.02.000007,-0.09662
07/2023,6,5.1.01.03.000001,0.0
07/2023,6,5.1.01.03.000004,-0.90856
07/2023,6,5.1.01.03.000006,0.0
07/2023,6,5.1.01.03.000009,-2.876
07/2023,6,5.1.01.03.000010,0.0
07/2023,6,5.1.01.04.000001,0.0
07/2023,6,5.1.01.04.000002,0.0
07/2023,6,5.1.01.04.000004,0.0
07/2023,6,5.1.01.05.000001,-0.12199
07/2023,6,5.1.01.05.000002,0.0
07/2023,6,5.1.01.05.000006,0.0
07/2023,6,5.1.01.05.000009,0.0
07/2023,6,5.1.01.06.000004,0.0
07/2023,6,5.1.01.06.000007,0.0
07/2023,6,5.1.01.07.000007,-0.3151
07/2023,6,5.1.01.07.000012,0.0
07/2023,6,5.1.01.08.000001,0.0
07/2023,6,5.1.01.08.000004,0.0
07/2023,6,5.1.01.08.000005,0.0
07/2023,6,5.1.01.11.000001,0.0
07/2023,6,5.1.01.11.000002,0.0
07/2023,6,5.1.01.11.000005,0.0
07/2023,6,5.1.01.11.000006,-0.09662
07/2023,6,5.1.01.11.000007,-0.81994
07/2023,6,5.1.01.11.000008,0.0
07/2023,6,5.1.01.11.000009,0.0
07/2023,6,5.1.01.11.000012,0.0
07/2023,6,5.1.01.11.000014,-3e-05
07/2023,6,5.1.01.11.000015,0.0
07/2023,6,5.1.01.11.000016,-55.59917
07/2023,6,5.1.01.11.000017,-256.09309
07/2023,6,5.1.01.11.000021,-0.1065
07/2023,6,5.1.01.11.000022,0.0
07/2023,6,5.1.01.11.000025,-0.33535
07/2023,6,5.1.01.11.000027,-0.15161
07/2023,6,5.1.01.12.000001,0.0
07/2023,6,5.1.01.12.000009,0.0
07/2023,6,5.1.01.12.000011,0.0
07/2023,6,5.1.01.12.000020,0.0
07/2023,6,5.1.03.01.000004,-951.51109
07/2023,6,5.1.04.01.000001,-8.92691
07/2023,6,5.1.04.01.000004,-161.03661
07/2023,6,5.1.04.01.000005,-1e-05
07/2023,6,5.1.04.01.000006,-0.05179
07/2023,6,5.1.04.01.000013,0.0
07/2023,6,5.1.04.01.000014,-203.02751
07/2023,6,5.1.04.02.000001,0.06839
07/2023,6,5.1.04.02.000002,0.34224
07/2023,6,5.2.01.01.000001,-10.69076
07/2023,7,3.1.01.01.000005,8615.64482
07/2023,7,3.1.02.01.000001,-2.42954
07/2023,7,3.2.01.01.000003,25.5
07/2023,7,3.2.01.02.000003,0.0
07/2023,7,4.1.02.01.000001,-109.25025
07/2023,7,4.1.02.01.000003,-2.32268
07/2023,7,4.1.02.01.000009,-2.59434
07/2023,7,4.1.02.01.000010,0.0
07/2023,7,4.1.02.02.000001,-39.05784
07/2023,7,4.1.02.02.000002,-9.79559
07/2023,7,4.1.02.02.000003,-0.94739
07/2023,7,4.1.02.02.000005,-13.48175
07/2023,7,4.1.02.02.000006,0.0
07/2023,7,4.1.02.02.000008,-0.2
07/2023,7,4.1.02.03.000004,-3.75993
07/2023,7,4.1.02.03.000006,-1.497
07/2023,7,4.1.02.03.000009,-28.2433
07/2023,7,4.1.02.03.000010,-0.3125
07/2023,7,4.1.02.03.000013,-0.3024
07/2023,7,4.1.02.05.000001,-2.80882
07/2023,7,4.1.02.05.000002,-2.8038
07/2023,7,4.1.02.05.000003,-2.24943
07/2023,7,4.1.02.05.000004,-0.49
07/2023,7,4.1.02.05.000005,0.0
07/2023,7,4.1.02.05.000006,-7069.45768
07/2023,7,4.1.02.05.000007,-0.69066
07/2023,7,4.1.02.05.000009,0.0
07/2023,7,4.1.02.06.000001,-5.25
07/2023,7,4.1.02.06.000004,-274.59087
07/2023,7,4.1.02.07.000003,-29.32799
07/2023,7,4.1.02.07.000004,-0.97645
07/2023,7,4.1.02.07.000007,-0.1355
07/2023,7,4.1.02.07.000010,-15.55743
07/2023,7,4.1.02.07.000016,-85.11505
07/2023,7,4.1.02.08.000001,-7.51485
07/2023,7,4.1.02.08.000005,-1.75407
07/2023,7,5.1.01.05.000005,0.0
07/2023,7,5.1.01.05.000009,-0.345
07/2023,7,5.1.01.07.000007,-3.20879
07/2023,7,5.1.01.11.000005,-0.9
07/2023,7,5.1.01.11.000006,-2.84094
07/2023,7,5.1.01.11.000007,-1.09186
07/2023,7,5.1.01.11.000008,-2.74466
07/2023,7,5.1.01.11.000016,-0.42075
07/2023,7,5.1.01.11.000017,-1.938
07/2023,7,5.1.01.13.000001,-11.94444
07/2023,7,5.1.04.01.000001,-12.38244
07/2023,7,5.1.04.01.000002,-46.74118
07/2023,7,5.1.04.01.000004,-120.92923
07/2023,7,5.1.04.01.000005,-18.24098
07/2023,7,5.1.04.01.000006,-4.73774
07/2023,7,5.1.04.01.000014,-77.65201
07/2023,7,5.1.04.02.000001,0.05138
07/2023,7,5.1.04.02.000002,0.89712
07/2023,7,5.1.04.02.000003,0.25158
07/2023,7,5.2.01.01.000001,-138.12971
07/2023,7,5.9.01.01.000001,0.0
07/2023,7,5.9.01.02.000001,0.0
07/2023,999,3.1.01.01.000002,989.97261
07/2023,999,3.1.01.01.000003,9.405
07/2023,999,3.1.01.01.000004,21.34635
07/2023,999,3.1.01.01.000006,6.4
07/2023,999,3.1.01.01.000008,0.0
07/2023,999,3.1.01.01.000009,0.0
07/2023,999,3.1.01.01.000010,0.0
07/2023,999,3.1.01.01.000011,0.0
07/2023,999,3.1.01.01.000012,0.0
07/2023,999,3.1.01.01.000013,66594.59643
07/2023,999,3.1.02.01.000001,0.0
07/2023,999,3.1.02.02.000005,0.0
07/2023,999,3.1.02.02.000008,0.0
07/2023,999,3.1.02.02.000010,-49.96887
07/2023,999,3.1.02.02.000011,0.0
07/2023,999,3.1.02.02.000012,0.0
07/2023,999,3.1.02.02.000013,-3.0193
07/2023,999,3.1.02.02.000014,-1.14806
07/2023,999,3.1.03.01.000007,0.0
07/2023,999,3.1.03.01.000011,0.0
07/2023,999,3.1.03.02.000003,0.0
07/2023,999,3.2.01.01.000001,4852.9
07/2023,999,3.2.01.01.000005,13.466
07/2023,999,3.2.01.02.000001,653.47712
07/2023,999,3.2.01.02.000002,0.0
07/2023,999,3.2.01.02.000003,119.625
07/2023,999,3.2.01.02.000004,0.0
07/2023,999,4.1.01.01.000001,-1025.31979
07/2023,999,4.1.01.01.000002,-12.29638
07/2023,999,4.1.01.01.000003,-138.54316
07/2023,999,4.1.01.01.000007,0.0
07/2023,999,4.1.01.01.000009,-111.20266
07/2023,999,4.1.01.01.000010,0.0
07/2023,999,4.1.01.02.000001,-317.37857
07/2023,999,4.1.01.02.000002,-94.72817
07/2023,999,4.1.01.02.000003,-45.47319
07/2023,999,4.1.01.02.000004,0.0
07/2023,999,4.1.01.02.000005,0.0
07/2023,999,4.1.01.02.000007,-4.5174
07/2023,999,4.1.01.03.000001,-127.22633
07/2023,999,4.1.01.03.000003,0.0
07/2023,999,4.1.01.03.000004,-36.62107
07/2023,999,4.1.01.03.000005,-41.22269
07/2023,999,4.1.01.03.000006,-11.941
07/2023,999,4.1.01.03.000008,-3.75
07/2023,999,4.1.01.03.000009,-176.72096
07/2023,999,4.1.01.03.000010,-16.69702
07/2023,999,4.1.01.03.000013,-0.05353
07/2023,999,4.1.01.04.000002,-1.22186
07/2023,999,4.1.01.04.000004,-126.0987
07/2023,999,4.1.01.05.000001,-9.87482
07/2023,999,4.1.01.05.000002,-14.92014
07/2023,999,4.1.01.05.000003,-0.941
07/2023,999,4.1.01.05.000004,-38.8195
07/2023,999,4.1.01.05.000005,-5.26996
07/2023,999,4.1.01.05.000006,-1893.81573
07/2023,999,4.1.01.05.000007,-472.237
07/2023,999,4.1.01.05.000008,0.0
07/2023,999,4.1.01.06.000001,-72.85104
07/2023,999,4.1.01.06.000002,-71.50067
07/2023,999,4.1.01.06.000003,0.0
07/2023,999,4.1.01.06.000004,-258.26424
07/2023,999,4.1.01.07.000001,-2.61875
07/2023,999,4.1.01.07.000002,-0.22296
07/2023,999,4.1.01.07.000003,-129.96693
07/2023,999,4.1.01.07.000004,-195.41019
07/2023,999,4.1.01.07.000005,-72.10545
07/2023,999,4.1.01.07.000006,-17.05
07/2023,999,4.1.01.07.000007,-5.74696
07/2023,999,4.1.01.07.000008,-1.59991
07/2023,999,4.1.01.07.000009,0.0
07/2023,999,4.1.01.07.000010,0.0
07/2023,999,4.1.01.07.000011,-68.80376
07/2023,999,4.1.01.07.000012,-13.64105
07/2023,999,4.1.01.07.000013,-73.83009
07/2023,999,4.1.01.07.000014,-444.92448
07/2023,999,4.1.01.07.000015,0.0
07/2023,999,4.1.01.07.000016,-30.0
07/2023,999,4.1.01.07.000017,-8.5
07/2023,999,4.1.01.07.000018,0.0
07/2023,999,4.1.01.07.000019,0.0
07/2023,999,4.1.01.07.000020,-10.32
07/2023,999,4.1.01.08.000001,-34.35308
07/2023,999,4.1.01.08.000002,-16.31579
07/2023,999,4.1.01.08.000003,-1.22763
07/2023,999,4.1.01.08.000004,-4081.62789
07/2023,999,4.1.01.08.000005,-81.26727
07/2023,999,4.1.01.09.000004,-142.06665
07/2023,999,4.1.01.10.000001,-2.738
07/2023,999,4.1.01.10.000003,0.0
07/2023,999,4.1.01.10.000004,-0.583
07/2023,999,4.1.01.10.000005,-0.66
07/2023,999,4.1.01.11.000002,-748.74077
07/2023,999,4.1.01.11.000003,0.0
07/2023,999,4.1.01.11.000004,0.0
07/2023,999,4.1.01.11.000007,-0.06286
07/2023,999,4.1.01.11.000009,-124.01569
07/2023,999,4.1.01.11.000010,-11.5
07/2023,999,4.1.01.11.000017,0.0
07/2023,999,4.1.01.11.000019,0.0
07/2023,999,4.1.01.11.000020,-13.63782
07/2023,999,4.1.01.11.000021,0.0
07/2023,999,4.1.01.11.000025,-14.563
07/2023,999,4.1.01.11.000026,0.0
07/2023,999,4.1.01.12.000001,-40.45625
07/2023,999,4.1.01.12.000002,-8.6521
07/2023,999,4.1.01.13.000001,-0.30848
07/2023,999,4.1.01.13.000002,0.0
07/2023,999,4.1.01.13.000003,0.0
07/2023,999,4.1.01.13.000004,0.0
07/2023,999,4.1.01.13.000005,0.0
07/2023,999,5.1.01.01.000001,-642.24003
07/2023,999,5.1.01.01.000003,0.0
07/2023,999,5.1.01.01.000004,-42.78714
07/2023,999,5.1.01.01.000008,-0.6863
07/2023,999,5.1.01.01.000012,0.0
07/2023,999,5.1.01.01.000020,0.0
07/2023,999,5.1.01.01.000021,0.0
07/2023,999,5.1.01.01.000022,0.0
07/2023,999,5.1.01.01.000023,-59.2458
07/2023,999,5.1.01.01.000024,0.0
07/2023,999,5.1.01.02.000001,-198.05411
07/2023,999,5.1.01.02.000002,-49.67122
07/2023,999,5.1.01.02.000003,-7.77014
07/2023,999,5.1.01.02.000006,0.0
07/2023,999,5.1.01.02.000007,-5.6246
07/2023,999,5.1.01.02.000020,0.0
07/2023,999,5.1.01.02.000021,0.0
07/2023,999,5.1.01.02.000022,0.0
07/2023,999,5.1.01.03.000001,-8.77945
07/2023,999,5.1.01.03.000004,-26.7948
07/2023,999,5.1.01.03.000006,0.0
07/2023,999,5.1.01.03.000008,0.0
07/2023,999,5.1.01.03.000009,-65.69991
07/2023,999,5.1.01.03.000010,-17.21164
07/2023,999,5.1.01.03.000012,0.0
07/2023,999,5.1.01.03.000013,-0.13991
07/2023,999,5.1.01.03.000014,0.0
07/2023,999,5.1.01.04.000001,-0.4
07/2023,999,5.1.01.04.000002,-3.59407
07/2023,999,5.1.01.04.000003,0.0
07/2023,999,5.1.01.04.000004,-100.55782
07/2023,999,5.1.01.05.000001,-17.1292
07/2023,999,5.1.01.05.000002,-1.36626
07/2023,999,5.1.01.05.000003,0.0
07/2023,999,5.1.01.05.000004,-2.795
07/2023,999,5.1.01.05.000005,-1.29058
07/2023,999,5.1.01.05.000006,-5.91463
07/2023,999,5.1.01.05.000007,-4.47219
07/2023,999,5.1.01.05.000009,-0.91
07/2023,999,5.1.01.06.000001,-15.49968
07/2023,999,5.1.01.06.000002,0.0
07/2023,999,5.1.01.06.000003,0.0
07/2023,999,5.1.01.06.000004,0.0
07/2023,999,5.1.01.06.000005,-4.557
07/2023,999,5.1.01.06.000006,-100.83454
07/2023,999,5.1.01.06.000008,0.0
07/2023,999,5.1.01.07.000001,0.0
07/2023,999,5.1.01.07.000002,-0.09493
07/2023,999,5.1.01.07.000003,0.0
07/2023,999,5.1.01.07.000004,-1.77159
07/2023,999,5.1.01.07.000005,0.0
07/2023,999,5.1.01.07.000007,-2.04125
07/2023,999,5.1.01.07.000008,0.0
07/2023,999,5.1.01.07.000010,-1070.30344
07/2023,999,5.1.01.07.000014,0.0
07/2023,999,5.1.01.07.000015,-2.52
07/2023,999,5.1.01.07.000020,0.0
07/2023,999,5.1.01.07.000021,0.0
07/2023,999,5.1.01.08.000001,-0.134
07/2023,999,5.1.01.08.000002,0.0
07/2023,999,5.1.01.08.000003,0.0
07/2023,999,5.1.01.08.000004,0.0
07/2023,999,5.1.01.08.000005,0.0
07/2023,999,5.1.01.09.000001,0.0
07/2023,999,5.1.01.09.000003,-23.0
07/2023,999,5.1.01.09.000008,0.0
07/2023,999,5.1.01.10.000002,0.0
07/2023,999,5.1.01.10.000003,0.0
07/2023,999,5.1.01.10.000004,0.0
07/2023,999,5.1.01.11.000001,0.0
07/2023,999,5.1.01.11.000003,-0.1935
07/2023,999,5.1.01.11.000004,0.0
07/2023,999,5.1.01.11.000006,-33.70603
07/2023,999,5.1.01.11.000007,-96.19731
07/2023,999,5.1.01.11.000008,-20.68667
07/2023,999,5.1.01.11.000012,0.0
07/2023,999,5.1.01.11.000013,0.0
07/2023,999,5.1.01.11.000014,0.0
07/2023,999,5.1.01.11.000015,0.0
07/2023,999,5.1.01.11.000021,-66.52702
07/2023,999,5.1.01.11.000022,0.0
07/2023,999,5.1.01.11.000025,0.0
07/2023,999,5.1.01.11.000026,0.0
07/2023,999,5.1.01.11.000027,0.0
07/2023,999,5.1.01.11.000031,0.0
07/2023,999,5.1.01.12.000003,0.0
07/2023,999,5.1.01.12.000008,0.0
07/2023,999,5.1.01.12.000009,0.0
07/2023,999,5.1.01.12.000019,0.0
07/2023,999,5.1.01.13.000001,-18.98692
07/2023,999,5.1.01.14.000001,0.0
07/2023,999,5.1.01.14.000002,0.0
07/2023,999,5.1.02.01.000006,0.0
07/2023,999,5.1.02.01.000009,0.0
07/2023,999,5.1.02.01.000010,0.0
07/2023,999,5.1.02.01.000011,0.0
07/2023,999,5.1.03.01.000001,0.0
07/2023,999,5.1.03.01.000002,0.0
07/2023,999,5.1.03.01.000003,0.0
07/2023,999,5.1.03.01.000004,-30968.04079
07/2023,999,5.1.03.01.000005,0.0
07/2023,999,5.1.03.01.000007,0.0
07/2023,999,5.1.03.02.000001,-17.37127
07/2023,999,5.1.04.01.000001,-23.56863
07/2023,999,5.1.04.01.000002,0.0
07/2023,999,5.1.04.01.000004,-4155.85782
07/2023,999,5.1.04.01.000005,-0.00048
07/2023,999,5.1.04.01.000006,-50.07043
07/2023,999,5.1.04.01.000007,0.0
07/2023,999,5.1.04.01.000010,0.0
07/2023,999,5.1.04.01.000011,-654.822
07/2023,999,5.1.04.01.000014,-7459.48452
07/2023,999,5.1.04.01.000015,-72.26797
07/2023,999,5.1.04.01.000016,-50.36
07/2023,999,5.1.04.01.000017,0.0
07/2023,999,5.1.04.02.000001,196.46684
07/2023,999,5.1.04.02.000002,59.91754
07/2023,999,5.1.04.02.000003,0.76843
07/2023,999,5.2.01.01.000001,1293.17327
07/2023,999,5.9.01.01.000001,0.0
07/2023,999,5.9.01.01.000002,0.0
07/2023,999,5.9.01.02.000001,0.0
07/2023,999,5.9.01.02.000002,0.0
07/2024,6,3.1.01.01.000002,3861.05368
07/2024,6,3.1.01.01.000003,0.0
07/2024,6,3.1.02.02.000002,0.0
07/2024,6,3.1.02.02.000003,0.0
07/2024,6,3.1.02.02.000004,0.0
07/2024,6,3.1.02.02.000009,0.0
07/2024,6,3.1.02.02.000010,-77.22108
07/2024,6,3.1.03.02.000003,0.0
07/2024,6,3.2.01.01.000001,0.0
07/2024,6,4.1.01.01.000001,-632.34687
07/2024,6,4.1.01.01.000002,0.0
07/2024,6,4.1.01.01.000003,-30.71619
07/2024,6,4.1.01.01.000008,0.0
07/2024,6,4.1.01.01.000009,-53.67661
07/2024,6,4.1.01.01.000010,0.0
07/2024,6,4.1.01.02.000001,-190.26987
07/2024,6,4.1.01.02.000002,-61.29102
07/2024,6,4.1.01.02.000003,0.0
07/2024,6,4.1.01.02.000004,0.0
07/2024,6,4.1.01.02.000006,0.0
07/2024,6,4.1.01.02.000007,0.0
07/2024,6,4.1.01.03.000001,-40.58305
07/2024,6,4.1.01.03.000003,-70.69447
07/2024,6,4.1.01.03.000004,-0.97573
07/2024,6,4.1.01.03.000006,-4.571
07/2024,6,4.1.01.03.000009,-16.63406
07/2024,6,4.1.01.03.000010,0.0
07/2024,6,4.1.01.04.000004,-9.78
07/2024,6,4.1.01.05.000001,-1.20195
07/2024,6,4.1.01.05.000002,0.0
07/2024,6,4.1.01.05.000003,-3.60884
07/2024,6,4.1.01.05.000006,-1275.43864
07/2024,6,4.1.01.06.000001,-4.752
07/2024,6,4.1.01.06.000002,0.0
07/2024,6,4.1.01.06.000004,0.0
07/2024,6,4.1.01.07.000007,-0.73251
07/2024,6,4.1.01.07.000012,0.0
07/2024,6,4.1.01.07.000013,0.0
07/2024,6,4.1.01.07.000014,0.0
07/2024,6,4.1.01.07.000018,-1.3
07/2024,6,4.1.01.08.000001,0.0
07/2024,6,4.1.01.08.000004,-262.91171
07/2024,6,4.1.01.08.000005,0.0
07/2024,6,4.1.01.08.000006,0.0
07/2024,6,4.1.01.11.000002,-8.99547
07/2024,6,4.1.01.11.000007,-0.66592
07/2024,6,4.1.01.11.000008,0.0
07/2024,6,4.1.01.11.000009,-0.82815
07/2024,6,4.1.01.11.000025,0.0
07/2024,6,5.1.01.01.000001,-42.12924
07/2024,6,5.1.01.01.000003,0.0
07/2024,6,5.1.01.01.000004,-1.92972
07/2024,6,5.1.01.01.000023,0.0
07/2024,6,5.1.01.01.000024,0.0
07/2024,6,5.1.01.02.000001,-12.0571
07/2024,6,5.1.01.02.000002,-3.53318
07/2024,6,5.1.01.02.000003,0.0
07/2024,6,5.1.01.02.000004,0.0
07/2024,6,5.1.01.02.000005,0.0
07/2024,6,5.1.01.02.000007,0.0
07/2024,6,5.1.01.03.000001,-2.4596
07/2024,6,5.1.01.03.000004,-2.49599
07/2024,6,5.1.01.03.000006,0.0
07/2024,6,5.1.01.03.000009,-4.50693
07/2024,6,5.1.01.03.000010,-6.44971
07/2024,6,5.1.01.04.000001,0.0
07/2024,6,5.1.01.04.000002,0.0
07/2024,6,5.1.01.04.000004,0.0
07/2024,6,5.1.01.05.000001,-0.3541
07/2024,6,5.1.01.05.000002,0.0
07/2024,6,5.1.01.05.000006,-0.81217
07/2024,6,5.1.01.05.000009,0.0
07/2024,6,5.1.01.06.000001,0.0
07/2024,6,5.1.01.06.000004,0.0
07/2024,6,5.1.01.06.000007,0.0
07/2024,6,5.1.01.07.000007,0.0
07/2024,6,5.1.01.07.000012,0.0
07/2024,6,5.1.01.08.000001,0.0
07/2024,6,5.1.01.08.000004,0.0
07/2024,6,5.1.01.08.000005,0.0
07/2024,6,5.1.01.11.000001,0.0
07/2024,6,5.1.01.11.000002,0.0
07/2024,6,5.1.01.11.000005,0.0
07/2024,6,5.1.01.11.000006,-7.5654
07/2024,6,5.1.01.11.000007,-0.18131
07/2024,6,5.1.01.11.000008,-17.11443
07/2024,6,5.1.01.11.000009,0.0
07/2024,6,5.1.01.11.000012,0.0
07/2024,6,5.1.01.11.000014,0.0
07/2024,6,5.1.01.11.000015,0.0
07/2024,6,5.1.01.11.000016,-6.3381
07/2024,6,5.1.01.11.000017,-29.19364
07/2024,6,5.1.01.11.000021,0.0
07/2024,6,5.1.01.11.000022,0.0
07/2024,6,5.1.01.11.000025,0.0
07/2024,6,5.1.01.11.000026,0.0
07/2024,6,5.1.01.11.000027,-0.17478
07/2024,6,5.1.01.12.000001,0.0
07/2024,6,5.1.01.12.000009,0.0
07/2024,6,5.1.01.12.000011,0.0
07/2024,6,5.1.01.12.000020,0.0
07/2024,6,5.1.01.13.000001,-9.53941
07/2024,6,5.1.03.01.000001,-0.36631
07/2024,6,5.1.03.01.000002,-0.06391
07/2024,6,5.1.03.01.000004,-259.71244
07/2024,6,5.1.03.01.000007,-0.02613
07/2024,6,5.1.04.01.000001,-16.62648
07/2024,6,5.1.04.01.000004,-131.33531
07/2024,6,5.1.04.01.000005,0.0
07/2024,6,5.1.04.01.000006,-0.01512
07/2024,6,5.1.04.01.000013,0.0
07/2024,6,5.1.04.01.000014,-260.51845
07/2024,6,5.1.04.02.000001,0.02417
07/2024,6,5.1.04.02.000002,0.11467
07/2024,6,5.2.01.01.000001,-83.61629
07/2024,7,3.1.01.01.000005,8027.05838
07/2024,7,3.1.02.01.000001,0.0
07/2024,7,3.2.01.01.000003,53.0
07/2024,7,3.2.01.02.000002,6.82786
07/2024,7,3.2.01.02.000003,0.0
07/2024,7,4.1.02.01.000001,-115.9588
07/2024,7,4.1.02.01.000003,-0.8249
07/2024,7,4.1.02.01.000008,1.97084
07/2024,7,4.1.02.01.000009,-17.3824
07/2024,7,4.1.02.01.000010,-34.76025
07/2024,7,4.1.02.02.000001,-37.79401
07/2024,7,4.1.02.02.000002,-10.67515
07/2024,7,4.1.02.02.000003,0.0
07/2024,7,4.1.02.02.000005,0.0
07/2024,7,4.1.02.02.000006,0.0
07/2024,7,4.1.02.02.000007,-1.4
07/2024,7,4.1.02.02.000008,0.0
07/2024,7,4.1.02.03.000001,0.0
07/2024,7,4.1.02.03.000004,-14.819
07/2024,7,4.1.02.03.000005,-58.86603
07/2024,7,4.1.02.03.000006,-2.848
07/2024,7,4.1.02.03.000009,-30.1991
07/2024,7,4.1.02.03.000010,-11.61206
07/2024,7,4.1.02.03.000013,0.0
07/2024,7,4.1.02.04.000003,0.0
07/2024,7,4.1.02.04.000004,-2.32996
07/2024,7,4.1.02.05.000001,-5.09926
07/2024,7,4.1.02.05.000002,-3.42685
07/2024,7,4.1.02.05.000003,-0.051
07/2024,7,4.1.02.05.000004,-0.859
07/2024,7,4.1.02.05.000005,-1.2779
07/2024,7,4.1.02.05.000006,-6866.80407
07/2024,7,4.1.02.05.000007,0.0
07/2024,7,4.1.02.05.000009,-5.4936
07/2024,7,4.1.02.05.000010,-4.4786
07/2024,7,4.1.02.06.000001,-9.0941
07/2024,7,4.1.02.06.000004,0.0
07/2024,7,4.1.02.07.000003,-35.88141
07/2024,7,4.1.02.07.000004,-0.98175
07/2024,7,4.1.02.07.000006,-0.96
07/2024,7,4.1.02.07.000007,-0.36557
07/2024,7,4.1.02.07.000010,-8.3079
07/2024,7,4.1.02.07.000016,-83.26417
07/2024,7,4.1.02.08.000001,-16.49849
07/2024,7,4.1.02.08.000002,-0.35
07/2024,7,4.1.02.08.000005,-13.28976
07/2024,7,5.1.01.04.000002,-0.252
07/2024,7,5.1.01.04.000003,0.0
07/2024,7,5.1.01.05.000005,0.0
07/2024,7,5.1.01.05.000009,-0.37063
07/2024,7,5.1.01.07.000007,0.0
07/2024,7,5.1.01.07.000010,0.0
07/2024,7,5.1.01.07.000015,-1.4
07/2024,7,5.1.01.07.000021,-0.24899
07/2024,7,5.1.01.09.000003,-2.0
07/2024,7,5.1.01.09.000008,-6.85797
07/2024,7,5.1.01.11.000001,-2.86105
07/2024,7,5.1.01.11.000005,0.0
07/2024,7,5.1.01.11.000006,-3.32818
07/2024,7,5.1.01.11.000007,-0.94687
07/2024,7,5.1.01.11.000008,-0.29362
07/2024,7,5.1.01.11.000016,-0.8745
07/2024,7,5.1.01.11.000017,-4.028
07/2024,7,5.1.01.11.000027,-0.1573
07/2024,7,5.1.01.13.000001,-5.0
07/2024,7,5.1.02.01.000009,0.0
07/2024,7,5.1.02.01.000010,0.0
07/2024,7,5.1.02.01.000011,0.0
07/2024,7,5.1.04.01.000001,-21.64079
07/2024,7,5.1.04.01.000002,0.0
07/2024,7,5.1.04.01.000003,-82.5836
07/2024,7,5.1.04.01.000004,-58.09048
07/2024,7,5.1.04.01.000005,-0.02094
07/2024,7,5.1.04.01.000006,-3.15329
07/2024,7,5.1.04.01.000014,-27.60795
07/2024,7,5.1.04.02.000001,0.10391
07/2024,7,5.1.04.02.000002,30.61429
07/2024,7,5.1.04.02.000003,0.09931
07/2024,7,5.2.01.01.000001,122.37087
07/2024,7,5.9.01.01.000001,0.0
07/2024,7,5.9.01.02.000001,0.0
07/2024,999,3.1.01.01.000002,0.0
07/2024,999,3.1.01.01.000003,27.99334
07/2024,999,3.1.01.01.000004,32.34304
07/2024,999,3.1.01.01.000006,3.4
07/2024,999,3.1.01.01.000008,0.0
07/2024,999,3.1.01.01.000009,0.0
07/2024,999,3.1.01.01.000010,0.0
07/2024,999,3.1.01.01.000011,0.0
07/2024,999,3.1.01.01.000012,0.0
07/2024,999,3.1.01.01.000013,58752.7556
07/2024,999,3.1.02.01.000001,0.0
07/2024,999,3.1.02.02.000004,0.0
07/2024,999,3.1.02.02.000005,0.0
07/2024,999,3.1.02.02.000008,0.0
07/2024,999,3.1.02.02.000010,-1.39967
07/2024,999,3.1.02.02.000011,0.0
07/2024,999,3.1.02.02.000012,0.0
07/2024,999,3.1.02.02.000013,-2.69203
07/2024,999,3.1.02.02.000014,-1.34604
07/2024,999,3.1.03.01.000007,0.0
07/2024,999,3.1.03.01.000011,0.0
07/2024,999,3.1.03.02.000003,0.0
07/2024,999,3.2.01.01.000001,4787.0
07/2024,999,3.2.01.01.000005,10.79
07/2024,999,3.2.01.02.000001,0.0
07/2024,999,3.2.01.02.000002,97.45777
07/2024,999,3.2.01.02.000003,0.0
07/2024,999,3.2.01.02.000004,140.78471
07/2024,999,3.2.01.02.000006,47.0
07/2024,999,3.2.01.03.000001,0.0
07/2024,999,4.1.01.01.000001,-873.31744
07/2024,999,4.1.01.01.000002,-1.0
07/2024,999,4.1.01.01.000003,-93.27859
07/2024,999,4.1.01.01.000006,0.0
07/2024,999,4.1.01.01.000007,0.0
07/2024,999,4.1.01.01.000009,-89.79672
07/2024,999,4.1.01.01.000010,0.0
07/2024,999,4.1.01.02.000001,-256.66131
07/2024,999,4.1.01.02.000002,-78.80969
07/2024,999,4.1.01.02.000003,-25.2625
07/2024,999,4.1.01.02.000004,0.0
07/2024,999,4.1.01.02.000005,0.0
07/2024,999,4.1.01.02.000007,-6.6974
07/2024,999,4.1.01.03.000001,-82.10803
07/2024,999,4.1.01.03.000003,0.0
07/2024,999,4.1.01.03.000004,-69.90354
07/2024,999,4.1.01.03.000005,-531.62524
07/2024,999,4.1.01.03.000006,-6.58099
07/2024,999,4.1.01.03.000008,-0.56848
07/2024,999,4.1.01.03.000009,-173.04753
07/2024,999,4.1.01.03.000010,-1.50141
07/2024,999,4.1.01.03.000013,0.0
07/2024,999,4.1.01.04.000002,-1.38445
07/2024,999,4.1.01.04.000004,-163.67256
07/2024,999,4.1.01.05.000001,-13.03547
07/2024,999,4.1.01.05.000002,-19.65364
07/2024,999,4.1.01.05.000003,-0.98691
07/2024,999,4.1.01.05.000004,-21.8225
07/2024,999,4.1.01.05.000005,-7.32211
07/2024,999,4.1.01.05.000006,-266.06826
07/2024,999,4.1.01.05.000007,-13.00764
07/2024,999,4.1.01.05.000008,-0.0899
07/2024,999,4.1.01.05.000009,0.0
07/2024,999,4.1.01.06.000001,-141.58562
07/2024,999,4.1.01.06.000002,-83.20719
07/2024,999,4.1.01.06.000003,0.0
07/2024,999,4.1.01.06.000004,-203.62927
07/2024,999,4.1.01.07.000001,-1.86785
07/2024,999,4.1.01.07.000002,-0.77913
07/2024,999,4.1.01.07.000003,-131.31119
07/2024,999,4.1.01.07.000004,-23.35616
07/2024,999,4.1.01.07.000005,-235.55078
07/2024,999,4.1.01.07.000006,-18.45
07/2024,999,4.1.01.07.000007,-22.54515
07/2024,999,4.1.01.07.000008,-2.01678
07/2024,999,4.1.01.07.000009,0.0
07/2024,999,4.1.01.07.000010,-43.11631
07/2024,999,4.1.01.07.000011,0.0
07/2024,999,4.1.01.07.000012,-46.48308
07/2024,999,4.1.01.07.000013,-77.51167
07/2024,999,4.1.01.07.000014,-334.10692
07/2024,999,4.1.01.07.000015,0.0
07/2024,999,4.1.01.07.000016,-91.0
07/2024,999,4.1.01.07.000017,0.0
07/2024,999,4.1.01.07.000018,-0.75
07/2024,999,4.1.01.07.000019,-5.397
07/2024,999,4.1.01.07.000020,0.0
07/2024,999,4.1.01.08.000001,-12.21813
07/2024,999,4.1.01.08.000002,0.0
07/2024,999,4.1.01.08.000003,-0.14
07/2024,999,4.1.01.08.000004,-4019.17372
07/2024,999,4.1.01.08.000005,-42.97092
07/2024,999,4.1.01.08.000007,0.0
07/2024,999,4.1.01.09.000004,-117.39914
07/2024,999,4.1.01.09.000006,-0.6804
07/2024,999,4.1.01.10.000001,0.0
07/2024,999,4.1.01.10.000003,0.0
07/2024,999,4.1.01.10.000004,0.0
07/2024,999,4.1.01.10.000005,0.0
07/2024,999,4.1.01.11.000002,-936.64028
07/2024,999,4.1.01.11.000003,0.0
07/2024,999,4.1.01.11.000004,0.0
07/2024,999,4.1.01.11.000007,0.0
07/2024,999,4.1.01.11.000009,-257.99924
07/2024,999,4.1.01.11.000010,0.0
07/2024,999,4.1.01.11.000017,0.0
07/2024,999,4.1.01.11.000019,-8.14085
07/2024,999,4.1.01.11.000020,-7.31408
07/2024,999,4.1.01.11.000021,0.0
07/2024,999,4.1.01.11.000025,-4.1946
07/2024,999,4.1.01.11.000026,0.0
07/2024,999,4.1.01.12.000001,-65.74687
07/2024,999,4.1.01.12.000002,-36.46045
07/2024,999,4.1.01.13.000001,0.0
07/2024,999,4.1.01.13.000002,0.0
07/2024,999,4.1.01.13.000003,0.0
07/2024,999,4.1.01.13.000004,0.0
07/2024,999,4.1.01.13.000005,0.0
07/2024,999,5.1.01.01.000001,-686.3559
07/2024,999,5.1.01.01.000003,0.0
07/2024,999,5.1.01.01.000004,-45.84588
07/2024,999,5.1.01.01.000008,0.0
07/2024,999,5.1.01.01.000012,-9.8856
07/2024,999,5.1.01.01.000020,0.0
07/2024,999,5.1.01.01.000021,0.0
07/2024,999,5.1.01.01.000022,0.0
07/2024,999,5.1.01.01.000023,-65.76075
07/2024,999,5.1.01.01.000024,0.0
07/2024,999,5.1.01.02.000001,-208.01348
07/2024,999,5.1.01.02.000002,-63.50082
07/2024,999,5.1.01.02.000003,-16.22208
07/2024,999,5.1.01.02.000006,0.0
07/2024,999,5.1.01.02.000007,0.0
07/2024,999,5.1.01.02.000020,0.0
07/2024,999,5.1.01.02.000021,0.0
07/2024,999,5.1.01.02.000022,0.0
07/2024,999,5.1.01.03.000001,-79.93594
07/2024,999,5.1.01.03.000004,-35.76222
07/2024,999,5.1.01.03.000006,-3.995
07/2024,999,5.1.01.03.000008,-3.75746
07/2024,999,5.1.01.03.000009,-99.48921
07/2024,999,5.1.01.03.000010,-29.74722
07/2024,999,5.1.01.03.000012,0.0
07/2024,999,5.1.01.03.000013,0.0
07/2024,999,5.1.01.03.000014,0.0
07/2024,999,5.1.01.04.000001,0.0
07/2024,999,5.1.01.04.000002,-0.12314
07/2024,999,5.1.01.04.000003,0.0
07/2024,999,5.1.01.04.000004,-130.68802
07/2024,999,5.1.01.05.000001,-45.92831
07/2024,999,5.1.01.05.000002,-0.94293
07/2024,999,5.1.01.05.000003,0.0
07/2024,999,5.1.01.05.000004,-0.20962
07/2024,999,5.1.01.05.000005,-4.46547
07/2024,999,5.1.01.05.000006,-30.07335
07/2024,999,5.1.01.05.000007,-2.91542
07/2024,999,5.1.01.05.000009,-0.58213
07/2024,999,5.1.01.06.000001,-211.74098
07/2024,999,5.1.01.06.000002,0.0
07/2024,999,5.1.01.06.000003,0.0
07/2024,999,5.1.01.06.000004,-98.10773
07/2024,999,5.1.01.06.000005,0.0
07/2024,999,5.1.01.06.000006,-121.7857
07/2024,999,5.1.01.06.000008,0.0
07/2024,999,5.1.01.07.000001,0.0
07/2024,999,5.1.01.07.000002,0.0
07/2024,999,5.1.01.07.000003,0.0
07/2024,999,5.1.01.07.000004,0.0
07/2024,999,5.1.01.07.000005,-6.59007
07/2024,999,5.1.01.07.000007,0.0
07/2024,999,5.1.01.07.000008,0.0
07/2024,999,5.1.01.07.000010,-207.93389
07/2024,999,5.1.01.07.000014,0.0
07/2024,999,5.1.01.07.000015,-2.52
07/2024,999,5.1.01.07.000020,0.0
07/2024,999,5.1.01.07.000021,-2.1124
07/2024,999,5.1.01.08.000001,-4.45679
07/2024,999,5.1.01.08.000002,0.0
07/2024,999,5.1.01.08.000003,0.0
07/2024,999,5.1.01.08.000004,-7.34342
07/2024,999,5.1.01.08.000005,-47.99866
07/2024,999,5.1.01.09.000001,0.0
07/2024,999,5.1.01.09.000003,-32.0
07/2024,999,5.1.01.09.000005,0.0
07/2024,999,5.1.01.09.000008,-0.52455
07/2024,999,5.1.01.10.000002,0.0
07/2024,999,5.1.01.10.000003,0.0
07/2024,999,5.1.01.10.000004,0.0
07/2024,999,5.1.01.11.000001,-6.17541
07/2024,999,5.1.01.11.000003,0.0
07/2024,999,5.1.01.11.000004,0.0
07/2024,999,5.1.01.11.000006,-60.75934
07/2024,999,5.1.01.11.000007,-18.49095
07/2024,999,5.1.01.11.000008,-7.09342
07/2024,999,5.1.01.11.000010,0.0
07/2024,999,5.1.01.11.000012,0.0
07/2024,999,5.1.01.11.000013,0.0
07/2024,999,5.1.01.11.000014,0.0
07/2024,999,5.1.01.11.000015,0.0
07/2024,999,5.1.01.11.000021,0.0
07/2024,999,5.1.01.11.000022,0.0
07/2024,999,5.1.01.11.000025,0.0
07/2024,999,5.1.01.11.000026,0.0
07/2024,999,5.1.01.11.000027,-0.62445
07/2024,999,5.1.01.11.000031,0.0
07/2024,999,5.1.01.12.000003,0.0
07/2024,999,5.1.01.12.000008,0.0
07/2024,999,5.1.01.12.000009,0.0
07/2024,999,5.1.01.12.000019,0.0
07/2024,999,5.1.01.13.000001,-17.11795
07/2024,999,5.1.01.14.000001,0.0
07/2024,999,5.1.01.14.000002,0.0
07/2024,999,5.1.01.14.000003,-399.42232
07/2024,999,5.1.02.01.000006,0.0
07/2024,999,5.1.02.01.000009,0.0
07/2024,999,5.1.02.01.000010,-427.18015
07/2024,999,5.1.02.01.000011,0.0
07/2024,999,5.1.02.01.000012,0.0
07/2024,999,5.1.03.01.000001,-52.17732
07/2024,999,5.1.03.01.000002,-6.20328
07/2024,999,5.1.03.01.000003,-219.73931
07/2024,999,5.1.03.01.000004,-14199.62638
07/2024,999,5.1.03.01.000005,-22.74818
07/2024,999,5.1.03.01.000007,-1.38087
07/2024,999,5.1.03.02.000001,-23.9553
07/2024,999,5.1.04.01.000001,-65.53306
07/2024,999,5.1.04.01.000002,0.0
07/2024,999,5.1.04.01.000004,-1638.65638
07/2024,999,5.1.04.01.000005,-19.16818
07/2024,999,5.1.04.01.000006,-181.57222
07/2024,999,5.1.04.01.000007,0.0
07/2024,999,5.1.04.01.000009,0.0
07/2024,999,5.1.04.01.000010,0.0
07/2024,999,5.1.04.01.000011,0.0
07/2024,999,5.1.04.01.000014,-4817.80914
07/2024,999,5.1.04.01.000015,-0.0515
07/2024,999,5.1.04.01.000016,-1.0895
07/2024,999,5.1.04.01.000017,-568.35781
07/2024,999,5.1.04.02.000001,204.49515
07/2024,999,5.1.04.02.000002,17.90872
07/2024,999,5.1.04.02.000003,0.09173
07/2024,999,5.2.01.01.000001,51.0414
07/2024,999,5.9.01.01.000001,0.0
07/2024,999,5.9.01.01.000002,0.0
07/2024,999,5.9.01.02.000001,0.0
07/2024,999,5.9.01.02.000002,0.0
07/2025,6,3.1.01.01.000002,3970.49211
07/2025,6,3.1.01.01.000003,0.0
07/2025,6,3.1.01.01.000013,300.0
07/2025,6,3.1.02.02.000002,0.0
07/2025,6,3.1.02.02.000003,0.0
07/2025,6,3.1.02.02.000004,0.0
07/2025,6,3.1.02.02.000009,0.0
07/2025,6,3.1.02.02.000010,-77.90987
07/2025,6,3.1.03.02.000003,0.0
07/2025,6,3.1.03.03.000001,0.0
07/2025,6,3.2.01.01.000001,0.0
07/2025,6,3.2.01.02.000002,0.9094
07/2025,6,4.1.01.01.000001,-638.36862
07/2025,6,4.1.01.01.000002,-25.5
07/2025,6,4.1.01.01.000003,-286.39718
07/2025,6,4.1.01.01.000006,-4.15869
07/2025,6,4.1.01.01.000008,0.0
07/2025,6,4.1.01.01.000009,-56.80063
07/2025,6,4.1.01.01.000010,0.0
07/2025,6,4.1.01.02.000001,-174.32807
07/2025,6,4.1.01.02.000002,-78.71265
07/2025,6,4.1.01.02.000003,-14.15529
07/2025,6,4.1.01.02.000004,0.0
07/2025,6,4.1.01.02.000006,0.0
07/2025,6,4.1.01.02.000007,0.0
07/2025,6,4.1.01.03.000001,-42.89877
07/2025,6,4.1.01.03.000003,0.0
07/2025,6,4.1.01.03.000004,-2.55835
07/2025,6,4.1.01.03.000006,-16.117
07/2025,6,4.1.01.03.000009,-83.99485
07/2025,6,4.1.01.03.000010,-5.22
07/2025,6,4.1.01.04.000004,-11.86611
07/2025,6,4.1.01.05.000001,0.0
07/2025,6,4.1.01.05.000002,0.0
07/2025,6,4.1.01.05.000003,0.0
07/2025,6,4.1.01.05.000006,-1309.93198
07/2025,6,4.1.01.06.000001,-4.752
07/2025,6,4.1.01.06.000002,0.0
07/2025,6,4.1.01.06.000004,-16.89468
07/2025,6,4.1.01.07.000007,0.0
07/2025,6,4.1.01.07.000012,-4.17666
07/2025,6,4.1.01.07.000013,0.0
07/2025,6,4.1.01.07.000014,0.0
07/2025,6,4.1.01.07.000018,0.0
07/2025,6,4.1.01.08.000001,0.0
07/2025,6,4.1.01.08.000004,-299.84247
07/2025,6,4.1.01.08.000005,0.0
07/2025,6,4.1.01.08.000006,0.0
07/2025,6,4.1.01.11.000002,-285.3028
07/2025,6,4.1.01.11.000007,0.0
07/2025,6,4.1.01.11.000008,0.0
07/2025,6,4.1.01.11.000009,-3.96258
07/2025,6,4.1.01.11.000025,0.0
07/2025,6,5.1.01.01.000001,0.0
07/2025,6,5.1.01.01.000003,0.0
07/2025,6,5.1.01.01.000004,0.0
07/2025,6,5.1.01.01.000023,0.0
07/2025,6,5.1.01.01.000024,0.0
07/2025,6,5.1.01.02.000001,0.0
07/2025,6,5.1.01.02.000002,0.0
07/2025,6,5.1.01.02.000003,0.0
07/2025,6,5.1.01.02.000004,0.0
07/2025,6,5.1.01.02.000005,0.0
07/2025,6,5.1.01.02.000007,0.0
07/2025,6,5.1.01.03.000001,0.0
07/2025,6,5.1.01.03.000004,0.0
07/2025,6,5.1.01.03.000006,0.0
07/2025,6,5.1.01.03.000009,0.0
07/2025,6,5.1.01.03.000010,0.0
07/2025,6,5.1.01.04.000001,0.0
07/2025,6,5.1.01.04.000002,0.0
07/2025,6,5.1.01.04.000004,0.0
07/2025,6,5.1.01.05.000001,0.0
07/2025,6,5.1.01.05.000002,0.0
07/2025,6,5.1.01.05.000006,0.0
07/2025,6,5.1.01.05.000009,0.0
07/2025,6,5.1.01.06.000001,0.0
07/2025,6,5.1.01.06.000004,0.0
07/2025,6,5.1.01.06.000007,0.0
07/2025,6,5.1.01.07.000007,0.0
07/2025,6,5.1.01.07.000012,0.0
07/2025,6,5.1.01.08.000001,0.0
07/2025,6,5.1.01.08.000004,0.0
07/2025,6,5.1.01.08.000005,0.0
07/2025,6,5.1.01.11.000001,0.0
07/2025,6,5.1.01.11.000002,0.0
07/2025,6,5.1.01.11.000005,0.0
07/2025,6,5.1.01.11.000006,0.0
07/2025,6,5.1.01.11.000007,-0.38634
07/2025,6,5.1.01.11.000008,-37.58573
07/2025,6,5.1.01.11.000009,0.0
07/2025,6,5.1.01.11.000012,0.0
07/2025,6,5.1.01.11.000014,0.0
07/2025,6,5.1.01.11.000015,0.0
07/2025,6,5.1.01.11.000016,-24.03397
07/2025,6,5.1.01.11.000017,-110.70192
07/2025,6,5.1.01.11.000021,0.0
07/2025,6,5.1.01.11.000022,0.0
07/2025,6,5.1.01.11.000025,0.0
07/2025,6,5.1.01.11.000026,-8.89731
07/2025,6,5.1.01.11.000027,-0.16354
07/2025,6,5.1.01.12.000001,0.0
07/2025,6,5.1.01.12.000009,0.0
07/2025,6,5.1.01.12.000011,0.0
07/2025,6,5.1.01.12.000020,0.0
07/2025,6,5.1.01.13.000001,0.0
07/2025,6,5.1.03.01.000001,-0.36638
07/2025,6,5.1.03.01.000002,-0.06391
07/2025,6,5.1.03.01.000004,-21.0
07/2025,6,5.1.03.01.000007,-0.10087
07/2025,6,5.1.04.01.000001,-6.97212
07/2025,6,5.1.04.01.000004,-286.73284
07/2025,6,5.1.04.01.000005,0.0
07/2025,6,5.1.04.01.000006,-0.0252
07/2025,6,5.1.04.01.000011,0.0
07/2025,6,5.1.04.01.000013,0.0
07/2025,6,5.1.04.01.000014,-135.1947
07/2025,6,5.1.04.02.000001,0.05352
07/2025,6,5.1.04.02.000002,0.02024
07/2025,6,5.1.04.02.000003,55.70942
07/2025,6,5.2.01.01.000001,2.95483
07/2025,7,3.1.01.01.000005,12919.37499
07/2025,7,3.1.02.01.000001,0.0
07/2025,7,3.2.01.01.000003,52.0
07/2025,7,3.2.01.02.000002,12.80601
07/2025,7,3.2.01.02.000003,0.0
07/2025,7,4.1.01.08.000005,-6.6
07/2025,7,4.1.02.01.000001,-126.97283
07/2025,7,4.1.02.01.000003,0.0
07/2025,7,4.1.02.01.000008,0.0
07/2025,7,4.1.02.01.000009,-15.78345
07/2025,7,4.1.02.01.000010,-33.39769
07/2025,7,4.1.02.02.000001,-39.40724
07/2025,7,4.1.02.02.000002,-11.54791
07/2025,7,4.1.02.02.000003,0.0
07/2025,7,4.1.02.02.000005,0.0
07/2025,7,4.1.02.02.000006,0.0
07/2025,7,4.1.02.02.000007,-1.4
07/2025,7,4.1.02.02.000008,0.0
07/2025,7,4.1.02.03.000001,0.0
07/2025,7,4.1.02.03.000004,-15.283
07/2025,7,4.1.02.03.000005,0.0
07/2025,7,4.1.02.03.000006,-4.038
07/2025,7,4.1.02.03.000009,-26.482
07/2025,7,4.1.02.03.000010,0.0
07/2025,7,4.1.02.03.000013,0.0
07/2025,7,4.1.02.04.000003,-25.97068
07/2025,7,4.1.02.04.000004,0.0
07/2025,7,4.1.02.05.000001,-3.71776
07/2025,7,4.1.02.05.000002,-3.37197
07/2025,7,4.1.02.05.000003,0.0
07/2025,7,4.1.02.05.000004,-0.828
07/2025,7,4.1.02.05.000005,-1.41162
07/2025,7,4.1.02.05.000006,-9373.22129
07/2025,7,4.1.02.05.000007,0.0
07/2025,7,4.1.02.05.000009,-7.78812
07/2025,7,4.1.02.05.000010,0.0
07/2025,7,4.1.02.06.000001,-15.25145
07/2025,7,4.1.02.06.000004,0.0
07/2025,7,4.1.02.07.000003,-31.88365
07/2025,7,4.1.02.07.000004,-0.98152
07/2025,7,4.1.02.07.000006,-6.64
07/2025,7,4.1.02.07.000007,0.0
07/2025,7,4.1.02.07.000010,0.0
07/2025,7,4.1.02.07.000016,-87.40402
07/2025,7,4.1.02.08.000001,-14.18523
07/2025,7,4.1.02.08.000002,0.0
07/2025,7,4.1.02.08.000005,-10.12925
07/2025,7,5.1.01.04.000002,-0.179
07/2025,7,5.1.01.04.000003,0.0
07/2025,7,5.1.01.05.000001,0.0
07/2025,7,5.1.01.05.000003,0.0
07/2025,7,5.1.01.05.000005,0.0
07/2025,7,5.1.01.05.000009,-0.3555
07/2025,7,5.1.01.07.000007,0.0
07/2025,7,5.1.01.07.000010,-8.942
07/2025,7,5.1.01.07.000015,-1.4
07/2025,7,5.1.01.07.000021,-0.5
07/2025,7,5.1.01.08.000005,0.0
07/2025,7,5.1.01.09.000003,-0.628
07/2025,7,5.1.01.09.000008,0.0
07/2025,7,5.1.01.11.000001,-3.77968
07/2025,7,5.1.01.11.000005,0.0
07/2025,7,5.1.01.11.000006,-3.08278
07/2025,7,5.1.01.11.000007,-0.72693
07/2025,7,5.1.01.11.000008,-0.36482
07/2025,7,5.1.01.11.000016,-0.858
07/2025,7,5.1.01.11.000017,-3.952
07/2025,7,5.1.01.11.000027,-0.16354
07/2025,7,5.1.01.13.000001,0.0
07/2025,7,5.1.01.14.000003,0.0
07/2025,7,5.1.02.01.000009,0.0
07/2025,7,5.1.02.01.000010,0.0
07/2025,7,5.1.02.01.000011,0.0
07/2025,7,5.1.04.01.000001,-31.76934
07/2025,7,5.1.04.01.000002,-365.04897
07/2025,7,5.1.04.01.000003,0.0
07/2025,7,5.1.04.01.000004,-40.69441
07/2025,7,5.1.04.01.000005,-0.28777
07/2025,7,5.1.04.01.000006,-0.06463
07/2025,7,5.1.04.01.000014,0.0
07/2025,7,5.1.04.02.000001,0.07545
07/2025,7,5.1.04.02.000002,0.0
07/2025,7,5.1.04.02.000003,0.17278
07/2025,7,5.2.01.01.000001,0.0
07/2025,7,5.9.01.01.000001,0.0
07/2025,7,5.9.01.02.000001,0.0
07/2025,999,3.1.01.01.000002,0.0
07/2025,999,3.1.01.01.000003,488.8303
07/2025,999,3.1.01.01.000004,503.97853
07/2025,999,3.1.01.01.000006,21.38893
07/2025,999,3.1.01.01.000008,0.0
07/2025,999,3.1.01.01.000009,0.0
07/2025,999,3.1.01.01.000010,0.0
07/2025,999,3.1.01.01.000011,0.0
07/2025,999,3.1.01.01.000012,0.0
07/2025,999,3.1.01.01.000013,59418.24015
07/2025,999,3.1.02.01.000001,-0.5022
07/2025,999,3.1.02.02.000004,0.0
07/2025,999,3.1.02.02.000005,0.0
07/2025,999,3.1.02.02.000008,0.0
07/2025,999,3.1.02.02.000010,-0.65153
07/2025,999,3.1.02.02.000011,0.0
07/2025,999,3.1.02.02.000012,0.0
07/2025,999,3.1.02.02.000013,-2.38755
07/2025,999,3.1.02.02.000014,-1.19377
07/2025,999,3.1.03.01.000007,0.0
07/2025,999,3.1.03.01.000011,0.0
07/2025,999,3.1.03.02.000001,0.0
07/2025,999,3.1.03.02.000003,0.0
07/2025,999,3.1.03.02.000004,0.0
07/2025,999,3.1.03.03.000001,0.0
07/2025,999,3.2.01.01.000001,6977.13399
07/2025,999,3.2.01.01.000005,4.43975
07/2025,999,3.2.01.02.000001,0.0
07/2025,999,3.2.01.02.000002,30.60861
07/2025,999,3.2.01.02.000003,0.3
07/2025,999,3.2.01.02.000004,0.0
07/2025,999,3.2.01.02.000005,267.405
07/2025,999,3.2.01.02.000006,767.89337
07/2025,999,3.2.01.03.000001,0.0
07/2025,999,4.1.01.01.000001,-880.18134
07/2025,999,4.1.01.01.000002,-15.33346
07/2025,999,4.1.01.01.000003,-61.83745
07/2025,999,4.1.01.01.000004,0.0
07/2025,999,4.1.01.01.000006,0.0
07/2025,999,4.1.01.01.000007,0.0
07/2025,999,4.1.01.01.000009,-66.96566
07/2025,999,4.1.01.01.000010,0.0
07/2025,999,4.1.01.02.000001,-249.36955
07/2025,999,4.1.01.02.000002,-78.01619
07/2025,999,4.1.01.02.000003,-19.38588
07/2025,999,4.1.01.02.000004,0.0
07/2025,999,4.1.01.02.000005,0.0
07/2025,999,4.1.01.02.000007,-7.37347
07/2025,999,4.1.01.03.000001,-101.80553
07/2025,999,4.1.01.03.000003,0.0
07/2025,999,4.1.01.03.000004,-73.08055
07/2025,999,4.1.01.03.000005,0.0
07/2025,999,4.1.01.03.000006,-15.0956
07/2025,999,4.1.01.03.000008,-1.09655
07/2025,999,4.1.01.03.000009,-133.9205
07/2025,999,4.1.01.03.000010,0.0
07/2025,999,4.1.01.03.000013,0.0
07/2025,999,4.1.01.04.000002,0.0
07/2025,999,4.1.01.04.000004,-174.60984
07/2025,999,4.1.01.05.000001,-0.5452
07/2025,999,4.1.01.05.000002,-14.24736
07/2025,999,4.1.01.05.000003,-2.56519
07/2025,999,4.1.01.05.000004,-10.623
07/2025,999,4.1.01.05.000005,-8.93615
07/2025,999,4.1.01.05.000006,-700.3816
07/2025,999,4.1.01.05.000007,-12.3631
07/2025,999,4.1.01.05.000008,0.0
07/2025,999,4.1.01.05.000009,-7.681
07/2025,999,4.1.01.06.000001,-196.0059
07/2025,999,4.1.01.06.000002,-98.87855
07/2025,999,4.1.01.06.000003,0.0
07/2025,999,4.1.01.06.000004,-435.84457
07/2025,999,4.1.01.06.000007,0.0
07/2025,999,4.1.01.07.000001,-2.98744
07/2025,999,4.1.01.07.000002,-0.74504
07/2025,999,4.1.01.07.000003,-118.77232
07/2025,999,4.1.01.07.000004,-230.44022
07/2025,999,4.1.01.07.000005,-17.5
07/2025,999,4.1.01.07.000006,-16.69
07/2025,999,4.1.01.07.000007,-28.37075
07/2025,999,4.1.01.07.000008,-1.611
07/2025,999,4.1.01.07.000009,0.0
07/2025,999,4.1.01.07.000010,-4.43
07/2025,999,4.1.01.07.000011,0.0
07/2025,999,4.1.01.07.000012,-38.79892
07/2025,999,4.1.01.07.000013,-104.3197
07/2025,999,4.1.01.07.000014,-311.84148
07/2025,999,4.1.01.07.000015,0.0
07/2025,999,4.1.01.07.000016,-91.0
07/2025,999,4.1.01.07.000017,-0.5
07/2025,999,4.1.01.07.000018,-1.925
07/2025,999,4.1.01.07.000019,-26.06911
07/2025,999,4.1.01.07.000020,0.0
07/2025,999,4.1.01.08.000001,-108.8702
07/2025,999,4.1.01.08.000002,-0.385
07/2025,999,4.1.01.08.000003,-4.265
07/2025,999,4.1.01.08.000004,-4058.09287
07/2025,999,4.1.01.08.000005,-43.08344
07/2025,999,4.1.01.08.000007,-2.094
07/2025,999,4.1.01.08.000008,-1.6
07/2025,999,4.1.01.09.000004,-215.88832
07/2025,999,4.1.01.09.000006,0.0
07/2025,999,4.1.01.10.000001,0.0
07/2025,999,4.1.01.10.000003,0.0
07/2025,999,4.1.01.10.000004,0.0
07/2025,999,4.1.01.10.000005,0.0
07/2025,999,4.1.01.11.000002,-765.5113
07/2025,999,4.1.01.11.000003,0.0
07/2025,999,4.1.01.11.000004,-23.8735
07/2025,999,4.1.01.11.000007,0.0
07/2025,999,4.1.01.11.000009,-192.75762
07/2025,999,4.1.01.11.000010,0.0
07/2025,999,4.1.01.11.000017,0.0
07/2025,999,4.1.01.11.000019,0.0
07/2025,999,4.1.01.11.000020,-43.45335
07/2025,999,4.1.01.11.000021,0.0
07/2025,999,4.1.01.11.000025,0.0
07/2025,999,4.1.01.11.000026,0.0
07/2025,999,4.1.01.12.000001,-111.4558
07/2025,999,4.1.01.12.000002,-4.33922
07/2025,999,4.1.01.13.000001,-0.35476
07/2025,999,4.1.01.13.000002,0.0
07/2025,999,4.1.01.13.000003,0.0
07/2025,999,4.1.01.13.000004,0.0
07/2025,999,4.1.01.13.000005,0.0
07/2025,999,5.1.01.01.000001,-609.51758
07/2025,999,5.1.01.01.000003,0.0
07/2025,999,5.1.01.01.000004,-80.38193
07/2025,999,5.1.01.01.000005,0.0
07/2025,999,5.1.01.01.000008,0.0
07/2025,999,5.1.01.01.000012,-10.63142
07/2025,999,5.1.01.01.000020,0.0
07/2025,999,5.1.01.01.000021,0.0
07/2025,999,5.1.01.01.000022,0.0
07/2025,999,5.1.01.01.000023,-47.95271
07/2025,999,5.1.01.01.000024,0.0
07/2025,999,5.1.01.02.000001,-163.16439
07/2025,999,5.1.01.02.000002,-53.3682
07/2025,999,5.1.01.02.000003,-32.63562
07/2025,999,5.1.01.02.000005,0.0
07/2025,999,5.1.01.02.000006,0.0
07/2025,999,5.1.01.02.000007,0.0
07/2025,999,5.1.01.02.000020,0.0
07/2025,999,5.1.01.02.000021,0.0
07/2025,999,5.1.01.02.000022,0.0
07/2025,999,5.1.01.03.000001,-104.22846
07/2025,999,5.1.01.03.000004,-4.26924
07/2025,999,5.1.01.03.000006,-2.759
07/2025,999,5.1.01.03.000008,-19.97931
07/2025,999,5.1.01.03.000009,-46.812
07/2025,999,5.1.01.03.000010,-7.125
07/2025,999,5.1.01.03.000012,0.0
07/2025,999,5.1.01.03.000013,-0.10958
07/2025,999,5.1.01.03.000014,0.0
07/2025,999,5.1.01.04.000001,-3.1
07/2025,999,5.1.01.04.000002,-0.7975
07/2025,999,5.1.01.04.000003,0.0
07/2025,999,5.1.01.04.000004,-68.06807
07/2025,999,5.1.01.05.000001,-7.64843
07/2025,999,5.1.01.05.000002,-3.91165
07/2025,999,5.1.01.05.000003,0.0
07/2025,999,5.1.01.05.000004,-12.9998
07/2025,999,5.1.01.05.000005,-1.60211
07/2025,999,5.1.01.05.000006,-60.42665
07/2025,999,5.1.01.05.000007,0.0
07/2025,999,5.1.01.05.000009,-0.711
07/2025,999,5.1.01.05.000010,0.0
07/2025,999,5.1.01.06.000001,-54.59709
07/2025,999,5.1.01.06.000002,0.0
07/2025,999,5.1.01.06.000003,0.0
07/2025,999,5.1.01.06.000004,-324.72714
07/2025,999,5.1.01.06.000005,0.0
07/2025,999,5.1.01.06.000006,-113.15812
07/2025,999,5.1.01.06.000008,0.0
07/2025,999,5.1.01.07.000001,0.0
07/2025,999,5.1.01.07.000002,0.0
07/2025,999,5.1.01.07.000003,-6.15688
07/2025,999,5.1.01.07.000004,0.0
07/2025,999,5.1.01.07.000005,0.0
07/2025,999,5.1.01.07.000007,0.0
07/2025,999,5.1.01.07.000008,0.0
07/2025,999,5.1.01.07.000010,-54.87602
07/2025,999,5.1.01.07.000014,0.0
07/2025,999,5.1.01.07.000015,-2.52
07/2025,999,5.1.01.07.000020,-16.77382
07/2025,999,5.1.01.07.000021,-0.07074
07/2025,999,5.1.01.08.000001,-7.38
07/2025,999,5.1.01.08.000002,0.0
07/2025,999,5.1.01.08.000003,0.0
07/2025,999,5.1.01.08.000004,-7.68253
07/2025,999,5.1.01.08.000005,-125.78611
07/2025,999,5.1.01.09.000001,0.0
07/2025,999,5.1.01.09.000003,-21.0
07/2025,999,5.1.01.09.000005,0.0
07/2025,999,5.1.01.09.000007,0.0
07/2025,999,5.1.01.09.000008,0.0
07/2025,999,5.1.01.10.000002,0.0
07/2025,999,5.1.01.10.000003,0.0
07/2025,999,5.1.01.10.000004,0.0
07/2025,999,5.1.01.11.000001,-19.58305
07/2025,999,5.1.01.11.000003,0.0
07/2025,999,5.1.01.11.000004,0.0
07/2025,999,5.1.01.11.000006,-16.09631
07/2025,999,5.1.01.11.000007,-254.78901
07/2025,999,5.1.01.11.000008,-54.28764
07/2025,999,5.1.01.11.000010,-10.62682
07/2025,999,5.1.01.11.000012,0.0
07/2025,999,5.1.01.11.000013,0.0
07/2025,999,5.1.01.11.000014,0.0
07/2025,999,5.1.01.11.000015,0.0
07/2025,999,5.1.01.11.000021,-4.08973
07/2025,999,5.1.01.11.000022,0.0
07/2025,999,5.1.01.11.000025,0.0
07/2025,999,5.1.01.11.000026,0.0
07/2025,999,5.1.01.11.000027,-4.60604
07/2025,999,5.1.01.11.000030,0.0
07/2025,999,5.1.01.11.000031,-154.69676
07/2025,999,5.1.01.12.000003,0.0
07/2025,999,5.1.01.12.000008,0.0
07/2025,999,5.1.01.12.000009,0.0
07/2025,999,5.1.01.12.000019,0.0
07/2025,999,5.1.01.12.000021,-118.99649
07/2025,999,5.1.01.13.000001,0.0
07/2025,999,5.1.01.14.000001,0.0
07/2025,999,5.1.01.14.000002,0.0
07/2025,999,5.1.01.14.000003,-1144.20154
07/2025,999,5.1.02.01.000006,0.0
07/2025,999,5.1.02.01.000009,0.0
07/2025,999,5.1.02.01.000010,0.0
07/2025,999,5.1.02.01.000011,0.0
07/2025,999,5.1.02.01.000012,150.0
07/2025,999,5.1.03.01.000001,-53.97744
07/2025,999,5.1.03.01.000002,-7.15537
07/2025,999,5.1.03.01.000003,-219.73936
07/2025,999,5.1.03.01.000004,-14594.68128
07/2025,999,5.1.03.01.000005,-24.31758
07/2025,999,5.1.03.01.000007,-2.06616
07/2025,999,5.1.03.02.000001,-44.52117
07/2025,999,5.1.04.01.000001,-58.28876
07/2025,999,5.1.04.01.000002,0.0
07/2025,999,5.1.04.01.000004,-2338.51231
07/2025,999,5.1.04.01.000005,-30.37245
07/2025,999,5.1.04.01.000006,-58.68846
07/2025,999,5.1.04.01.000007,0.0
07/2025,999,5.1.04.01.000009,-3.5
07/2025,999,5.1.04.01.000010,0.0
07/2025,999,5.1.04.01.000011,0.0
07/2025,999,5.1.04.01.000014,-3318.42213
07/2025,999,5.1.04.01.000015,-0.44942
07/2025,999,5.1.04.01.000016,-1.04
07/2025,999,5.1.04.01.000017,-318.69931
07/2025,999,5.1.04.02.000001,159.35447
07/2025,999,5.1.04.02.000002,14.95319
07/2025,999,5.1.04.02.000003,11.50075
07/2025,999,5.2.01.01.000001,210.71035
07/2025,999,5.9.01.01.000001,0.0
07/2025,999,5.9.01.01.000002,0.0
07/2025,999,5.9.01.02.000001,0.0
07/2025,999,5.9.01.02.000002,0.0
08/2022,6,3.1.01.01.000002,4698.9588
08/2022,6,3.1.01.01.000003,0.0
08/2022,6,3.1.02.02.000002,-93.97918
08/2022,6,3.1.02.02.000003,-77.53495
08/2022,6,3.1.02.02.000004,-357.13067
08/2022,6,3.1.02.02.000009,0.0
08/2022,6,3.1.02.02.000010,0.0
08/2022,6,3.1.03.02.000003,0.0
08/2022,6,4.1.01.01.000001,-750.30521
08/2022,6,4.1.01.01.000002,-17.0
08/2022,6,4.1.01.01.000003,0.0
08/2022,6,4.1.01.01.000009,0.0
08/2022,6,4.1.01.02.000001,-204.31823
08/2022,6,4.1.01.02.000002,-54.59358
08/2022,6,4.1.01.02.000003,-7.23567
08/2022,6,4.1.01.02.000004,-0.36462
08/2022,6,4.1.01.02.000006,0.0
08/2022,6,4.1.01.02.000007,-6.0
08/2022,6,4.1.01.03.000001,-66.44529
08/2022,6,4.1.01.03.000003,0.0
08/2022,6,4.1.01.03.000004,0.0
08/2022,6,4.1.01.03.000006,-4.08687
08/2022,6,4.1.01.03.000009,-134.35629
08/2022,6,4.1.01.03.000010,-0.608
08/2022,6,4.1.01.04.000004,-3.36577
08/2022,6,4.1.01.05.000001,0.0
08/2022,6,4.1.01.05.000002,-0.9374
08/2022,6,4.1.01.05.000003,0.0
08/2022,6,4.1.01.05.000006,-1670.80455
08/2022,6,4.1.01.06.000001,-1.02
08/2022,6,4.1.01.06.000002,0.0
08/2022,6,4.1.01.06.000004,-77.3
08/2022,6,4.1.01.07.000007,0.0
08/2022,6,4.1.01.07.000012,0.0
08/2022,6,4.1.01.07.000013,0.0
08/2022,6,4.1.01.07.000014,-0.42
08/2022,6,4.1.01.08.000001,0.0
08/2022,6,4.1.01.08.000004,-252.2697
08/2022,6,4.1.01.08.000005,0.0
08/2022,6,4.1.01.08.000006,0.0
08/2022,6,4.1.01.11.000002,-95.97412
08/2022,6,4.1.01.11.000008,0.0
08/2022,6,4.1.01.11.000009,-10.6231
08/2022,6,4.1.01.11.000025,0.0
08/2022,6,5.1.01.01.000001,0.0
08/2022,6,5.1.01.01.000003,0.0
08/2022,6,5.1.01.01.000004,0.0
08/2022,6,5.1.01.02.000001,0.0
08/2022,6,5.1.01.02.000002,0.0
08/2022,6,5.1.01.02.000004,-0.39817
08/2022,6,5.1.01.02.000005,0.0
08/2022,6,5.1.01.02.000007,0.0
08/2022,6,5.1.01.03.000001,0.0
08/2022,6,5.1.01.03.000004,-4.2864
08/2022,6,5.1.01.03.000006,0.0
08/2022,6,5.1.01.03.000009,0.0
08/2022,6,5.1.01.03.000010,-7.0058
08/2022,6,5.1.01.04.000001,0.0
08/2022,6,5.1.01.04.000002,0.0
08/2022,6,5.1.01.04.000004,0.0
08/2022,6,5.1.01.05.000001,-0.48836
08/2022,6,5.1.01.05.000002,-0.2145
08/2022,6,5.1.01.05.000006,0.0
08/2022,6,5.1.01.06.000004,0.0
08/2022,6,5.1.01.06.000007,-0.355
08/2022,6,5.1.01.07.000007,0.0
08/2022,6,5.1.01.07.000012,-0.44031
08/2022,6,5.1.01.08.000001,0.0
08/2022,6,5.1.01.08.000004,0.0
08/2022,6,5.1.01.08.000005,-0.28
08/2022,6,5.1.01.11.000001,-0.14306
08/2022,6,5.1.01.11.000002,0.0
08/2022,6,5.1.01.11.000005,-2.0
08/2022,6,5.1.01.11.000006,-1.91468
08/2022,6,5.1.01.11.000007,-3.52163
08/2022,6,5.1.01.11.000008,-11.76304
08/2022,6,5.1.01.11.000009,0.0
08/2022,6,5.1.01.11.000012,0.0
08/2022,6,5.1.01.11.000014,0.0
08/2022,6,5.1.01.11.000015,0.0
08/2022,6,5.1.01.11.000016,0.0
08/2022,6,5.1.01.11.000017,0.0
08/2022,6,5.1.01.11.000021,0.0
08/2022,6,5.1.01.11.000022,-0.19291
08/2022,6,5.1.01.11.000025,0.0
08/2022,6,5.1.01.11.000027,0.0
08/2022,6,5.1.01.12.000001,-8.23927
08/2022,6,5.1.01.12.000009,0.0
08/2022,6,5.1.01.12.000011,-0.50752
08/2022,6,5.1.01.12.000020,-0.00738
08/2022,6,5.1.03.01.000004,-2092.45178
08/2022,6,5.1.04.01.000001,-1.66852
08/2022,6,5.1.04.01.000004,-44.74182
08/2022,6,5.1.04.01.000005,0.0
08/2022,6,5.1.04.01.000006,-0.00295
08/2022,6,5.1.04.01.000013,0.0
08/2022,6,5.1.04.01.000014,0.0
08/2022,6,5.1.04.02.000001,0.12894
08/2022,6,5.1.04.02.000002,1e-05
08/2022,999,3.1.01.01.000002,1315.53152
08/2022,999,3.1.01.01.000003,87.48168
08/2022,999,3.1.01.01.000004,225.53475
08/2022,999,3.1.01.01.000006,60.50236
08/2022,999,3.1.01.01.000008,0.0
08/2022,999,3.1.01.01.000009,75.0
08/2022,999,3.1.01.01.000010,120.0
08/2022,999,3.1.01.01.000011,1473.66
08/2022,999,3.1.01.01.000012,835.31011
08/2022,999,3.1.01.01.000013,58410.86612
08/2022,999,3.1.02.01.000001,-101.11693
08/2022,999,3.1.02.02.000005,-28.99585
08/2022,999,3.1.02.02.000008,-139.17776
08/2022,999,3.1.02.02.000010,-69.97318
08/2022,999,3.1.02.02.000011,-21.56941
08/2022,999,3.1.02.02.000012,-108.08935
08/2022,999,3.1.02.02.000013,-2.33141
08/2022,999,3.1.02.02.000014,-1.16571
08/2022,999,3.1.03.01.000007,0.0
08/2022,999,3.1.03.01.000011,0.0
08/2022,999,3.1.03.02.000003,0.0
08/2022,999,3.2.01.01.000001,6364.5
08/2022,999,3.2.01.01.000005,0.0
08/2022,999,3.2.01.02.000001,1983.70025
08/2022,999,3.2.01.02.000002,37.44742
08/2022,999,3.2.01.02.000003,23.14382
08/2022,999,3.2.01.02.000004,28.85459
08/2022,999,4.1.01.01.000001,-1050.62154
08/2022,999,4.1.01.01.000003,-71.86732
08/2022,999,4.1.01.01.000007,-4.41366
08/2022,999,4.1.01.02.000001,-314.68328
08/2022,999,4.1.01.02.000002,-90.29275
08/2022,999,4.1.01.02.000003,-11.90225
08/2022,999,4.1.01.02.000004,0.0
08/2022,999,4.1.01.02.000005,-94.47384
08/2022,999,4.1.01.02.000007,-12.52651
08/2022,999,4.1.01.03.000001,0.0
08/2022,999,4.1.01.03.000003,-6.84
08/2022,999,4.1.01.03.000004,-3.82476
08/2022,999,4.1.01.03.000005,-19.50318
08/2022,999,4.1.01.03.000006,0.0
08/2022,999,4.1.01.03.000008,0.0
08/2022,999,4.1.01.03.000009,-273.26736
08/2022,999,4.1.01.03.000010,-1.593
08/2022,999,4.1.01.03.000013,0.0
08/2022,999,4.1.01.04.000002,0.0
08/2022,999,4.1.01.04.000004,-61.42573
08/2022,999,4.1.01.05.000001,-6.6926
08/2022,999,4.1.01.05.000002,-15.22508
08/2022,999,4.1.01.05.000003,-4.45215
08/2022,999,4.1.01.05.000004,-33.67299
08/2022,999,4.1.01.05.000005,0.0
08/2022,999,4.1.01.05.000006,-7090.11721
08/2022,999,4.1.01.05.000007,-824.86369
08/2022,999,4.1.01.06.000001,-2.12
08/2022,999,4.1.01.06.000002,-127.7661
08/2022,999,4.1.01.06.000003,-7.50647
08/2022,999,4.1.01.06.000004,-492.8286
08/2022,999,4.1.01.07.000001,-2.88488
08/2022,999,4.1.01.07.000002,-0.19206
08/2022,999,4.1.01.07.000003,-161.61197
08/2022,999,4.1.01.07.000004,-84.12883
08/2022,999,4.1.01.07.000005,-181.703
08/2022,999,4.1.01.07.000006,-19.2
08/2022,999,4.1.01.07.000007,-4.69127
08/2022,999,4.1.01.07.000008,0.0
08/2022,999,4.1.01.07.000009,-2.1964
08/2022,999,4.1.01.07.000010,-104.78517
08/2022,999,4.1.01.07.000011,-2.1144
08/2022,999,4.1.01.07.000012,-10.71905
08/2022,999,4.1.01.07.000013,-36.73808
08/2022,999,4.1.01.07.000014,-358.81265
08/2022,999,4.1.01.07.000015,-1.748
08/2022,999,4.1.01.07.000016,-90.0
08/2022,999,4.1.01.07.000017,-9.91567
08/2022,999,4.1.01.07.000018,0.0
08/2022,999,4.1.01.07.000019,-130.52575
08/2022,999,4.1.01.08.000001,-5.76334
08/2022,999,4.1.01.08.000002,-16.54535
08/2022,999,4.1.01.08.000003,-0.204
08/2022,999,4.1.01.08.000004,-5496.7673
08/2022,999,4.1.01.08.000005,-25.22617
08/2022,999,4.1.01.09.000004,-379.0807
08/2022,999,4.1.01.10.000001,0.0
08/2022,999,4.1.01.10.000003,-0.93
08/2022,999,4.1.01.10.000004,-0.74279
08/2022,999,4.1.01.10.000005,0.0
08/2022,999,4.1.01.11.000002,-2793.40544
08/2022,999,4.1.01.11.000003,-0.1775
08/2022,999,4.1.01.11.000004,-15.47764
08/2022,999,4.1.01.11.000009,-276.79563
08/2022,999,4.1.01.11.000010,-0.78672
08/2022,999,4.1.01.11.000017,-139.85297
08/2022,999,4.1.01.11.000019,-15.31874
08/2022,999,4.1.01.11.000020,-110.00517
08/2022,999,4.1.01.11.000021,0.0
08/2022,999,4.1.01.11.000025,-0.57799
08/2022,999,4.1.01.11.000026,-0.2
08/2022,999,4.1.01.12.000001,-2810.09127
08/2022,999,4.1.01.12.000002,-2260.81085
08/2022,999,4.1.01.13.000001,-1239.12306
08/2022,999,4.1.01.13.000002,-211.01733
08/2022,999,4.1.01.13.000003,-246.35648
08/2022,999,4.1.01.13.000004,-8.07508
08/2022,999,4.1.01.13.000005,-307.90683
08/2022,999,5.1.01.01.000003,-10.0
08/2022,999,5.1.01.01.000008,-20.62036
08/2022,999,5.1.01.01.000020,-577.25344
08/2022,999,5.1.01.01.000021,-9.696
08/2022,999,5.1.01.01.000022,-41.20271
08/2022,999,5.1.01.02.000003,-6.82375
08/2022,999,5.1.01.02.000006,0.0
08/2022,999,5.1.01.02.000007,-0.9779
08/2022,999,5.1.01.02.000020,-180.4824
08/2022,999,5.1.01.02.000021,-51.76632
08/2022,999,5.1.01.02.000022,-60.7818
08/2022,999,5.1.01.03.000001,-121.02016
08/2022,999,5.1.01.03.000004,-27.57493
08/2022,999,5.1.01.03.000006,-4.12
08/2022,999,5.1.01.03.000008,-1.8
08/2022,999,5.1.01.03.000009,-196.71238
08/2022,999,5.1.01.03.000010,-21.74341
08/2022,999,5.1.01.03.000012,-0.453
08/2022,999,5.1.01.03.000013,0.0
08/2022,999,5.1.01.03.000014,-72.76445
08/2022,999,5.1.01.04.000001,0.0
08/2022,999,5.1.01.04.000002,0.0
08/2022,999,5.1.01.04.000003,-2.19468
08/2022,999,5.1.01.04.000004,-109.72474
08/2022,999,5.1.01.05.000001,-32.07192
08/2022,999,5.1.01.05.000002,-21.57666
08/2022,999,5.1.01.05.000003,-10.461
08/2022,999,5.1.01.05.000004,-56.1436
08/2022,999,5.1.01.05.000005,-0.48948
08/2022,999,5.1.01.05.000006,-0.2876
08/2022,999,5.1.01.05.000007,-0.71999
08/2022,999,5.1.01.05.000009,-0.545
08/2022,999,5.1.01.06.000001,-142.1982
08/2022,999,5.1.01.06.000002,0.0
08/2022,999,5.1.01.06.000003,-4.486
08/2022,999,5.1.01.06.000004,-133.37404
08/2022,999,5.1.01.06.000005,-37.66472
08/2022,999,5.1.01.06.000006,-108.647
08/2022,999,5.1.01.06.000008,-20.26933
08/2022,999,5.1.01.07.000001,-0.75437
08/2022,999,5.1.01.07.000002,0.0
08/2022,999,5.1.01.07.000003,-49.11522
08/2022,999,5.1.01.07.000004,-3.1566
08/2022,999,5.1.01.07.000005,-2.53682
08/2022,999,5.1.01.07.000007,-0.32799
08/2022,999,5.1.01.07.000008,-0.054
08/2022,999,5.1.01.07.000010,-133.94877
08/2022,999,5.1.01.07.000014,0.0
08/2022,999,5.1.01.07.000015,-2.80566
08/2022,999,5.1.01.07.000020,0.0
08/2022,999,5.1.01.07.000021,0.0
08/2022,999,5.1.01.08.000001,-9.305
08/2022,999,5.1.01.08.000002,-6.6
08/2022,999,5.1.01.08.000003,-54.02526
08/2022,999,5.1.01.08.000004,-2.07
08/2022,999,5.1.01.08.000005,-96.03069
08/2022,999,5.1.01.09.000001,-6.0
08/2022,999,5.1.01.09.000003,-48.201
08/2022,999,5.1.01.09.000008,-3.3
08/2022,999,5.1.01.10.000002,-0.022
08/2022,999,5.1.01.10.000003,0.0
08/2022,999,5.1.01.10.000004,-1.56403
08/2022,999,5.1.01.11.000001,-10.87196
08/2022,999,5.1.01.11.000003,-18.53789
08/2022,999,5.1.01.11.000004,-11.36989
08/2022,999,5.1.01.11.000006,-73.51351
08/2022,999,5.1.01.11.000007,-310.86999
08/2022,999,5.1.01.11.000008,-1.69745
08/2022,999,5.1.01.11.000012,0.0
08/2022,999,5.1.01.11.000013,0.0
08/2022,999,5.1.01.11.000014,-22.69776
08/2022,999,5.1.01.11.000015,0.0
08/2022,999,5.1.01.11.000021,0.0
08/2022,999,5.1.01.11.000022,-15.46542
08/2022,999,5.1.01.11.000026,-0.45679
08/2022,999,5.1.01.11.000027,-0.17821
08/2022,999,5.1.01.11.000031,-3651.38444
08/2022,999,5.1.01.12.000003,-40.2
08/2022,999,5.1.01.12.000008,-0.66683
08/2022,999,5.1.01.12.000009,-7634.81154
08/2022,999,5.1.01.12.000019,0.0
08/2022,999,5.1.02.01.000006,-7.41478
08/2022,999,5.1.03.01.000001,-2.15048
08/2022,999,5.1.03.01.000002,-2.9032
08/2022,999,5.1.03.01.000004,-23792.61436
08/2022,999,5.1.03.01.000005,-1.40416
08/2022,999,5.1.04.01.000001,-102.0352
08/2022,999,5.1.04.01.000002,-0.165
08/2022,999,5.1.04.01.000004,-2499.61733
08/2022,999,5.1.04.01.000005,-0.4338
08/2022,999,5.1.04.01.000006,-919.17403
08/2022,999,5.1.04.01.000007,-4.0
08/2022,999,5.1.04.01.000010,-19.52107
08/2022,999,5.1.04.01.000011,-388.27283
08/2022,999,5.1.04.02.000001,108.71808
08/2022,999,5.1.04.02.000002,99.74865
08/2022,999,5.1.04.02.000003,0.02
08/2023,6,3.1.01.01.000002,5206.89899
08/2023,6,3.1.01.01.000003,0.0
08/2023,6,3.1.02.02.000002,0.0
08/2023,6,3.1.02.02.000003,0.0
08/2023,6,3.1.02.02.000004,0.0
08/2023,6,3.1.02.02.000009,0.0
08/2023,6,3.1.02.02.000010,-104.13799
08/2023,6,3.1.03.02.000003,1.0
08/2023,6,3.2.01.01.000001,2560.0
08/2023,6,4.1.01.01.000001,-768.33374
08/2023,6,4.1.01.01.000002,0.0
08/2023,6,4.1.01.01.000003,-45.92841
08/2023,6,4.1.01.01.000009,-51.86672
08/2023,6,4.1.01.01.000010,0.0
08/2023,6,4.1.01.02.000001,-230.09353
08/2023,6,4.1.01.02.000002,-71.84354
08/2023,6,4.1.01.02.000003,-5.74482
08/2023,6,4.1.01.02.000004,0.0
08/2023,6,4.1.01.02.000006,0.0
08/2023,6,4.1.01.02.000007,0.0
08/2023,6,4.1.01.03.000001,-40.02
08/2023,6,4.1.01.03.000003,-0.28
08/2023,6,4.1.01.03.000004,-2.54411
08/2023,6,4.1.01.03.000006,-6.717
08/2023,6,4.1.01.03.000009,-107.80371
08/2023,6,4.1.01.03.000010,-10.43
08/2023,6,4.1.01.04.000004,-12.81175
08/2023,6,4.1.01.05.000001,-0.03905
08/2023,6,4.1.01.05.000002,-1.3278
08/2023,6,4.1.01.05.000003,0.0
08/2023,6,4.1.01.05.000006,-1500.72313
08/2023,6,4.1.01.06.000001,-2.29
08/2023,6,4.1.01.06.000002,0.0
08/2023,6,4.1.01.06.000004,-100.74
08/2023,6,4.1.01.07.000007,-0.62524
08/2023,6,4.1.01.07.000012,-3.17934
08/2023,6,4.1.01.07.000013,-0.6
08/2023,6,4.1.01.07.000014,0.0
08/2023,6,4.1.01.08.000001,0.0
08/2023,6,4.1.01.08.000004,-626.7551
08/2023,6,4.1.01.08.000005,-0.362
08/2023,6,4.1.01.08.000006,4.9
08/2023,6,4.1.01.11.000002,-202.59025
08/2023,6,4.1.01.11.000008,-28.61
08/2023,6,4.1.01.11.000009,-6.34092
08/2023,6,4.1.01.11.000025,-1.2834
08/2023,6,5.1.01.01.000001,-49.55541
08/2023,6,5.1.01.01.000003,0.0
08/2023,6,5.1.01.01.000004,-2.27276
08/2023,6,5.1.01.01.000023,0.0
08/2023,6,5.1.01.01.000024,0.0
08/2023,6,5.1.01.02.000001,-14.29496
08/2023,6,5.1.01.02.000002,-4.16224
08/2023,6,5.1.01.02.000004,0.0
08/2023,6,5.1.01.02.000005,0.0
08/2023,6,5.1.01.02.000007,-0.09662
08/2023,6,5.1.01.03.000001,0.0
08/2023,6,5.1.01.03.000004,-0.90856
08/2023,6,5.1.01.03.000006,0.0
08/2023,6,5.1.01.03.000009,-2.876
08/2023,6,5.1.01.03.000010,0.0
08/2023,6,5.1.01.04.000001,0.0
08/2023,6,5.1.01.04.000002,0.0
08/2023,6,5.1.01.04.000004,0.0
08/2023,6,5.1.01.05.000001,-0.12199
08/2023,6,5.1.01.05.000002,0.0
08/2023,6,5.1.01.05.000006,0.0
08/2023,6,5.1.01.05.000009,0.0
08/2023,6,5.1.01.06.000004,0.0
08/2023,6,5.1.01.06.000007,0.0
08/2023,6,5.1.01.07.000007,-0.43278
08/2023,6,5.1.01.07.000012,0.0
08/2023,6,5.1.01.08.000001,0.0
08/2023,6,5.1.01.08.000004,0.0
08/2023,6,5.1.01.08.000005,0.0
08/2023,6,5.1.01.11.000001,0.0
08/2023,6,5.1.01.11.000002,0.0
08/2023,6,5.1.01.11.000005,0.0
08/2023,6,5.1.01.11.000006,-0.09662
08/2023,6,5.1.01.11.000007,-0.81994
08/2023,6,5.1.01.11.000008,0.0
08/2023,6,5.1.01.11.000009,0.0
08/2023,6,5.1.01.11.000012,0.0
08/2023,6,5.1.01.11.000014,-9e-05
08/2023,6,5.1.01.11.000015,0.0
08/2023,6,5.1.01.11.000016,-66.03294
08/2023,6,5.1.01.11.000017,-304.15166
08/2023,6,5.1.01.11.000021,-0.1065
08/2023,6,5.1.01.11.000022,0.0
08/2023,6,5.1.01.11.000025,-0.33535
08/2023,6,5.1.01.11.000027,-0.15161
08/2023,6,5.1.01.12.000001,0.0
08/2023,6,5.1.01.12.000009,0.0
08/2023,6,5.1.01.12.000011,0.0
08/2023,6,5.1.01.12.000020,0.0
08/2023,6,5.1.03.01.000004,-1003.87302
08/2023,6,5.1.04.01.000001,-9.85031
08/2023,6,5.1.04.01.000004,-172.9292
08/2023,6,5.1.04.01.000005,-1e-05
08/2023,6,5.1.04.01.000006,-0.05567
08/2023,6,5.1.04.01.000013,0.0
08/2023,6,5.1.04.01.000014,-230.42273
08/2023,6,5.1.04.02.000001,0.07276
08/2023,6,5.1.04.02.000002,0.34224
08/2023,6,5.2.01.01.000001,-10.69076
08/2023,7,3.1.01.01.000005,9983.6157
08/2023,7,3.1.02.01.000001,-2.42954
08/2023,7,3.2.01.01.000003,32.5
08/2023,7,3.2.01.02.000003,0.0
08/2023,7,4.1.02.01.000001,-124.2486
08/2023,7,4.1.02.01.000003,-2.32268
08/2023,7,4.1.02.01.000009,-2.59434
08/2023,7,4.1.02.01.000010,0.0
08/2023,7,4.1.02.02.000001,-43.36149
08/2023,7,4.1.02.02.000002,-11.05674
08/2023,7,4.1.02.02.000003,-0.94739
08/2023,7,4.1.02.02.000005,-13.48175
08/2023,7,4.1.02.02.000006,0.0
08/2023,7,4.1.02.02.000008,-0.4
08/2023,7,4.1.02.03.000004,-3.75993
08/2023,7,4.1.02.03.000006,-1.897
08/2023,7,4.1.02.03.000009,-33.1481
08/2023,7,4.1.02.03.000010,-1.24357
08/2023,7,4.1.02.03.000013,-0.3024
08/2023,7,4.1.02.05.000001,-3.43957
08/2023,7,4.1.02.05.000002,-2.8038
08/2023,7,4.1.02.05.000003,-2.45447
08/2023,7,4.1.02.05.000004,-0.49
08/2023,7,4.1.02.05.000005,-0.4739
08/2023,7,4.1.02.05.000006,-8269.0221
08/2023,7,4.1.02.05.000007,-0.69066
08/2023,7,4.1.02.05.000009,-14.19189
08/2023,7,4.1.02.06.000001,-6.1
08/2023,7,4.1.02.06.000004,-279.78187
08/2023,7,4.1.02.07.000003,-34.53003
08/2023,7,4.1.02.07.000004,-1.1167
08/2023,7,4.1.02.07.000007,-0.1355
08/2023,7,4.1.02.07.000010,-17.72589
08/2023,7,4.1.02.07.000016,-97.33806
08/2023,7,4.1.02.08.000001,-7.51485
08/2023,7,4.1.02.08.000005,-9.25842
08/2023,7,5.1.01.05.000005,0.0
08/2023,7,5.1.01.05.000009,-0.345
08/2023,7,5.1.01.07.000007,-3.20879
08/2023,7,5.1.01.11.000005,-0.9
08/2023,7,5.1.01.11.000006,-5.45064
08/2023,7,5.1.01.11.000007,-1.09186
08/2023,7,5.1.01.11.000008,-3.26327
08/2023,7,5.1.01.11.000016,-0.53625
08/2023,7,5.1.01.11.000017,-2.47
08/2023,7,5.1.01.13.000001,-11.94444
08/2023,7,5.1.04.01.000001,-14.55342
08/2023,7,5.1.04.01.000002,-70.59027
08/2023,7,5.1.04.01.000004,-138.15075
08/2023,7,5.1.04.01.000005,-18.24107
08/2023,7,5.1.04.01.000006,-5.58029
08/2023,7,5.1.04.01.000014,-86.0345
08/2023,7,5.1.04.02.000001,0.0635
08/2023,7,5.1.04.02.000002,0.89713
08/2023,7,5.1.04.02.000003,0.27236
08/2023,7,5.2.01.01.000001,-124.86331
08/2023,7,5.9.01.01.000001,0.0
08/2023,7,5.9.01.02.000001,0.0
08/2023,999,3.1.01.01.000002,989.97262
08/2023,999,3.1.01.01.000003,10.665
08/2023,999,3.1.01.01.000004,27.22106
08/2023,999,3.1.01.01.000006,7.1
08/2023,999,3.1.01.01.000008,0.0
08/2023,999,3.1.01.01.000009,0.0
08/2023,999,3.1.01.01.000010,0.0
08/2023,999,3.1.01.01.000011,0.0
08/2023,999,3.1.01.01.000012,0.0
08/2023,999,3.1.01.01.000013,75834.8849
08/2023,999,3.1.02.01.000001,0.0
08/2023,999,3.1.02.02.000005,0.0
08/2023,999,3.1.02.02.000008,0.0
08/2023,999,3.1.02.02.000010,-50.03187
08/2023,999,3.1.02.02.000011,0.0
08/2023,999,3.1.02.02.000012,0.0
08/2023,999,3.1.02.02.000013,-4.15904
08/2023,999,3.1.02.02.000014,-1.81641
08/2023,999,3.1.03.01.000007,0.0
08/2023,999,3.1.03.01.000011,0.0
08/2023,999,3.1.03.02.000003,0.0
08/2023,999,3.2.01.01.000001,5724.9
08/2023,999,3.2.01.01.000005,14.436
08/2023,999,3.2.01.02.000001,853.47712
08/2023,999,3.2.01.02.000002,0.0
08/2023,999,3.2.01.02.000003,119.625
08/2023,999,3.2.01.02.000004,0.0
08/2023,999,4.1.01.01.000001,-1154.54647
08/2023,999,4.1.01.01.000002,-12.29638
08/2023,999,4.1.01.01.000003,-140.62297
08/2023,999,4.1.01.01.000007,0.0
08/2023,999,4.1.01.01.000009,-113.74395
08/2023,999,4.1.01.01.000010,0.0
08/2023,999,4.1.01.02.000001,-343.52424
08/2023,999,4.1.01.02.000002,-107.93342
08/2023,999,4.1.01.02.000003,-45.61193
08/2023,999,4.1.01.02.000004,0.0
08/2023,999,4.1.01.02.000005,0.0
08/2023,999,4.1.01.02.000007,-4.5174
08/2023,999,4.1.01.03.000001,-146.39979
08/2023,999,4.1.01.03.000003,0.0
08/2023,999,4.1.01.03.000004,-37.21425
08/2023,999,4.1.01.03.000005,-44.71802
08/2023,999,4.1.01.03.000006,-13.18
08/2023,999,4.1.01.03.000008,-4.2
08/2023,999,4.1.01.03.000009,-178.30642
08/2023,999,4.1.01.03.000010,-16.69702
08/2023,999,4.1.01.03.000013,-0.05353
08/2023,999,4.1.01.04.000002,-1.22186
08/2023,999,4.1.01.04.000004,-144.6907
08/2023,999,4.1.01.05.000001,-11.87724
08/2023,999,4.1.01.05.000002,-18.50831
08/2023,999,4.1.01.05.000003,-6.58968
08/2023,999,4.1.01.05.000004,-42.31263
08/2023,999,4.1.01.05.000005,-6.51213
08/2023,999,4.1.01.05.000006,-1916.41211
08/2023,999,4.1.01.05.000007,-472.237
08/2023,999,4.1.01.05.000008,0.0
08/2023,999,4.1.01.06.000001,-100.50634
08/2023,999,4.1.01.06.000002,-73.22467
08/2023,999,4.1.01.06.000003,0.0
08/2023,999,4.1.01.06.000004,-296.71285
08/2023,999,4.1.01.07.000001,-2.84626
08/2023,999,4.1.01.07.000002,-0.22296
08/2023,999,4.1.01.07.000003,-153.79231
08/2023,999,4.1.01.07.000004,-235.34115
08/2023,999,4.1.01.07.000005,-72.10545
08/2023,999,4.1.01.07.000006,-22.15
08/2023,999,4.1.01.07.000007,-6.44335
08/2023,999,4.1.01.07.000008,-1.74391
08/2023,999,4.1.01.07.000009,0.0
08/2023,999,4.1.01.07.000010,0.0
08/2023,999,4.1.01.07.000011,-68.80376
08/2023,999,4.1.01.07.000012,-14.46403
08/2023,999,4.1.01.07.000013,-89.10433
08/2023,999,4.1.01.07.000014,-500.94526
08/2023,999,4.1.01.07.000015,0.0
08/2023,999,4.1.01.07.000016,-36.0
08/2023,999,4.1.01.07.000017,-8.5
08/2023,999,4.1.01.07.000018,0.0
08/2023,999,4.1.01.07.000019,-1.18468
08/2023,999,4.1.01.07.000020,-10.32
08/2023,999,4.1.01.08.000001,-46.25438
08/2023,999,4.1.01.08.000002,-23.99579
08/2023,999,4.1.01.08.000003,-1.22763
08/2023,999,4.1.01.08.000004,-4861.26926
08/2023,999,4.1.01.08.000005,-96.98855
08/2023,999,4.1.01.09.000004,-166.97216
08/2023,999,4.1.01.10.000001,-2.738
08/2023,999,4.1.01.10.000003,0.0
08/2023,999,4.1.01.10.000004,-0.583
08/2023,999,4.1.01.10.000005,-0.66
08/2023,999,4.1.01.11.000002,-1079.48489
08/2023,999,4.1.01.11.000003,0.0
08/2023,999,4.1.01.11.000004,0.0
08/2023,999,4.1.01.11.000007,-0.06286
08/2023,999,4.1.01.11.000009,-153.91756
08/2023,999,4.1.01.11.000010,-11.5
08/2023,999,4.1.01.11.000017,0.0
08/2023,999,4.1.01.11.000019,0.0
08/2023,999,4.1.01.11.000020,-42.86007
08/2023,999,4.1.01.11.000021,0.0
08/2023,999,4.1.01.11.000025,-14.563
08/2023,999,4.1.01.11.000026,0.0
08/2023,999,4.1.01.12.000001,-63.20449
08/2023,999,4.1.01.12.000002,-8.6521
08/2023,999,4.1.01.13.000001,-0.30848
08/2023,999,4.1.01.13.000002,0.0
08/2023,999,4.1.01.13.000003,0.0
08/2023,999,4.1.01.13.000004,0.0
08/2023,999,4.1.01.13.000005,0.0
08/2023,999,5.1.01.01.000001,-723.18678
08/2023,999,5.1.01.01.000003,0.0
08/2023,999,5.1.01.01.000004,-47.76894
08/2023,999,5.1.01.01.000008,-1.72071
08/2023,999,5.1.01.01.000012,0.0
08/2023,999,5.1.01.01.000020,0.0
08/2023,999,5.1.01.01.000021,0.0
08/2023,999,5.1.01.01.000022,0.0
08/2023,999,5.1.01.01.000023,-72.54908
08/2023,999,5.1.01.01.000024,0.0
08/2023,999,5.1.01.02.000001,-243.39153
08/2023,999,5.1.01.02.000002,-54.93064
08/2023,999,5.1.01.02.000003,-7.77014
08/2023,999,5.1.01.02.000006,0.0
08/2023,999,5.1.01.02.000007,-5.9775
08/2023,999,5.1.01.02.000020,0.0
08/2023,999,5.1.01.02.000021,0.0
08/2023,999,5.1.01.02.000022,0.0
08/2023,999,5.1.01.03.000001,-8.77945
08/2023,999,5.1.01.03.000004,-26.7948
08/2023,999,5.1.01.03.000006,0.0
08/2023,999,5.1.01.03.000008,0.0
08/2023,999,5.1.01.03.000009,-66.00891
08/2023,999,5.1.01.03.000010,-25.45015
08/2023,999,5.1.01.03.000012,0.0
08/2023,999,5.1.01.03.000013,-0.13991
08/2023,999,5.1.01.03.000014,0.0
08/2023,999,5.1.01.04.000001,-0.4
08/2023,999,5.1.01.04.000002,-3.59407
08/2023,999,5.1.01.04.000003,0.0
08/2023,999,5.1.01.04.000004,-115.33982
08/2023,999,5.1.01.05.000001,-20.4192
08/2023,999,5.1.01.05.000002,-1.36626
08/2023,999,5.1.01.05.000003,0.0
08/2023,999,5.1.01.05.000004,-2.795
08/2023,999,5.1.01.05.000005,-1.29058
08/2023,999,5.1.01.05.000006,-5.91463
08/2023,999,5.1.01.05.000007,-4.47219
08/2023,999,5.1.01.05.000009,-0.91
08/2023,999,5.1.01.06.000001,-19.03678
08/2023,999,5.1.01.06.000002,0.0
08/2023,999,5.1.01.06.000003,0.0
08/2023,999,5.1.01.06.000004,0.0
08/2023,999,5.1.01.06.000005,-4.557
08/2023,999,5.1.01.06.000006,-115.34663
08/2023,999,5.1.01.06.000008,0.0
08/2023,999,5.1.01.07.000001,0.0
08/2023,999,5.1.01.07.000002,-0.09493
08/2023,999,5.1.01.07.000003,0.0
08/2023,999,5.1.01.07.000004,-1.77159
08/2023,999,5.1.01.07.000005,0.0
08/2023,999,5.1.01.07.000007,-2.41558
08/2023,999,5.1.01.07.000008,0.0
08/2023,999,5.1.01.07.000010,-1078.86214
08/2023,999,5.1.01.07.000014,0.0
08/2023,999,5.1.01.07.000015,-2.88
08/2023,999,5.1.01.07.000020,0.0
08/2023,999,5.1.01.07.000021,0.0
08/2023,999,5.1.01.08.000001,-0.134
08/2023,999,5.1.01.08.000002,0.0
08/2023,999,5.1.01.08.000003,0.0
08/2023,999,5.1.01.08.000004,0.0
08/2023,999,5.1.01.08.000005,0.0
08/2023,999,5.1.01.09.000001,0.0
08/2023,999,5.1.01.09.000003,-26.0
08/2023,999,5.1.01.09.000008,0.0
08/2023,999,5.1.01.10.000002,0.0
08/2023,999,5.1.01.10.000003,0.0
08/2023,999,5.1.01.10.000004,0.0
08/2023,999,5.1.01.11.000001,0.0
08/2023,999,5.1.01.11.000003,-12.6935
08/2023,999,5.1.01.11.000004,0.0
08/2023,999,5.1.01.11.000006,-33.70603
08/2023,999,5.1.01.11.000007,-110.06947
08/2023,999,5.1.01.11.000008,-20.72711
08/2023,999,5.1.01.11.000012,0.0
08/2023,999,5.1.01.11.000013,0.0
08/2023,999,5.1.01.11.000014,0.0
08/2023,999,5.1.01.11.000015,0.0
08/2023,999,5.1.01.11.000021,-66.95884
08/2023,999,5.1.01.11.000022,0.0
08/2023,999,5.1.01.11.000025,-0.05
08/2023,999,5.1.01.11.000026,0.0
08/2023,999,5.1.01.11.000027,0.0
08/2023,999,5.1.01.11.000031,0.0
08/2023,999,5.1.01.12.000003,0.0
08/2023,999,5.1.01.12.000008,0.0
08/2023,999,5.1.01.12.000009,0.0
08/2023,999,5.1.01.12.000019,0.0
08/2023,999,5.1.01.13.000001,-18.98692
08/2023,999,5.1.01.14.000001,0.0
08/2023,999,5.1.01.14.000002,0.0
08/2023,999,5.1.02.01.000006,0.0
08/2023,999,5.1.02.01.000009,0.0
08/2023,999,5.1.02.01.000010,0.0
08/2023,999,5.1.02.01.000011,0.0
08/2023,999,5.1.03.01.000001,0.0
08/2023,999,5.1.03.01.000002,0.0
08/2023,999,5.1.03.01.000003,0.0
08/2023,999,5.1.03.01.000004,-34817.98881
08/2023,999,5.1.03.01.000005,0.0
08/2023,999,5.1.03.01.000007,0.0
08/2023,999,5.1.03.02.000001,-19.85288
08/2023,999,5.1.04.01.000001,-32.62522
08/2023,999,5.1.04.01.000002,0.0
08/2023,999,5.1.04.01.000004,-4431.70494
08/2023,999,5.1.04.01.000005,-0.00049
08/2023,999,5.1.04.01.000006,-85.60903
08/2023,999,5.1.04.01.000007,0.0
08/2023,999,5.1.04.01.000010,0.0
08/2023,999,5.1.04.01.000011,-656.171
08/2023,999,5.1.04.01.000014,-8125.86561
08/2023,999,5.1.04.01.000015,-72.3163
08/2023,999,5.1.04.01.000016,-50.38
08/2023,999,5.1.04.01.000017,0.0
08/2023,999,5.1.04.02.000001,231.20809
08/2023,999,5.1.04.02.000002,59.95683
08/2023,999,5.1.04.02.000003,0.76844
08/2023,999,5.2.01.01.000001,1293.17327
08/2023,999,5.9.01.01.000001,0.0
08/2023,999,5.9.01.01.000002,0.0
08/2023,999,5.9.01.02.000001,0.0
08/2023,999,5.9.01.02.000002,0.0
08/2024,6,3.1.01.01.000002,4472.13653
08/2024,6,3.1.01.01.000003,0.0
08/2024,6,3.1.02.02.000002,0.0
08/2024,6,3.1.02.02.000003,0.0
08/2024,6,3.1.02.02.000004,0.0
08/2024,6,3.1.02.02.000009,0.0
08/2024,6,3.1.02.02.000010,-89.44274
08/2024,6,3.1.03.02.000003,0.0
08/2024,6,3.2.01.01.000001,0.0
08/2024,6,4.1.01.01.000001,-722.44727
08/2024,6,4.1.01.01.000002,-3.88704
08/2024,6,4.1.01.01.000003,-31.96417
08/2024,6,4.1.01.01.000008,0.0
08/2024,6,4.1.01.01.000009,-59.89299
08/2024,6,4.1.01.01.000010,0.0
08/2024,6,4.1.01.02.000001,-215.60934
08/2024,6,4.1.01.02.000002,-68.86548
08/2024,6,4.1.01.02.000003,0.0
08/2024,6,4.1.01.02.000004,0.0
08/2024,6,4.1.01.02.000006,0.0
08/2024,6,4.1.01.02.000007,0.0
08/2024,6,4.1.01.03.000001,-47.15296
08/2024,6,4.1.01.03.000003,-84.99647
08/2024,6,4.1.01.03.000004,-1.17249
08/2024,6,4.1.01.03.000006,-6.447
08/2024,6,4.1.01.03.000009,-16.63406
08/2024,6,4.1.01.03.000010,0.0
08/2024,6,4.1.01.04.000004,-11.2
08/2024,6,4.1.01.05.000001,-1.20195
08/2024,6,4.1.01.05.000002,0.0
08/2024,6,4.1.01.05.000003,-3.60884
08/2024,6,4.1.01.05.000006,-1479.46982
08/2024,6,4.1.01.06.000001,-4.752
08/2024,6,4.1.01.06.000002,0.0
08/2024,6,4.1.01.06.000004,0.0
08/2024,6,4.1.01.07.000007,-0.86901
08/2024,6,4.1.01.07.000012,0.0
08/2024,6,4.1.01.07.000013,0.0
08/2024,6,4.1.01.07.000014,0.0
08/2024,6,4.1.01.07.000018,-1.3
08/2024,6,4.1.01.08.000001,0.0
08/2024,6,4.1.01.08.000004,-305.65804
08/2024,6,4.1.01.08.000005,0.0
08/2024,6,4.1.01.08.000006,0.0
08/2024,6,4.1.01.11.000002,-8.99547
08/2024,6,4.1.01.11.000007,-0.66592
08/2024,6,4.1.01.11.000008,0.0
08/2024,6,4.1.01.11.000009,-0.82815
08/2024,6,4.1.01.11.000025,0.0
08/2024,6,5.1.01.01.000001,-47.33328
08/2024,6,5.1.01.01.000003,0.0
08/2024,6,5.1.01.01.000004,-3.33438
08/2024,6,5.1.01.01.000023,0.0
08/2024,6,5.1.01.01.000024,0.0
08/2024,6,5.1.01.02.000001,-13.86225
08/2024,6,5.1.01.02.000002,-3.94941
08/2024,6,5.1.01.02.000003,0.0
08/2024,6,5.1.01.02.000004,0.0
08/2024,6,5.1.01.02.000005,0.0
08/2024,6,5.1.01.02.000007,0.0
08/2024,6,5.1.01.03.000001,-3.14846
08/2024,6,5.1.01.03.000004,-2.79099
08/2024,6,5.1.01.03.000006,0.0
08/2024,6,5.1.01.03.000009,-5.03893
08/2024,6,5.1.01.03.000010,-6.44971
08/2024,6,5.1.01.04.000001,0.0
08/2024,6,5.1.01.04.000002,0.0
08/2024,6,5.1.01.04.000004,0.0
08/2024,6,5.1.01.05.000001,-0.3541
08/2024,6,5.1.01.05.000002,0.0
08/2024,6,5.1.01.05.000006,-0.81217
08/2024,6,5.1.01.05.000009,0.0
08/2024,6,5.1.01.06.000001,-11.03472
08/2024,6,5.1.01.06.000004,0.0
08/2024,6,5.1.01.06.000007,0.0
08/2024,6,5.1.01.07.000007,0.0
08/2024,6,5.1.01.07.000012,0.0
08/2024,6,5.1.01.08.000001,0.0
08/2024,6,5.1.01.08.000004,0.0
08/2024,6,5.1.01.08.000005,0.0
08/2024,6,5.1.01.11.000001,0.0
08/2024,6,5.1.01.11.000002,0.0
08/2024,6,5.1.01.11.000005,0.0
08/2024,6,5.1.01.11.000006,-7.5654
08/2024,6,5.1.01.11.000007,-0.18131
08/2024,6,5.1.01.11.000008,-17.11443
08/2024,6,5.1.01.11.000009,0.0
08/2024,6,5.1.01.11.000012,0.0
08/2024,6,5.1.01.11.000014,0.0
08/2024,6,5.1.01.11.000015,0.0
08/2024,6,5.1.01.11.000016,-9.02816
08/2024,6,5.1.01.11.000017,-41.58423
08/2024,6,5.1.01.11.000021,0.0
08/2024,6,5.1.01.11.000022,0.0
08/2024,6,5.1.01.11.000025,0.0
08/2024,6,5.1.01.11.000026,0.0
08/2024,6,5.1.01.11.000027,-0.17478
08/2024,6,5.1.01.12.000001,0.0
08/2024,6,5.1.01.12.000009,0.0
08/2024,6,5.1.01.12.000011,0.0
08/2024,6,5.1.01.12.000020,0.0
08/2024,6,5.1.01.13.000001,-9.53941
08/2024,6,5.1.03.01.000001,-0.41864
08/2024,6,5.1.03.01.000002,-0.07304
08/2024,6,5.1.03.01.000004,-289.81925
08/2024,6,5.1.03.01.000007,-0.04054
08/2024,6,5.1.04.01.000001,-17.97848
08/2024,6,5.1.04.01.000004,-133.16981
08/2024,6,5.1.04.01.000005,0.0
08/2024,6,5.1.04.01.000006,-0.01588
08/2024,6,5.1.04.01.000013,0.0
08/2024,6,5.1.04.01.000014,-264.70689
08/2024,6,5.1.04.02.000001,0.02518
08/2024,6,5.1.04.02.000002,0.39527
08/2024,6,5.2.01.01.000001,-0.0
08/2024,7,3.1.01.01.000005,9694.31468
08/2024,7,3.1.02.01.000001,0.0
08/2024,7,3.2.01.01.000003,60.0
08/2024,7,3.2.01.02.000002,8.00367
08/2024,7,3.2.01.02.000003,0.0
08/2024,7,4.1.02.01.000001,-131.67825
08/2024,7,4.1.02.01.000003,-0.8249
08/2024,7,4.1.02.01.000008,1.97084
08/2024,7,4.1.02.01.000009,-20.56769
08/2024,7,4.1.02.01.000010,-40.63896
08/2024,7,4.1.02.02.000001,-42.86804
08/2024,7,4.1.02.02.000002,-12.16205
08/2024,7,4.1.02.02.000003,0.0
08/2024,7,4.1.02.02.000005,0.0
08/2024,7,4.1.02.02.000006,0.0
08/2024,7,4.1.02.02.000007,-1.6
08/2024,7,4.1.02.02.000008,0.0
08/2024,7,4.1.02.03.000001,0.0
08/2024,7,4.1.02.03.000004,-16.854
08/2024,7,4.1.02.03.000005,-58.86603
08/2024,7,4.1.02.03.000006,-3.248
08/2024,7,4.1.02.03.000009,-34.2681
08/2024,7,4.1.02.03.000010,-11.61206
08/2024,7,4.1.02.03.000013,0.0
08/2024,7,4.1.02.04.000003,0.0
08/2024,7,4.1.02.04.000004,-2.32996
08/2024,7,4.1.02.05.000001,-5.59826
08/2024,7,4.1.02.05.000002,-3.90685
08/2024,7,4.1.02.05.000003,-0.051
08/2024,7,4.1.02.05.000004,-0.859
08/2024,7,4.1.02.05.000005,-1.5667
08/2024,7,4.1.02.05.000006,-8289.69178
08/2024,7,4.1.02.05.000007,0.0
08/2024,7,4.1.02.05.000009,-6.39597
08/2024,7,4.1.02.05.000010,-4.4786
08/2024,7,4.1.02.06.000001,-10.30145
08/2024,7,4.1.02.06.000004,0.0
08/2024,7,4.1.02.07.000003,-41.48366
08/2024,7,4.1.02.07.000004,-1.122
08/2024,7,4.1.02.07.000006,-1.44
08/2024,7,4.1.02.07.000007,-0.50207
08/2024,7,4.1.02.07.000010,-9.5081
08/2024,7,4.1.02.07.000016,-95.0278
08/2024,7,4.1.02.08.000001,-19.74576
08/2024,7,4.1.02.08.000002,-1.202
08/2024,7,4.1.02.08.000005,-13.88976
08/2024,7,5.1.01.04.000002,-0.252
08/2024,7,5.1.01.04.000003,0.0
08/2024,7,5.1.01.05.000005,0.0
08/2024,7,5.1.01.05.000009,-0.37063
08/2024,7,5.1.01.07.000007,0.0
08/2024,7,5.1.01.07.000010,0.0
08/2024,7,5.1.01.07.000015,-1.6
08/2024,7,5.1.01.07.000021,-0.24899
08/2024,7,5.1.01.09.000003,-2.0
08/2024,7,5.1.01.09.000008,-9.50698
08/2024,7,5.1.01.11.000001,-3.43074
08/2024,7,5.1.01.11.000005,0.0
08/2024,7,5.1.01.11.000006,-3.32818
08/2024,7,5.1.01.11.000007,-1.07265
08/2024,7,5.1.01.11.000008,-0.29362
08/2024,7,5.1.01.11.000016,-0.99
08/2024,7,5.1.01.11.000017,-4.56
08/2024,7,5.1.01.11.000027,-0.1573
08/2024,7,5.1.01.13.000001,-5.0
08/2024,7,5.1.02.01.000009,0.0
08/2024,7,5.1.02.01.000010,0.0
08/2024,7,5.1.02.01.000011,0.0
08/2024,7,5.1.04.01.000001,-25.36395
08/2024,7,5.1.04.01.000002,0.0
08/2024,7,5.1.04.01.000003,-93.66971
08/2024,7,5.1.04.01.000004,-60.49247
08/2024,7,5.1.04.01.000005,-0.07503
08/2024,7,5.1.04.01.000006,-3.16364
08/2024,7,5.1.04.01.000014,-28.52429
08/2024,7,5.1.04.02.000001,0.11704
08/2024,7,5.1.04.02.000002,30.61456
08/2024,7,5.1.04.02.000003,0.16988
08/2024,7,5.2.01.01.000001,122.33487
08/2024,7,5.9.01.01.000001,0.0
08/2024,7,5.9.01.02.000001,0.0
08/2024,999,3.1.01.01.000002,0.0
08/2024,999,3.1.01.01.000003,31.71334
08/2024,999,3.1.01.01.000004,36.29824
08/2024,999,3.1.01.01.000006,3.65
08/2024,999,3.1.01.01.000008,0.0
08/2024,999,3.1.01.01.000009,0.0
08/2024,999,3.1.01.01.000010,0.0
08/2024,999,3.1.01.01.000011,0.0
08/2024,999,3.1.01.01.000012,0.0
08/2024,999,3.1.01.01.000013,67494.20941
08/2024,999,3.1.02.01.000001,0.0
08/2024,999,3.1.02.02.000004,0.0
08/2024,999,3.1.02.02.000005,0.0
08/2024,999,3.1.02.02.000008,0.0
08/2024,999,3.1.02.02.000010,-1.58567
08/2024,999,3.1.02.02.000011,0.0
08/2024,999,3.1.02.02.000012,0.0
08/2024,999,3.1.02.02.000013,-3.08998
08/2024,999,3.1.02.02.000014,-1.54501
08/2024,999,3.1.03.01.000007,0.0
08/2024,999,3.1.03.01.000011,0.0
08/2024,999,3.1.03.02.000003,0.0
08/2024,999,3.2.01.01.000001,5287.0
08/2024,999,3.2.01.01.000005,11.79
08/2024,999,3.2.01.02.000001,0.0
08/2024,999,3.2.01.02.000002,189.28749
08/2024,999,3.2.01.02.000003,0.0
08/2024,999,3.2.01.02.000004,140.78471
08/2024,999,3.2.01.02.000006,47.0
08/2024,999,3.2.01.03.000001,0.0
08/2024,999,4.1.01.01.000001,-1006.84619
08/2024,999,4.1.01.01.000002,-1.0
08/2024,999,4.1.01.01.000003,-100.9853
08/2024,999,4.1.01.01.000006,0.0
08/2024,999,4.1.01.01.000007,0.0
08/2024,999,4.1.01.01.000009,-113.21271
08/2024,999,4.1.01.01.000010,0.0
08/2024,999,4.1.01.02.000001,-297.13107
08/2024,999,4.1.01.02.000002,-91.46117
08/2024,999,4.1.01.02.000003,-28.59152
08/2024,999,4.1.01.02.000004,0.0
08/2024,999,4.1.01.02.000005,0.0
08/2024,999,4.1.01.02.000007,-7.0673
08/2024,999,4.1.01.03.000001,-92.44848
08/2024,999,4.1.01.03.000003,0.0
08/2024,999,4.1.01.03.000004,-79.74251
08/2024,999,4.1.01.03.000005,-531.62524
08/2024,999,4.1.01.03.000006,-8.78949
08/2024,999,4.1.01.03.000008,-0.56848
08/2024,999,4.1.01.03.000009,-196.21153
08/2024,999,4.1.01.03.000010,-1.50141
08/2024,999,4.1.01.03.000013,0.0
08/2024,999,4.1.01.04.000002,-1.38445
08/2024,999,4.1.01.04.000004,-184.34374
08/2024,999,4.1.01.05.000001,-13.03547
08/2024,999,4.1.01.05.000002,-19.65364
08/2024,999,4.1.01.05.000003,-0.98691
08/2024,999,4.1.01.05.000004,-22.0155
08/2024,999,4.1.01.05.000005,-8.42334
08/2024,999,4.1.01.05.000006,-284.9701
08/2024,999,4.1.01.05.000007,-34.64357
08/2024,999,4.1.01.05.000008,-0.0899
08/2024,999,4.1.01.05.000009,0.0
08/2024,999,4.1.01.06.000001,-164.58562
08/2024,999,4.1.01.06.000002,-84.20719
08/2024,999,4.1.01.06.000003,0.0
08/2024,999,4.1.01.06.000004,-267.81488
08/2024,999,4.1.01.07.000001,-2.14944
08/2024,999,4.1.01.07.000002,-0.89745
08/2024,999,4.1.01.07.000003,-152.39711
08/2024,999,4.1.01.07.000004,-31.77346
08/2024,999,4.1.01.07.000005,-243.00509
08/2024,999,4.1.01.07.000006,-21.55
08/2024,999,4.1.01.07.000007,-23.56086
08/2024,999,4.1.01.07.000008,-2.24278
08/2024,999,4.1.01.07.000009,0.0
08/2024,999,4.1.01.07.000010,-49.13124
08/2024,999,4.1.01.07.000011,0.0
08/2024,999,4.1.01.07.000012,-55.90972
08/2024,999,4.1.01.07.000013,-88.17767
08/2024,999,4.1.01.07.000014,-390.915
08/2024,999,4.1.01.07.000015,0.0
08/2024,999,4.1.01.07.000016,-104.0
08/2024,999,4.1.01.07.000017,0.0
08/2024,999,4.1.01.07.000018,-0.75
08/2024,999,4.1.01.07.000019,-5.397
08/2024,999,4.1.01.07.000020,0.0
08/2024,999,4.1.01.08.000001,-27.48763
08/2024,999,4.1.01.08.000002,0.0
08/2024,999,4.1.01.08.000003,-0.14
08/2024,999,4.1.01.08.000004,-4777.18251
08/2024,999,4.1.01.08.000005,-47.42497
08/2024,999,4.1.01.08.000007,0.0
08/2024,999,4.1.01.09.000004,-145.94414
08/2024,999,4.1.01.09.000006,-0.76989
08/2024,999,4.1.01.10.000001,0.0
08/2024,999,4.1.01.10.000003,0.0
08/2024,999,4.1.01.10.000004,0.0
08/2024,999,4.1.01.10.000005,0.0
08/2024,999,4.1.01.11.000002,-1278.42284
08/2024,999,4.1.01.11.000003,0.0
08/2024,999,4.1.01.11.000004,0.0
08/2024,999,4.1.01.11.000007,0.0
08/2024,999,4.1.01.11.000009,-332.57956
08/2024,999,4.1.01.11.000010,0.0
08/2024,999,4.1.01.11.000017,0.0
08/2024,999,4.1.01.11.000019,-8.14085
08/2024,999,4.1.01.11.000020,-7.31408
08/2024,999,4.1.01.11.000021,0.0
08/2024,999,4.1.01.11.000025,-4.1946
08/2024,999,4.1.01.11.000026,0.0
08/2024,999,4.1.01.12.000001,-128.08326
08/2024,999,4.1.01.12.000002,-40.47303
08/2024,999,4.1.01.13.000001,0.0
08/2024,999,4.1.01.13.000002,0.0
08/2024,999,4.1.01.13.000003,0.0
08/2024,999,4.1.01.13.000004,0.0
08/2024,999,4.1.01.13.000005,0.0
08/2024,999,5.1.01.01.000001,-780.2841
08/2024,999,5.1.01.01.000003,0.0
08/2024,999,5.1.01.01.000004,-45.84588
08/2024,999,5.1.01.01.000008,0.0
08/2024,999,5.1.01.01.000012,-11.2976
08/2024,999,5.1.01.01.000020,0.0
08/2024,999,5.1.01.01.000021,0.0
08/2024,999,5.1.01.01.000022,0.0
08/2024,999,5.1.01.01.000023,-65.76075
08/2024,999,5.1.01.01.000024,0.0
08/2024,999,5.1.01.02.000001,-234.19896
08/2024,999,5.1.01.02.000002,-71.44849
08/2024,999,5.1.01.02.000003,-16.22208
08/2024,999,5.1.01.02.000006,0.0
08/2024,999,5.1.01.02.000007,0.0
08/2024,999,5.1.01.02.000020,0.0
08/2024,999,5.1.01.02.000021,0.0
08/2024,999,5.1.01.02.000022,0.0
08/2024,999,5.1.01.03.000001,-85.91534
08/2024,999,5.1.01.03.000004,-38.31595
08/2024,999,5.1.01.03.000006,-3.995
08/2024,999,5.1.01.03.000008,-4.22825
08/2024,999,5.1.01.03.000009,-112.79821
08/2024,999,5.1.01.03.000010,-69.44955
08/2024,999,5.1.01.03.000012,0.0
08/2024,999,5.1.01.03.000013,0.0
08/2024,999,5.1.01.03.000014,0.0
08/2024,999,5.1.01.04.000001,0.0
08/2024,999,5.1.01.04.000002,-0.12314
08/2024,999,5.1.01.04.000003,0.0
08/2024,999,5.1.01.04.000004,-159.13674
08/2024,999,5.1.01.05.000001,-50.01681
08/2024,999,5.1.01.05.000002,-1.20325
08/2024,999,5.1.01.05.000003,-0.58
08/2024,999,5.1.01.05.000004,-2.51517
08/2024,999,5.1.01.05.000005,-4.65523
08/2024,999,5.1.01.05.000006,-35.37536
08/2024,999,5.1.01.05.000007,-2.91542
08/2024,999,5.1.01.05.000009,-0.58213
08/2024,999,5.1.01.06.000001,-246.99115
08/2024,999,5.1.01.06.000002,0.0
08/2024,999,5.1.01.06.000003,0.0
08/2024,999,5.1.01.06.000004,-112.51842
08/2024,999,5.1.01.06.000005,0.0
08/2024,999,5.1.01.06.000006,-137.0408
08/2024,999,5.1.01.06.000008,0.0
08/2024,999,5.1.01.07.000001,0.0
08/2024,999,5.1.01.07.000002,0.0
08/2024,999,5.1.01.07.000003,0.0
08/2024,999,5.1.01.07.000004,0.0
08/2024,999,5.1.01.07.000005,-6.59007
08/2024,999,5.1.01.07.000007,0.0
08/2024,999,5.1.01.07.000008,0.0
08/2024,999,5.1.01.07.000010,-210.67104
08/2024,999,5.1.01.07.000014,0.0
08/2024,999,5.1.01.07.000015,-2.88
08/2024,999,5.1.01.07.000020,0.0
08/2024,999,5.1.01.07.000021,-2.1124
08/2024,999,5.1.01.08.000001,-4.90679
08/2024,999,5.1.01.08.000002,0.0
08/2024,999,5.1.01.08.000003,0.0
08/2024,999,5.1.01.08.000004,-7.34342
08/2024,999,5.1.01.08.000005,-66.42244
08/2024,999,5.1.01.09.000001,0.0
08/2024,999,5.1.01.09.000003,-35.4028
08/2024,999,5.1.01.09.000005,0.0
08/2024,999,5.1.01.09.000008,-0.52455
08/2024,999,5.1.01.10.000002,0.0
08/2024,999,5.1.01.10.000003,0.0
08/2024,999,5.1.01.10.000004,0.0
08/2024,999,5.1.01.11.000001,-6.17541
08/2024,999,5.1.01.11.000003,0.0
08/2024,999,5.1.01.11.000004,0.0
08/2024,999,5.1.01.11.000006,-67.03649
08/2024,999,5.1.01.11.000007,-21.7824
08/2024,999,5.1.01.11.000008,-7.37149
08/2024,999,5.1.01.11.000010,0.0
08/2024,999,5.1.01.11.000012,0.0
08/2024,999,5.1.01.11.000013,0.0
08/2024,999,5.1.01.11.000014,0.0
08/2024,999,5.1.01.11.000015,0.0
08/2024,999,5.1.01.11.000021,0.0
08/2024,999,5.1.01.11.000022,0.0
08/2024,999,5.1.01.11.000025,0.0
08/2024,999,5.1.01.11.000026,0.0
08/2024,999,5.1.01.11.000027,-0.62445
08/2024,999,5.1.01.11.000031,0.0
08/2024,999,5.1.01.12.000003,0.0
08/2024,999,5.1.01.12.000008,0.0
08/2024,999,5.1.01.12.000009,0.0
08/2024,999,5.1.01.12.000019,0.0
08/2024,999,5.1.01.13.000001,-17.11795
08/2024,999,5.1.01.14.000001,0.0
08/2024,999,5.1.01.14.000002,0.0
08/2024,999,5.1.01.14.000003,-495.02232
08/2024,999,5.1.02.01.000006,0.0
08/2024,999,5.1.02.01.000009,0.0
08/2024,999,5.1.02.01.000010,-427.18015
08/2024,999,5.1.02.01.000011,0.0
08/2024,999,5.1.02.01.000012,0.0
08/2024,999,5.1.03.01.000001,-59.88839
08/2024,999,5.1.03.01.000002,-7.145
08/2024,999,5.1.03.01.000003,-251.13064
08/2024,999,5.1.03.01.000004,-18327.24327
08/2024,999,5.1.03.01.000005,-26.08834
08/2024,999,5.1.03.01.000007,-1.67604
08/2024,999,5.1.03.02.000001,-28.31806
08/2024,999,5.1.04.01.000001,-72.98781
08/2024,999,5.1.04.01.000002,0.0
08/2024,999,5.1.04.01.000004,-1855.22125
08/2024,999,5.1.04.01.000005,-19.4538
08/2024,999,5.1.04.01.000006,-239.24749
08/2024,999,5.1.04.01.000007,0.0
08/2024,999,5.1.04.01.000009,0.0
08/2024,999,5.1.04.01.000010,0.0
08/2024,999,5.1.04.01.000011,0.0
08/2024,999,5.1.04.01.000014,-5071.37022
08/2024,999,5.1.04.01.000015,-0.0515
08/2024,999,5.1.04.01.000016,-1.0895
08/2024,999,5.1.04.01.000017,-637.79377
08/2024,999,5.1.04.02.000001,229.06077
08/2024,999,5.1.04.02.000002,17.91091
08/2024,999,5.1.04.02.000003,0.10971
08/2024,999,5.2.01.01.000001,50.01594
08/2024,999,5.9.01.01.000001,0.0
08/2024,999,5.9.01.01.000002,0.0
08/2024,999,5.9.01.02.000001,0.0
08/2024,999,5.9.01.02.000002,0.0
08/2025,6,3.1.01.01.000002,4338.91791
08/2025,6,3.1.01.01.000003,0.0
08/2025,6,3.1.01.01.000013,375.0
08/2025,6,3.1.02.02.000002,0.0
08/2025,6,3.1.02.02.000003,0.0
08/2025,6,3.1.02.02.000004,0.0
08/2025,6,3.1.02.02.000009,0.0
08/2025,6,3.1.02.02.000010,-85.27839
08/2025,6,3.1.03.02.000003,0.0
08/2025,6,3.1.03.03.000001,0.0
08/2025,6,3.2.01.01.000001,0.0
08/2025,6,3.2.01.02.000002,0.9094
08/2025,6,4.1.01.01.000001,-670.12953
08/2025,6,4.1.01.01.000002,-27.5
08/2025,6,4.1.01.01.000003,-289.3856
08/2025,6,4.1.01.01.000006,-4.15869
08/2025,6,4.1.01.01.000008,0.0
08/2025,6,4.1.01.01.000009,-56.80063
08/2025,6,4.1.01.01.000010,0.0
08/2025,6,4.1.01.02.000001,-184.38328
08/2025,6,4.1.01.02.000002,-81.65922
08/2025,6,4.1.01.02.000003,-68.54563
08/2025,6,4.1.01.02.000004,0.0
08/2025,6,4.1.01.02.000006,0.0
08/2025,6,4.1.01.02.000007,0.0
08/2025,6,4.1.01.03.000001,-46.65903
08/2025,6,4.1.01.03.000003,0.0
08/2025,6,4.1.01.03.000004,-3.41311
08/2025,6,4.1.01.03.000006,-17.452
08/2025,6,4.1.01.03.000009,-88.74885
08/2025,6,4.1.01.03.000010,-5.22
08/2025,6,4.1.01.04.000004,-12.99944
08/2025,6,4.1.01.05.000001,0.0
08/2025,6,4.1.01.05.000002,0.0
08/2025,6,4.1.01.05.000003,0.0
08/2025,6,4.1.01.05.000006,-1342.79556
08/2025,6,4.1.01.06.000001,-6.752
08/2025,6,4.1.01.06.000002,0.0
08/2025,6,4.1.01.06.000004,-16.89468
08/2025,6,4.1.01.07.000007,0.0
08/2025,6,4.1.01.07.000012,-4.17666
08/2025,6,4.1.01.07.000013,0.0
08/2025,6,4.1.01.07.000014,0.0
08/2025,6,4.1.01.07.000018,0.0
08/2025,6,4.1.01.08.000001,0.0
08/2025,6,4.1.01.08.000004,-324.36404
08/2025,6,4.1.01.08.000005,0.0
08/2025,6,4.1.01.08.000006,0.0
08/2025,6,4.1.01.11.000002,-285.3028
08/2025,6,4.1.01.11.000007,0.0
08/2025,6,4.1.01.11.000008,0.0
08/2025,6,4.1.01.11.000009,-3.96258
08/2025,6,4.1.01.11.000025,0.0
08/2025,6,5.1.01.01.000001,0.0
08/2025,6,5.1.01.01.000003,0.0
08/2025,6,5.1.01.01.000004,0.0
08/2025,6,5.1.01.01.000023,0.0
08/2025,6,5.1.01.01.000024,0.0
08/2025,6,5.1.01.02.000001,0.0
08/2025,6,5.1.01.02.000002,0.0
08/2025,6,5.1.01.02.000003,0.0
08/2025,6,5.1.01.02.000004,0.0
08/2025,6,5.1.01.02.000005,0.0
08/2025,6,5.1.01.02.000007,0.0
08/2025,6,5.1.01.03.000001,0.0
08/2025,6,5.1.01.03.000004,0.0
08/2025,6,5.1.01.03.000006,0.0
08/2025,6,5.1.01.03.000009,0.0
08/2025,6,5.1.01.03.000010,0.0
08/2025,6,5.1.01.04.000001,0.0
08/2025,6,5.1.01.04.000002,0.0
08/2025,6,5.1.01.04.000004,0.0
08/2025,6,5.1.01.05.000001,0.0
08/2025,6,5.1.01.05.000002,0.0
08/2025,6,5.1.01.05.000006,0.0
08/2025,6,5.1.01.05.000009,0.0
08/2025,6,5.1.01.06.000001,0.0
08/2025,6,5.1.01.06.000004,0.0
08/2025,6,5.1.01.06.000007,0.0
08/2025,6,5.1.01.07.000007,0.0
08/2025,6,5.1.01.07.000012,0.0
08/2025,6,5.1.01.08.000001,0.0
08/2025,6,5.1.01.08.000004,0.0
08/2025,6,5.1.01.08.000005,0.0
08/2025,6,5.1.01.11.000001,0.0
08/2025,6,5.1.01.11.000002,0.0
08/2025,6,5.1.01.11.000005,0.0
08/2025,6,5.1.01.11.000006,0.0
08/2025,6,5.1.01.11.000007,-0.38634
08/2025,6,5.1.01.11.000008,-40.3621
08/2025,6,5.1.01.11.000009,0.0
08/2025,6,5.1.01.11.000012,0.0
08/2025,6,5.1.01.11.000014,0.0
08/2025,6,5.1.01.11.000015,0.0
08/2025,6,5.1.01.11.000016,-24.03397
08/2025,6,5.1.01.11.000017,-110.70192
08/2025,6,5.1.01.11.000021,0.0
08/2025,6,5.1.01.11.000022,0.0
08/2025,6,5.1.01.11.000025,0.0
08/2025,6,5.1.01.11.000026,-8.89731
08/2025,6,5.1.01.11.000027,-0.16354
08/2025,6,5.1.01.12.000001,0.0
08/2025,6,5.1.01.12.000009,0.0
08/2025,6,5.1.01.12.000011,0.0
08/2025,6,5.1.01.12.000020,0.0
08/2025,6,5.1.01.13.000001,0.0
08/2025,6,5.1.03.01.000001,-0.41872
08/2025,6,5.1.03.01.000002,-0.07304
08/2025,6,5.1.03.01.000004,-24.0
08/2025,6,5.1.03.01.000007,-0.11528
08/2025,6,5.1.04.01.000001,-9.09365
08/2025,6,5.1.04.01.000004,-324.3868
08/2025,6,5.1.04.01.000005,0.0
08/2025,6,5.1.04.01.000006,-0.03926
08/2025,6,5.1.04.01.000011,-160.0
08/2025,6,5.1.04.01.000013,0.0
08/2025,6,5.1.04.01.000014,-160.62293
08/2025,6,5.1.04.02.000001,0.0687
08/2025,6,5.1.04.02.000002,0.02025
08/2025,6,5.1.04.02.000003,55.70942
08/2025,6,5.2.01.01.000001,2.95483
08/2025,7,3.1.01.01.000005,14858.13686
08/2025,7,3.1.02.01.000001,0.0
08/2025,7,3.2.01.01.000003,59.0
08/2025,7,3.2.01.02.000002,12.80601
08/2025,7,3.2.01.02.000003,0.0
08/2025,7,4.1.01.08.000005,-6.6
08/2025,7,4.1.02.01.000001,-145.64582
08/2025,7,4.1.02.01.000003,0.0
08/2025,7,4.1.02.01.000008,0.0
08/2025,7,4.1.02.01.000009,-19.04501
08/2025,7,4.1.02.01.000010,-35.78484
08/2025,7,4.1.02.02.000001,-45.43227
08/2025,7,4.1.02.02.000002,-13.37727
08/2025,7,4.1.02.02.000003,0.0
08/2025,7,4.1.02.02.000005,0.0
08/2025,7,4.1.02.02.000006,0.0
08/2025,7,4.1.02.02.000007,-1.6
08/2025,7,4.1.02.02.000008,0.0
08/2025,7,4.1.02.03.000001,0.0
08/2025,7,4.1.02.03.000004,-16.437
08/2025,7,4.1.02.03.000005,0.0
08/2025,7,4.1.02.03.000006,-4.438
08/2025,7,4.1.02.03.000009,-28.315
08/2025,7,4.1.02.03.000010,0.0
08/2025,7,4.1.02.03.000013,0.0
08/2025,7,4.1.02.04.000003,-29.6463
08/2025,7,4.1.02.04.000004,0.0
08/2025,7,4.1.02.05.000001,-5.39722
08/2025,7,4.1.02.05.000002,-3.37197
08/2025,7,4.1.02.05.000003,-2.9895
08/2025,7,4.1.02.05.000004,-0.938
08/2025,7,4.1.02.05.000005,-1.87607
08/2025,7,4.1.02.05.000006,-10925.31021
08/2025,7,4.1.02.05.000007,0.0
08/2025,7,4.1.02.05.000009,-8.83342
08/2025,7,4.1.02.05.000010,0.0
08/2025,7,4.1.02.06.000001,-16.4588
08/2025,7,4.1.02.06.000004,0.0
08/2025,7,4.1.02.07.000003,-45.18547
08/2025,7,4.1.02.07.000004,-0.98152
08/2025,7,4.1.02.07.000006,-6.64
08/2025,7,4.1.02.07.000007,0.0
08/2025,7,4.1.02.07.000010,0.0
08/2025,7,4.1.02.07.000016,-100.18606
08/2025,7,4.1.02.08.000001,-19.62313
08/2025,7,4.1.02.08.000002,-0.15
08/2025,7,4.1.02.08.000005,-11.39625
08/2025,7,5.1.01.04.000002,-0.179
08/2025,7,5.1.01.04.000003,0.0
08/2025,7,5.1.01.05.000001,0.0
08/2025,7,5.1.01.05.000003,0.0
08/2025,7,5.1.01.05.000005,0.0
08/2025,7,5.1.01.05.000009,-0.3555
08/2025,7,5.1.01.07.000007,0.0
08/2025,7,5.1.01.07.000010,-10.2323
08/2025,7,5.1.01.07.000015,-1.6
08/2025,7,5.1.01.07.000021,-0.5
08/2025,7,5.1.01.08.000005,0.0
08/2025,7,5.1.01.09.000003,-0.628
08/2025,7,5.1.01.09.000008,0.0
08/2025,7,5.1.01.11.000001,-3.77968
08/2025,7,5.1.01.11.000005,0.0
08/2025,7,5.1.01.11.000006,-3.08278
08/2025,7,5.1.01.11.000007,-0.72693
08/2025,7,5.1.01.11.000008,-0.36482
08/2025,7,5.1.01.11.000016,-0.9735
08/2025,7,5.1.01.11.000017,-4.484
08/2025,7,5.1.01.11.000027,-0.16354
08/2025,7,5.1.01.13.000001,0.0
08/2025,7,5.1.01.14.000003,0.0
08/2025,7,5.1.02.01.000009,0.0
08/2025,7,5.1.02.01.000010,0.0
08/2025,7,5.1.02.01.000011,0.0
08/2025,7,5.1.04.01.000001,-36.56082
08/2025,7,5.1.04.01.000002,-381.47926
08/2025,7,5.1.04.01.000003,0.0
08/2025,7,5.1.04.01.000004,-48.44228
08/2025,7,5.1.04.01.000005,-0.28777
08/2025,7,5.1.04.01.000006,-0.07613
08/2025,7,5.1.04.01.000014,0.0
08/2025,7,5.1.04.02.000001,0.08898
08/2025,7,5.1.04.02.000002,7e-05
08/2025,7,5.1.04.02.000003,0.17389
08/2025,7,5.2.01.01.000001,0.0
08/2025,7,5.9.01.01.000001,0.0
08/2025,7,5.9.01.02.000001,0.0
08/2025,999,3.1.01.01.000002,0.0
08/2025,999,3.1.01.01.000003,493.4163
08/2025,999,3.1.01.01.000004,505.99755
08/2025,999,3.1.01.01.000006,25.37226
08/2025,999,3.1.01.01.000008,0.0
08/2025,999,3.1.01.01.000009,0.0
08/2025,999,3.1.01.01.000010,0.0
08/2025,999,3.1.01.01.000011,0.0
08/2025,999,3.1.01.01.000012,0.0
08/2025,999,3.1.01.01.000013,67955.99784
08/2025,999,3.1.02.01.000001,-0.5022
08/2025,999,3.1.02.02.000004,0.0
08/2025,999,3.1.02.02.000005,0.0
08/2025,999,3.1.02.02.000008,0.0
08/2025,999,3.1.02.02.000010,-0.88083
08/2025,999,3.1.02.02.000011,0.0
08/2025,999,3.1.02.02.000012,0.0
08/2025,999,3.1.02.02.000013,-2.56035
08/2025,999,3.1.02.02.000014,-1.28017
08/2025,999,3.1.03.01.000007,0.0
08/2025,999,3.1.03.01.000011,0.0
08/2025,999,3.1.03.02.000001,0.0
08/2025,999,3.1.03.02.000003,0.0
08/2025,999,3.1.03.02.000004,0.0
08/2025,999,3.1.03.03.000001,0.0
08/2025,999,3.2.01.01.000001,7528.13399
08/2025,999,3.2.01.01.000005,4.60975
08/2025,999,3.2.01.02.000001,0.0
08/2025,999,3.2.01.02.000002,30.60861
08/2025,999,3.2.01.02.000003,0.3
08/2025,999,3.2.01.02.000004,0.0
08/2025,999,3.2.01.02.000005,267.405
08/2025,999,3.2.01.02.000006,1671.00098
08/2025,999,3.2.01.03.000001,0.0
08/2025,999,4.1.01.01.000001,-998.31697
08/2025,999,4.1.01.01.000002,-15.33346
08/2025,999,4.1.01.01.000003,-61.83745
08/2025,999,4.1.01.01.000004,0.0
08/2025,999,4.1.01.01.000006,0.0
08/2025,999,4.1.01.01.000007,0.0
08/2025,999,4.1.01.01.000009,-87.72407
08/2025,999,4.1.01.01.000010,0.0
08/2025,999,4.1.01.02.000001,-287.1719
08/2025,999,4.1.01.02.000002,-89.76865
08/2025,999,4.1.01.02.000003,-19.44715
08/2025,999,4.1.01.02.000004,0.0
08/2025,999,4.1.01.02.000005,0.0
08/2025,999,4.1.01.02.000007,-7.37347
08/2025,999,4.1.01.03.000001,-127.0322
08/2025,999,4.1.01.03.000003,0.0
08/2025,999,4.1.01.03.000004,-105.91133
08/2025,999,4.1.01.03.000005,0.0
08/2025,999,4.1.01.03.000006,-16.4146
08/2025,999,4.1.01.03.000008,-1.60265
08/2025,999,4.1.01.03.000009,-190.1055
08/2025,999,4.1.01.03.000010,-0.24764
08/2025,999,4.1.01.03.000013,0.0
08/2025,999,4.1.01.04.000002,0.0
08/2025,999,4.1.01.04.000004,-202.18548
08/2025,999,4.1.01.05.000001,-0.5452
08/2025,999,4.1.01.05.000002,-17.44461
08/2025,999,4.1.01.05.000003,-2.62218
08/2025,999,4.1.01.05.000004,-10.623
08/2025,999,4.1.01.05.000005,-9.47015
08/2025,999,4.1.01.05.000006,-981.55442
08/2025,999,4.1.01.05.000007,-15.41825
08/2025,999,4.1.01.05.000008,0.0
08/2025,999,4.1.01.05.000009,-8.03451
08/2025,999,4.1.01.06.000001,-205.45839
08/2025,999,4.1.01.06.000002,-153.52208
08/2025,999,4.1.01.06.000003,0.0
08/2025,999,4.1.01.06.000004,-563.92381
08/2025,999,4.1.01.06.000007,0.0
08/2025,999,4.1.01.07.000001,-3.28262
08/2025,999,4.1.01.07.000002,-0.74504
08/2025,999,4.1.01.07.000003,-144.12991
08/2025,999,4.1.01.07.000004,-260.40241
08/2025,999,4.1.01.07.000005,-20.26666
08/2025,999,4.1.01.07.000006,-17.69
08/2025,999,4.1.01.07.000007,-28.83911
08/2025,999,4.1.01.07.000008,-1.611
08/2025,999,4.1.01.07.000009,0.0
08/2025,999,4.1.01.07.000010,-6.645
08/2025,999,4.1.01.07.000011,0.0
08/2025,999,4.1.01.07.000012,-39.249
08/2025,999,4.1.01.07.000013,-116.03161
08/2025,999,4.1.01.07.000014,-355.75888
08/2025,999,4.1.01.07.000015,-8.17407
08/2025,999,4.1.01.07.000016,-104.0
08/2025,999,4.1.01.07.000017,-0.5
08/2025,999,4.1.01.07.000018,-1.925
08/2025,999,4.1.01.07.000019,-31.31673
08/2025,999,4.1.01.07.000020,0.0
08/2025,999,4.1.01.08.000001,-113.5472
08/2025,999,4.1.01.08.000002,-0.385
08/2025,999,4.1.01.08.000003,-8.819
08/2025,999,4.1.01.08.000004,-4776.41053
08/2025,999,4.1.01.08.000005,-65.91424
08/2025,999,4.1.01.08.000007,-2.094
08/2025,999,4.1.01.08.000008,-1.6
08/2025,999,4.1.01.09.000004,-239.49457
08/2025,999,4.1.01.09.000006,0.0
08/2025,999,4.1.01.10.000001,-0.2705
08/2025,999,4.1.01.10.000003,0.0
08/2025,999,4.1.01.10.000004,0.0
08/2025,999,4.1.01.10.000005,0.0
08/2025,999,4.1.01.11.000002,-1039.4772
08/2025,999,4.1.01.11.000003,0.0
08/2025,999,4.1.01.11.000004,-23.8735
08/2025,999,4.1.01.11.000007,0.0
08/2025,999,4.1.01.11.000009,-251.84603
08/2025,999,4.1.01.11.000010,0.0
08/2025,999,4.1.01.11.000017,0.0
08/2025,999,4.1.01.11.000019,0.0
08/2025,999,4.1.01.11.000020,-43.45335
08/2025,999,4.1.01.11.000021,0.0
08/2025,999,4.1.01.11.000025,0.0
08/2025,999,4.1.01.11.000026,0.0
08/2025,999,4.1.01.12.000001,-137.62424
08/2025,999,4.1.01.12.000002,-4.33922
08/2025,999,4.1.01.13.000001,-0.35476
08/2025,999,4.1.01.13.000002,0.0
08/2025,999,4.1.01.13.000003,0.0
08/2025,999,4.1.01.13.000004,0.0
08/2025,999,4.1.01.13.000005,0.0
08/2025,999,5.1.01.01.000001,-672.76837
08/2025,999,5.1.01.01.000003,0.0
08/2025,999,5.1.01.01.000004,-80.72066
08/2025,999,5.1.01.01.000005,0.0
08/2025,999,5.1.01.01.000008,0.0
08/2025,999,5.1.01.01.000012,-10.6324
08/2025,999,5.1.01.01.000020,0.0
08/2025,999,5.1.01.01.000021,0.0
08/2025,999,5.1.01.01.000022,0.0
08/2025,999,5.1.01.01.000023,-55.66856
08/2025,999,5.1.01.01.000024,0.0
08/2025,999,5.1.01.02.000001,-183.63829
08/2025,999,5.1.01.02.000002,-61.37682
08/2025,999,5.1.01.02.000003,-32.63562
08/2025,999,5.1.01.02.000005,0.0
08/2025,999,5.1.01.02.000006,0.0
08/2025,999,5.1.01.02.000007,0.0
08/2025,999,5.1.01.02.000020,0.0
08/2025,999,5.1.01.02.000021,0.0
08/2025,999,5.1.01.02.000022,0.0
08/2025,999,5.1.01.03.000001,-104.22846
08/2025,999,5.1.01.03.000004,-2.85689
08/2025,999,5.1.01.03.000006,-2.759
08/2025,999,5.1.01.03.000008,-19.97931
08/2025,999,5.1.01.03.000009,-46.812
08/2025,999,5.1.01.03.000010,-7.125
08/2025,999,5.1.01.03.000012,0.0
08/2025,999,5.1.01.03.000013,-0.10958
08/2025,999,5.1.01.03.000014,0.0
08/2025,999,5.1.01.04.000001,-3.1
08/2025,999,5.1.01.04.000002,-0.7975
08/2025,999,5.1.01.04.000003,0.0
08/2025,999,5.1.01.04.000004,-68.06807
08/2025,999,5.1.01.05.000001,-9.55443
08/2025,999,5.1.01.05.000002,-3.91165
08/2025,999,5.1.01.05.000003,0.0
08/2025,999,5.1.01.05.000004,-12.9998
08/2025,999,5.1.01.05.000005,-1.60211
08/2025,999,5.1.01.05.000006,-61.04041
08/2025,999,5.1.01.05.000007,0.0
08/2025,999,5.1.01.05.000009,-1.59912
08/2025,999,5.1.01.05.000010,0.0
08/2025,999,5.1.01.06.000001,-54.59709
08/2025,999,5.1.01.06.000002,0.0
08/2025,999,5.1.01.06.000003,0.0
08/2025,999,5.1.01.06.000004,-324.72714
08/2025,999,5.1.01.06.000005,0.0
08/2025,999,5.1.01.06.000006,-129.47529
08/2025,999,5.1.01.06.000008,0.0
08/2025,999,5.1.01.07.000001,0.0
08/2025,999,5.1.01.07.000002,0.0
08/2025,999,5.1.01.07.000003,-13.91724
08/2025,999,5.1.01.07.000004,0.0
08/2025,999,5.1.01.07.000005,0.0
08/2025,999,5.1.01.07.000007,0.0
08/2025,999,5.1.01.07.000008,0.0
08/2025,999,5.1.01.07.000010,-78.31198
08/2025,999,5.1.01.07.000014,0.0
08/2025,999,5.1.01.07.000015,-2.88
08/2025,999,5.1.01.07.000020,-17.9738
08/2025,999,5.1.01.07.000021,-0.07074
08/2025,999,5.1.01.08.000001,-10.38
08/2025,999,5.1.01.08.000002,0.0
08/2025,999,5.1.01.08.000003,0.0
08/2025,999,5.1.01.08.000004,-10.70561
08/2025,999,5.1.01.08.000005,-128.40211
08/2025,999,5.1.01.09.000001,0.0
08/2025,999,5.1.01.09.000003,-21.0
08/2025,999,5.1.01.09.000005,0.0
08/2025,999,5.1.01.09.000007,0.0
08/2025,999,5.1.01.09.000008,0.0
08/2025,999,5.1.01.10.000002,0.0
08/2025,999,5.1.01.10.000003,0.0
08/2025,999,5.1.01.10.000004,0.0
08/2025,999,5.1.01.11.000001,-19.58305
08/2025,999,5.1.01.11.000003,0.0
08/2025,999,5.1.01.11.000004,0.0
08/2025,999,5.1.01.11.000006,-16.09631
08/2025,999,5.1.01.11.000007,-259.18906
08/2025,999,5.1.01.11.000008,-58.80631
08/2025,999,5.1.01.11.000010,-10.62682
08/2025,999,5.1.01.11.000012,0.0
08/2025,999,5.1.01.11.000013,0.0
08/2025,999,5.1.01.11.000014,0.0
08/2025,999,5.1.01.11.000015,0.0
08/2025,999,5.1.01.11.000021,-4.08973
08/2025,999,5.1.01.11.000022,0.0
08/2025,999,5.1.01.11.000025,0.0
08/2025,999,5.1.01.11.000026,0.0
08/2025,999,5.1.01.11.000027,-4.60604
08/2025,999,5.1.01.11.000030,0.0
08/2025,999,5.1.01.11.000031,-154.69676
08/2025,999,5.1.01.12.000003,0.0
08/2025,999,5.1.01.12.000008,0.0
08/2025,999,5.1.01.12.000009,0.0
08/2025,999,5.1.01.12.000019,0.0
08/2025,999,5.1.01.12.000021,-118.99649
08/2025,999,5.1.01.13.000001,0.0
08/2025,999,5.1.01.14.000001,0.0
08/2025,999,5.1.01.14.000002,0.0
08/2025,999,5.1.01.14.000003,-2144.20154
08/2025,999,5.1.02.01.000006,0.0
08/2025,999,5.1.02.01.000009,0.0
08/2025,999,5.1.02.01.000010,0.0
08/2025,999,5.1.02.01.000011,0.0
08/2025,999,5.1.02.01.000012,150.0
08/2025,999,5.1.03.01.000001,-61.69376
08/2025,999,5.1.03.01.000002,-8.18445
08/2025,999,5.1.03.01.000003,-251.1307
08/2025,999,5.1.03.01.000004,-19623.95997
08/2025,999,5.1.03.01.000005,-27.79152
08/2025,999,5.1.03.01.000007,-2.36132
08/2025,999,5.1.03.02.000001,-51.67941
08/2025,999,5.1.04.01.000001,-65.8132
08/2025,999,5.1.04.01.000002,0.0
08/2025,999,5.1.04.01.000004,-2729.41652
08/2025,999,5.1.04.01.000005,-30.91215
08/2025,999,5.1.04.01.000006,-74.44919
08/2025,999,5.1.04.01.000007,0.0
08/2025,999,5.1.04.01.000009,-3.5
08/2025,999,5.1.04.01.000010,0.0
08/2025,999,5.1.04.01.000011,0.0
08/2025,999,5.1.04.01.000014,-3634.32925
08/2025,999,5.1.04.01.000015,-0.59942
08/2025,999,5.1.04.01.000016,-1.04
08/2025,999,5.1.04.01.000017,-619.05593
08/2025,999,5.1.04.02.000001,179.444
08/2025,999,5.1.04.02.000002,15.03162
08/2025,999,5.1.04.02.000003,11.54279
08/2025,999,5.2.01.01.000001,496.30443
08/2025,999,5.9.01.01.000001,0.0
08/2025,999,5.9.01.01.000002,0.0
08/2025,999,5.9.01.02.000001,0.0
08/2025,999,5.9.01.02.000002,0.0
09/2022,6,3.1.01.01.000002,5319.06558
09/2022,6,3.1.01.01.000003,0.0
09/2022,6,3.1.02.02.000002,-106.38132
09/2022,6,3.1.02.02.000003,-87.76691
09/2022,6,3.1.02.02.000004,-404.25969
09/2022,6,3.1.02.02.000009,0.0
09/2022,6,3.1.02.02.000010,0.0
09/2022,6,3.1.03.02.000003,0.0
09/2022,6,4.1.01.01.000001,-860.19037
09/2022,6,4.1.01.01.000002,-17.0
09/2022,6,4.1.01.01.000003,0.0
09/2022,6,4.1.01.01.000009,0.0
09/2022,6,4.1.01.02.000001,-235.95941
09/2022,6,4.1.01.02.000002,-54.59358
09/2022,6,4.1.01.02.000003,-8.11299
09/2022,6,4.1.01.02.000004,-0.36462
09/2022,6,4.1.01.02.000006,0.0
09/2022,6,4.1.01.02.000007,-7.0
09/2022,6,4.1.01.03.000001,-74.15881
09/2022,6,4.1.01.03.000003,0.0
09/2022,6,4.1.01.03.000004,0.0
09/2022,6,4.1.01.03.000006,-5.54487
09/2022,6,4.1.01.03.000009,-134.35629
09/2022,6,4.1.01.03.000010,-0.608
09/2022,6,4.1.01.04.000004,-3.86577
09/2022,6,4.1.01.05.000001,0.0
09/2022,6,4.1.01.05.000002,-0.9374
09/2022,6,4.1.01.05.000003,-0.75336
09/2022,6,4.1.01.05.000006,-1895.27221
09/2022,6,4.1.01.06.000001,-1.02
09/2022,6,4.1.01.06.000002,0.0
09/2022,6,4.1.01.06.000004,-98.89
09/2022,6,4.1.01.07.000007,0.0
09/2022,6,4.1.01.07.000012,0.0
09/2022,6,4.1.01.07.000013,0.0
09/2022,6,4.1.01.07.000014,-0.42
09/2022,6,4.1.01.08.000001,0.0
09/2022,6,4.1.01.08.000004,-290.00023
09/2022,6,4.1.01.08.000005,0.0
09/2022,6,4.1.01.08.000006,0.0
09/2022,6,4.1.01.11.000002,-95.97412
09/2022,6,4.1.01.11.000008,0.0
09/2022,6,4.1.01.11.000009,-10.6231
09/2022,6,4.1.01.11.000025,0.0
09/2022,6,5.1.01.01.000001,0.0
09/2022,6,5.1.01.01.000003,0.0
09/2022,6,5.1.01.01.000004,0.0
09/2022,6,5.1.01.02.000001,0.0
09/2022,6,5.1.01.02.000002,0.0
09/2022,6,5.1.01.02.000004,-0.39817
09/2022,6,5.1.01.02.000005,0.0
09/2022,6,5.1.01.02.000007,0.0
09/2022,6,5.1.01.03.000001,0.0
09/2022,6,5.1.01.03.000004,-4.2864
09/2022,6,5.1.01.03.000006,0.0
09/2022,6,5.1.01.03.000009,0.0
09/2022,6,5.1.01.03.000010,-7.0058
09/2022,6,5.1.01.04.000001,0.0
09/2022,6,5.1.01.04.000002,0.0
09/2022,6,5.1.01.04.000004,0.0
09/2022,6,5.1.01.05.000001,-0.48836
09/2022,6,5.1.01.05.000002,-0.2145
09/2022,6,5.1.01.05.000006,0.0
09/2022,6,5.1.01.06.000004,0.0
09/2022,6,5.1.01.06.000007,-0.355
09/2022,6,5.1.01.07.000007,0.0
09/2022,6,5.1.01.07.000012,-0.44031
09/2022,6,5.1.01.08.000001,0.0
09/2022,6,5.1.01.08.000004,0.0
09/2022,6,5.1.01.08.000005,-0.59
09/2022,6,5.1.01.11.000001,-0.14306
09/2022,6,5.1.01.11.000002,0.0
09/2022,6,5.1.01.11.000005,-2.0
09/2022,6,5.1.01.11.000006,-1.91468
09/2022,6,5.1.01.11.000007,-4.20557
09/2022,6,5.1.01.11.000008,-11.76304
09/2022,6,5.1.01.11.000009,0.0
09/2022,6,5.1.01.11.000012,0.0
09/2022,6,5.1.01.11.000014,0.0
09/2022,6,5.1.01.11.000015,0.0
09/2022,6,5.1.01.11.000016,0.0
09/2022,6,5.1.01.11.000017,0.0
09/2022,6,5.1.01.11.000021,-0.12396
09/2022,6,5.1.01.11.000022,-0.19291
09/2022,6,5.1.01.11.000025,0.0
09/2022,6,5.1.01.11.000027,0.0
09/2022,6,5.1.01.12.000001,-9.63234
09/2022,6,5.1.01.12.000009,0.0
09/2022,6,5.1.01.12.000011,-0.5182
09/2022,6,5.1.01.12.000020,-0.00762
09/2022,6,5.1.03.01.000004,-2354.00825
09/2022,6,5.1.04.01.000001,-1.66852
09/2022,6,5.1.04.01.000004,-48.34084
09/2022,6,5.1.04.01.000005,0.0
09/2022,6,5.1.04.01.000006,-0.00295
09/2022,6,5.1.04.01.000013,0.0
09/2022,6,5.1.04.01.000014,0.0
09/2022,6,5.1.04.02.000001,0.14089
09/2022,6,5.1.04.02.000002,1e-05
09/2022,999,3.1.01.01.000002,1480.52696
09/2022,999,3.1.01.01.000003,89.15668
09/2022,999,3.1.01.01.000004,231.09643
09/2022,999,3.1.01.01.000006,60.50236
09/2022,999,3.1.01.01.000008,0.0
09/2022,999,3.1.01.01.000009,75.0
09/2022,999,3.1.01.01.000010,120.0
09/2022,999,3.1.01.01.000011,1473.66
09/2022,999,3.1.01.01.000012,835.31011
09/2022,999,3.1.01.01.000013,66980.76269
09/2022,999,3.1.02.01.000001,-101.11693
09/2022,999,3.1.02.02.000005,-31.60631
09/2022,999,3.1.02.02.000008,-151.70794
09/2022,999,3.1.02.02.000010,-78.3067
09/2022,999,3.1.02.02.000011,-23.2662
09/2022,999,3.1.02.02.000012,-115.92072
09/2022,999,3.1.02.02.000013,-2.60525
09/2022,999,3.1.02.02.000014,-1.30263
09/2022,999,3.1.03.01.000007,0.0
09/2022,999,3.1.03.01.000011,0.0
09/2022,999,3.1.03.02.000003,0.0
09/2022,999,3.2.01.01.000001,6604.5
09/2022,999,3.2.01.01.000005,1.447
09/2022,999,3.2.01.02.000001,2567.4005
09/2022,999,3.2.01.02.000002,41.24742
09/2022,999,3.2.01.02.000003,23.14382
09/2022,999,3.2.01.02.000004,29.26928
09/2022,999,4.1.01.01.000001,-1203.61265
09/2022,999,4.1.01.01.000003,-90.54689
09/2022,999,4.1.01.01.000007,-4.41366
09/2022,999,4.1.01.02.000001,-361.05587
09/2022,999,4.1.01.02.000002,-103.40666
09/2022,999,4.1.01.02.000003,-14.10814
09/2022,999,4.1.01.02.000004,0.0
09/2022,999,4.1.01.02.000005,-108.84566
09/2022,999,4.1.01.02.000007,-13.45941
09/2022,999,4.1.01.03.000001,0.0
09/2022,999,4.1.01.03.000003,-6.84
09/2022,999,4.1.01.03.000004,3.16891
09/2022,999,4.1.01.03.000005,-25.83158
09/2022,999,4.1.01.03.000006,0.0
09/2022,999,4.1.01.03.000008,0.0
09/2022,999,4.1.01.03.000009,-288.07176
09/2022,999,4.1.01.03.000010,-1.593
09/2022,999,4.1.01.03.000013,0.0
09/2022,999,4.1.01.04.000002,0.0
09/2022,999,4.1.01.04.000004,-61.42573
09/2022,999,4.1.01.05.000001,-6.93035
09/2022,999,4.1.01.05.000002,-16.66603
09/2022,999,4.1.01.05.000003,-4.45215
09/2022,999,4.1.01.05.000004,-33.67299
09/2022,999,4.1.01.05.000005,0.0
09/2022,999,4.1.01.05.000006,-8669.76257
09/2022,999,4.1.01.05.000007,-926.93069
09/2022,999,4.1.01.06.000001,-25.5084
09/2022,999,4.1.01.06.000002,-144.58426
09/2022,999,4.1.01.06.000003,-7.50647
09/2022,999,4.1.01.06.000004,-520.7768
09/2022,999,4.1.01.07.000001,-2.88488
09/2022,999,4.1.01.07.000002,-0.19206
09/2022,999,4.1.01.07.000003,-186.47666
09/2022,999,4.1.01.07.000004,-100.89715
09/2022,999,4.1.01.07.000005,-181.703
09/2022,999,4.1.01.07.000006,-19.2
09/2022,999,4.1.01.07.000007,-4.69127
09/2022,999,4.1.01.07.000008,0.0
09/2022,999,4.1.01.07.000009,-2.1964
09/2022,999,4.1.01.07.000010,-107.25319
09/2022,999,4.1.01.07.000011,-2.1144
09/2022,999,4.1.01.07.000012,-10.71905
09/2022,999,4.1.01.07.000013,-37.2386
09/2022,999,4.1.01.07.000014,-424.30653
09/2022,999,4.1.01.07.000015,-9.50475
09/2022,999,4.1.01.07.000016,-102.0
09/2022,999,4.1.01.07.000017,-9.91567
09/2022,999,4.1.01.07.000018,0.0
09/2022,999,4.1.01.07.000019,-130.52575
09/2022,999,4.1.01.08.000001,-7.09208
09/2022,999,4.1.01.08.000002,-16.54535
09/2022,999,4.1.01.08.000003,-0.204
09/2022,999,4.1.01.08.000004,-6227.22292
09/2022,999,4.1.01.08.000005,-26.63037
09/2022,999,4.1.01.09.000004,-381.57124
09/2022,999,4.1.01.10.000001,0.0
09/2022,999,4.1.01.10.000003,-0.93
09/2022,999,4.1.01.10.000004,-0.74279
09/2022,999,4.1.01.10.000005,0.0
09/2022,999,4.1.01.11.000002,-5324.23288
09/2022,999,4.1.01.11.000003,-0.1775
09/2022,999,4.1.01.11.000004,-15.47764
09/2022,999,4.1.01.11.000009,-317.96349
09/2022,999,4.1.01.11.000010,-43.80332
09/2022,999,4.1.01.11.000017,-139.85297
09/2022,999,4.1.01.11.000019,-15.31874
09/2022,999,4.1.01.11.000020,-110.00517
09/2022,999,4.1.01.11.000021,0.0
09/2022,999,4.1.01.11.000025,-0.57799
09/2022,999,4.1.01.11.000026,-0.2
09/2022,999,4.1.01.12.000001,-2864.02211
09/2022,999,4.1.01.12.000002,-2262.23585
09/2022,999,4.1.01.13.000001,-1239.12306
09/2022,999,4.1.01.13.000002,-212.99186
09/2022,999,4.1.01.13.000003,-246.35648
09/2022,999,4.1.01.13.000004,-8.07508
09/2022,999,4.1.01.13.000005,-307.90683
09/2022,999,5.1.01.01.000003,-10.0
09/2022,999,5.1.01.01.000008,-23.09679
09/2022,999,5.1.01.01.000020,-660.79145
09/2022,999,5.1.01.01.000021,-10.908
09/2022,999,5.1.01.01.000022,-51.91201
09/2022,999,5.1.01.02.000003,-8.08842
09/2022,999,5.1.01.02.000006,0.0
09/2022,999,5.1.01.02.000007,-1.44578
09/2022,999,5.1.01.02.000020,-207.06849
09/2022,999,5.1.01.02.000021,-59.28475
09/2022,999,5.1.01.02.000022,-69.0214
09/2022,999,5.1.01.03.000001,-138.71463
09/2022,999,5.1.01.03.000004,-27.57493
09/2022,999,5.1.01.03.000006,-5.61447
09/2022,999,5.1.01.03.000008,-2.4
09/2022,999,5.1.01.03.000009,-237.67178
09/2022,999,5.1.01.03.000010,-21.74341
09/2022,999,5.1.01.03.000012,-0.453
09/2022,999,5.1.01.03.000013,0.0
09/2022,999,5.1.01.03.000014,-82.25305
09/2022,999,5.1.01.04.000001,0.0
09/2022,999,5.1.01.04.000002,0.0
09/2022,999,5.1.01.04.000003,-2.19468
09/2022,999,5.1.01.04.000004,-142.73874
09/2022,999,5.1.01.05.000001,-33.77192
09/2022,999,5.1.01.05.000002,-21.57666
09/2022,999,5.1.01.05.000003,-10.461
09/2022,999,5.1.01.05.000004,-57.4236
09/2022,999,5.1.01.05.000005,-0.48948
09/2022,999,5.1.01.05.000006,-0.2876
09/2022,999,5.1.01.05.000007,-0.71999
09/2022,999,5.1.01.05.000009,-0.545
09/2022,999,5.1.01.06.000001,-148.45676
09/2022,999,5.1.01.06.000002,0.0
09/2022,999,5.1.01.06.000003,-4.486
09/2022,999,5.1.01.06.000004,-143.19324
09/2022,999,5.1.01.06.000005,-41.90672
09/2022,999,5.1.01.06.000006,-122.409
09/2022,999,5.1.01.06.000008,-20.26933
09/2022,999,5.1.01.07.000001,-0.94267
09/2022,999,5.1.01.07.000002,-0.10333
09/2022,999,5.1.01.07.000003,-49.11522
09/2022,999,5.1.01.07.000004,-3.42264
09/2022,999,5.1.01.07.000005,-2.53682
09/2022,999,5.1.01.07.000007,-0.51121
09/2022,999,5.1.01.07.000008,-0.064
09/2022,999,5.1.01.07.000010,-152.53988
09/2022,999,5.1.01.07.000014,0.0
09/2022,999,5.1.01.07.000015,-3.16566
09/2022,999,5.1.01.07.000020,0.0
09/2022,999,5.1.01.07.000021,0.0
09/2022,999,5.1.01.08.000001,-9.955
09/2022,999,5.1.01.08.000002,-6.6
09/2022,999,5.1.01.08.000003,-73.02526
09/2022,999,5.1.01.08.000004,-2.07
09/2022,999,5.1.01.08.000005,-110.25459
09/2022,999,5.1.01.09.000001,-6.0
09/2022,999,5.1.01.09.000003,-51.201
09/2022,999,5.1.01.09.000008,-3.3
09/2022,999,5.1.01.10.000002,-0.022
09/2022,999,5.1.01.10.000003,0.0
09/2022,999,5.1.01.10.000004,-1.56403
09/2022,999,5.1.01.11.000001,-10.87196
09/2022,999,5.1.01.11.000003,-24.31752
09/2022,999,5.1.01.11.000004,-11.36989
09/2022,999,5.1.01.11.000006,-73.51351
09/2022,999,5.1.01.11.000007,-342.89223
09/2022,999,5.1.01.11.000008,-2.01535
09/2022,999,5.1.01.11.000012,0.0
09/2022,999,5.1.01.11.000013,0.0
09/2022,999,5.1.01.11.000014,-22.70226
09/2022,999,5.1.01.11.000015,0.0
09/2022,999,5.1.01.11.000021,0.0
09/2022,999,5.1.01.11.000022,-16.16198
09/2022,999,5.1.01.11.000026,-0.45679
09/2022,999,5.1.01.11.000027,-0.17821
09/2022,999,5.1.01.11.000031,-3651.38444
09/2022,999,5.1.01.12.000003,567.40951
09/2022,999,5.1.01.12.000008,-0.66683
09/2022,999,5.1.01.12.000009,-8748.26288
09/2022,999,5.1.01.12.000019,0.0
09/2022,999,5.1.02.01.000006,-7.78651
09/2022,999,5.1.03.01.000001,-2.41929
09/2022,999,5.1.03.01.000002,-3.2661
09/2022,999,5.1.03.01.000004,-26766.69116
09/2022,999,5.1.03.01.000005,-1.57968
09/2022,999,5.1.04.01.000001,-106.56684
09/2022,999,5.1.04.01.000002,-0.165
09/2022,999,5.1.04.01.000004,-3556.35415
09/2022,999,5.1.04.01.000005,-1.0938
09/2022,999,5.1.04.01.000006,-926.42461
09/2022,999,5.1.04.01.000007,-4.0
09/2022,999,5.1.04.01.000010,-19.52107
09/2022,999,5.1.04.01.000011,-781.78933
09/2022,999,5.1.04.02.000001,151.85018
09/2022,999,5.1.04.02.000002,113.92052
09/2022,999,5.1.04.02.000003,0.02
09/2023,6,3.1.01.01.000002,5725.06664
09/2023,6,3.1.01.01.000003,0.0
09/2023,6,3.1.02.02.000002,0.0
09/2023,6,3.1.02.02.000003,0.0
09/2023,6,3.1.02.02.000004,0.0
09/2023,6,3.1.02.02.000009,0.0
09/2023,6,3.1.02.02.000010,-114.47735
09/2023,6,3.1.03.02.000003,1.0
09/2023,6,3.2.01.01.000001,2560.0
09/2023,6,4.1.01.01.000001,-869.93794
09/2023,6,4.1.01.01.000002,0.0
09/2023,6,4.1.01.01.000003,-83.4535
09/2023,6,4.1.01.01.000009,-61.97203
09/2023,6,4.1.01.01.000010,0.0
09/2023,6,4.1.01.02.000001,-262.84906
09/2023,6,4.1.01.02.000002,-89.55936
09/2023,6,4.1.01.02.000003,-14.44806
09/2023,6,4.1.01.02.000004,0.0
09/2023,6,4.1.01.02.000006,0.0
09/2023,6,4.1.01.02.000007,0.0
09/2023,6,4.1.01.03.000001,-45.264
09/2023,6,4.1.01.03.000003,-15.393
09/2023,6,4.1.01.03.000004,-2.77937
09/2023,6,4.1.01.03.000006,-7.453
09/2023,6,4.1.01.03.000009,-122.95271
09/2023,6,4.1.01.03.000010,-10.43
09/2023,6,4.1.01.04.000004,-14.51175
09/2023,6,4.1.01.05.000001,-0.03905
09/2023,6,4.1.01.05.000002,-1.3278
09/2023,6,4.1.01.05.000003,0.0
09/2023,6,4.1.01.05.000006,-1688.20031
09/2023,6,4.1.01.06.000001,-2.29
09/2023,6,4.1.01.06.000002,0.0
09/2023,6,4.1.01.06.000004,-103.3
09/2023,6,4.1.01.07.000007,-0.62524
09/2023,6,4.1.01.07.000012,-3.17934
09/2023,6,4.1.01.07.000013,-0.6
09/2023,6,4.1.01.07.000014,0.0
09/2023,6,4.1.01.08.000001,0.0
09/2023,6,4.1.01.08.000004,-704.77569
09/2023,6,4.1.01.08.000005,-0.362
09/2023,6,4.1.01.08.000006,4.9
09/2023,6,4.1.01.11.000002,-202.59025
09/2023,6,4.1.01.11.000008,-28.61
09/2023,6,4.1.01.11.000009,-6.34092
09/2023,6,4.1.01.11.000025,-1.2834
09/2023,6,5.1.01.01.000001,-54.27179
09/2023,6,5.1.01.01.000003,0.0
09/2023,6,5.1.01.01.000004,-2.27276
09/2023,6,5.1.01.01.000023,-2.3262
09/2023,6,5.1.01.01.000024,0.0
09/2023,6,5.1.01.02.000001,-16.29345
09/2023,6,5.1.01.02.000002,-4.71737
09/2023,6,5.1.01.02.000004,0.0
09/2023,6,5.1.01.02.000005,0.0
09/2023,6,5.1.01.02.000007,-0.09662
09/2023,6,5.1.01.03.000001,0.0
09/2023,6,5.1.01.03.000004,-0.90856
09/2023,6,5.1.01.03.000006,0.0
09/2023,6,5.1.01.03.000009,-2.876
09/2023,6,5.1.01.03.000010,0.0
09/2023,6,5.1.01.04.000001,0.0
09/2023,6,5.1.01.04.000002,0.0
09/2023,6,5.1.01.04.000004,0.0
09/2023,6,5.1.01.05.000001,-0.12199
09/2023,6,5.1.01.05.000002,0.0
09/2023,6,5.1.01.05.000006,0.0
09/2023,6,5.1.01.05.000009,0.0
09/2023,6,5.1.01.06.000004,0.0
09/2023,6,5.1.01.06.000007,0.0
09/2023,6,5.1.01.07.000007,-0.43278
09/2023,6,5.1.01.07.000012,0.0
09/2023,6,5.1.01.08.000001,0.0
09/2023,6,5.1.01.08.000004,0.0
09/2023,6,5.1.01.08.000005,0.0
09/2023,6,5.1.01.11.000001,0.0
09/2023,6,5.1.01.11.000002,0.0
09/2023,6,5.1.01.11.000005,0.0
09/2023,6,5.1.01.11.000006,-0.09662
09/2023,6,5.1.01.11.000007,-0.81994
09/2023,6,5.1.01.11.000008,0.0
09/2023,6,5.1.01.11.000009,0.0
09/2023,6,5.1.01.11.000012,0.0
09/2023,6,5.1.01.11.000014,-9e-05
09/2023,6,5.1.01.11.000015,0.0
09/2023,6,5.1.01.11.000016,-73.88213
09/2023,6,5.1.01.11.000017,-304.15166
09/2023,6,5.1.01.11.000021,-0.1065
09/2023,6,5.1.01.11.000022,0.0
09/2023,6,5.1.01.11.000025,-0.33535
09/2023,6,5.1.01.11.000027,-0.15161
09/2023,6,5.1.01.12.000001,0.0
09/2023,6,5.1.01.12.000009,0.0
09/2023,6,5.1.01.12.000011,0.0
09/2023,6,5.1.01.12.000020,0.0
09/2023,6,5.1.03.01.000004,-1043.77203
09/2023,6,5.1.04.01.000001,-11.53871
09/2023,6,5.1.04.01.000004,-178.13317
09/2023,6,5.1.04.01.000005,-1e-05
09/2023,6,5.1.04.01.000006,-0.05582
09/2023,6,5.1.04.01.000013,0.0
09/2023,6,5.1.04.01.000014,-244.44347
09/2023,6,5.1.04.02.000001,0.07297
09/2023,6,5.1.04.02.000002,0.34224
09/2023,6,5.2.01.01.000001,-10.69076
09/2023,7,3.1.01.01.000005,11355.02061
09/2023,7,3.1.02.01.000001,-2.42954
09/2023,7,3.2.01.01.000003,35.5
09/2023,7,3.2.01.02.000003,0.0
09/2023,7,4.1.02.01.000001,-139.21632
09/2023,7,4.1.02.01.000003,-2.32268
09/2023,7,4.1.02.01.000009,-5.69139
09/2023,7,4.1.02.01.000010,-4.175
09/2023,7,4.1.02.02.000001,-48.23687
09/2023,7,4.1.02.02.000002,-12.56967
09/2023,7,4.1.02.02.000003,-0.94739
09/2023,7,4.1.02.02.000005,-13.48175
09/2023,7,4.1.02.02.000006,0.0
09/2023,7,4.1.02.02.000008,-0.6
09/2023,7,4.1.02.03.000004,-5.59593
09/2023,7,4.1.02.03.000006,-3.021
09/2023,7,4.1.02.03.000009,-36.9389
09/2023,7,4.1.02.03.000010,-1.24357
09/2023,7,4.1.02.03.000013,-0.3024
09/2023,7,4.1.02.05.000001,-4.03207
09/2023,7,4.1.02.05.000002,-3.3043
09/2023,7,4.1.02.05.000003,-2.77163
09/2023,7,4.1.02.05.000004,-0.49
09/2023,7,4.1.02.05.000005,-0.4739
09/2023,7,4.1.02.05.000006,-9378.14571
09/2023,7,4.1.02.05.000007,-0.89066
09/2023,7,4.1.02.05.000009,-15.83697
09/2023,7,4.1.02.06.000001,-6.95
09/2023,7,4.1.02.06.000004,-279.78187
09/2023,7,4.1.02.07.000003,-38.80219
09/2023,7,4.1.02.07.000004,-1.25655
09/2023,7,4.1.02.07.000007,-0.1355
09/2023,7,4.1.02.07.000010,-19.89435
09/2023,7,4.1.02.07.000016,-109.56107
09/2023,7,4.1.02.08.000001,-7.91485
09/2023,7,4.1.02.08.000005,-11.46707
09/2023,7,5.1.01.05.000005,0.0
09/2023,7,5.1.01.05.000009,-0.345
09/2023,7,5.1.01.07.000007,-3.20879
09/2023,7,5.1.01.11.000005,-0.9
09/2023,7,5.1.01.11.000006,-5.45064
09/2023,7,5.1.01.11.000007,-1.09186
09/2023,7,5.1.01.11.000008,-3.78188
09/2023,7,5.1.01.11.000016,-0.58575
09/2023,7,5.1.01.11.000017,-2.698
09/2023,7,5.1.01.13.000001,-11.94444
09/2023,7,5.1.04.01.000001,-17.56351
09/2023,7,5.1.04.01.000002,-96.39658
09/2023,7,5.1.04.01.000004,-155.26982
09/2023,7,5.1.04.01.000005,-18.24184
09/2023,7,5.1.04.01.000006,-6.17035
09/2023,7,5.1.04.01.000014,-93.64097
09/2023,7,5.1.04.02.000001,0.0695
09/2023,7,5.1.04.02.000002,0.89713
09/2023,7,5.1.04.02.000003,0.27236
09/2023,7,5.2.01.01.000001,-124.86331
09/2023,7,5.9.01.01.000001,0.0
09/2023,7,5.9.01.02.000001,0.0
09/2023,999,3.1.01.01.000002,989.97262
09/2023,999,3.1.01.01.000003,12.785
09/2023,999,3.1.01.01.000004,32.79678
09/2023,999,3.1.01.01.000006,7.1
09/2023,999,3.1.01.01.000008,0.0
09/2023,999,3.1.01.01.000009,0.0
09/2023,999,3.1.01.01.000010,0.0
09/2023,999,3.1.01.01.000011,0.0
09/2023,999,3.1.01.01.000012,0.0
09/2023,999,3.1.01.01.000013,84959.89715
09/2023,999,3.1.02.01.000001,0.0
09/2023,999,3.1.02.02.000005,0.0
09/2023,999,3.1.02.02.000008,0.0
09/2023,999,3.1.02.02.000010,-50.13787
09/2023,999,3.1.02.02.000011,0.0
09/2023,999,3.1.02.02.000012,0.0
09/2023,999,3.1.02.02.000013,-4.54532
09/2023,999,3.1.02.02.000014,-2.00956
09/2023,999,3.1.03.01.000007,0.0
09/2023,999,3.1.03.01.000011,0.0
09/2023,999,3.1.03.02.000003,0.0
09/2023,999,3.2.01.01.000001,6519.9
09/2023,999,3.2.01.01.000005,16.232
09/2023,999,3.2.01.02.000001,1053.47712
09/2023,999,3.2.01.02.000002,0.0
09/2023,999,3.2.01.02.000003,119.625
09/2023,999,3.2.01.02.000004,0.0
09/2023,999,4.1.01.01.000001,-1301.06533
09/2023,999,4.1.01.01.000002,-12.29638
09/2023,999,4.1.01.01.000003,-140.62297
09/2023,999,4.1.01.01.000007,0.0
09/2023,999,4.1.01.01.000009,-124.65845
09/2023,999,4.1.01.01.000010,0.0
09/2023,999,4.1.01.02.000001,-388.95829
09/2023,999,4.1.01.02.000002,-115.88626
09/2023,999,4.1.01.02.000003,-46.91807
09/2023,999,4.1.01.02.000004,0.0
09/2023,999,4.1.01.02.000005,0.0
09/2023,999,4.1.01.02.000007,-4.5174
09/2023,999,4.1.01.03.000001,-165.84925
09/2023,999,4.1.01.03.000003,0.0
09/2023,999,4.1.01.03.000004,-46.92864
09/2023,999,4.1.01.03.000005,-44.71802
09/2023,999,4.1.01.03.000006,-14.235
09/2023,999,4.1.01.03.000008,-4.65
09/2023,999,4.1.01.03.000009,-203.80942
09/2023,999,4.1.01.03.000010,-16.69702
09/2023,999,4.1.01.03.000013,-0.05353
09/2023,999,4.1.01.04.000002,-1.22186
09/2023,999,4.1.01.04.000004,-164.44203
09/2023,999,4.1.01.05.000001,-14.63542
09/2023,999,4.1.01.05.000002,-20.99024
09/2023,999,4.1.01.05.000003,-6.58968
09/2023,999,4.1.01.05.000004,-42.37558
09/2023,999,4.1.01.05.000005,-7.6601
09/2023,999,4.1.01.05.000006,-1933.02579
09/2023,999,4.1.01.05.000007,-472.667
09/2023,999,4.1.01.05.000008,0.0
09/2023,999,4.1.01.06.000001,-117.16164
09/2023,999,4.1.01.06.000002,-86.03683
09/2023,999,4.1.01.06.000003,0.0
09/2023,999,4.1.01.06.000004,-338.20695
09/2023,999,4.1.01.07.000001,-3.07377
09/2023,999,4.1.01.07.000002,-0.22296
09/2023,999,4.1.01.07.000003,-176.73283
09/2023,999,4.1.01.07.000004,-273.48039
09/2023,999,4.1.01.07.000005,-72.10545
09/2023,999,4.1.01.07.000006,-25.25
09/2023,999,4.1.01.07.000007,-6.80439
09/2023,999,4.1.01.07.000008,-2.06191
09/2023,999,4.1.01.07.000009,0.0
09/2023,999,4.1.01.07.000010,0.0
09/2023,999,4.1.01.07.000011,-68.80376
09/2023,999,4.1.01.07.000012,-15.98362
09/2023,999,4.1.01.07.000013,-104.32534
09/2023,999,4.1.01.07.000014,-530.43578
09/2023,999,4.1.01.07.000015,0.0
09/2023,999,4.1.01.07.000016,-48.0
09/2023,999,4.1.01.07.000017,-8.5
09/2023,999,4.1.01.07.000018,0.0
09/2023,999,4.1.01.07.000019,-1.18468
09/2023,999,4.1.01.07.000020,-10.32
09/2023,999,4.1.01.08.000001,-51.59934
09/2023,999,4.1.01.08.000002,-23.99579
09/2023,999,4.1.01.08.000003,-1.6437
09/2023,999,4.1.01.08.000004,-5673.85864
09/2023,999,4.1.01.08.000005,-104.2637
09/2023,999,4.1.01.09.000004,-179.39132
09/2023,999,4.1.01.10.000001,-2.738
09/2023,999,4.1.01.10.000003,0.0
09/2023,999,4.1.01.10.000004,-0.583
09/2023,999,4.1.01.10.000005,-0.66
09/2023,999,4.1.01.11.000002,-1382.6774
09/2023,999,4.1.01.11.000003,0.0
09/2023,999,4.1.01.11.000004,0.0
09/2023,999,4.1.01.11.000007,-0.06286
09/2023,999,4.1.01.11.000009,-173.75647
09/2023,999,4.1.01.11.000010,-16.1
09/2023,999,4.1.01.11.000017,0.0
09/2023,999,4.1.01.11.000019,0.0
09/2023,999,4.1.01.11.000020,-66.21687
09/2023,999,4.1.01.11.000021,0.0
09/2023,999,4.1.01.11.000025,-14.563
09/2023,999,4.1.01.11.000026,0.0
09/2023,999,4.1.01.12.000001,-71.96437
09/2023,999,4.1.01.12.000002,-8.6521
09/2023,999,4.1.01.13.000001,-0.30848
09/2023,999,4.1.01.13.000002,0.0
09/2023,999,4.1.01.13.000003,0.0
09/2023,999,4.1.01.13.000004,0.0
09/2023,999,4.1.01.13.000005,0.0
09/2023,999,5.1.01.01.000001,-809.92092
09/2023,999,5.1.01.01.000003,0.0
09/2023,999,5.1.01.01.000004,-72.25252
09/2023,999,5.1.01.01.000008,-1.72071
09/2023,999,5.1.01.01.000012,0.0
09/2023,999,5.1.01.01.000020,0.0
09/2023,999,5.1.01.01.000021,0.0
09/2023,999,5.1.01.01.000022,0.0
09/2023,999,5.1.01.01.000023,-72.5726
09/2023,999,5.1.01.01.000024,0.0
09/2023,999,5.1.01.02.000001,-273.76667
09/2023,999,5.1.01.02.000002,-66.7307
09/2023,999,5.1.01.02.000003,-10.61307
09/2023,999,5.1.01.02.000006,0.0
09/2023,999,5.1.01.02.000007,-5.9775
09/2023,999,5.1.01.02.000020,0.0
09/2023,999,5.1.01.02.000021,0.0
09/2023,999,5.1.01.02.000022,0.0
09/2023,999,5.1.01.03.000001,-8.77945
09/2023,999,5.1.01.03.000004,-29.61636
09/2023,999,5.1.01.03.000006,0.0
09/2023,999,5.1.01.03.000008,0.0
09/2023,999,5.1.01.03.000009,-83.94791
09/2023,999,5.1.01.03.000010,-25.45015
09/2023,999,5.1.01.03.000012,0.0
09/2023,999,5.1.01.03.000013,-0.13991
09/2023,999,5.1.01.03.000014,0.0
09/2023,999,5.1.01.04.000001,-0.4
09/2023,999,5.1.01.04.000002,-4.39407
09/2023,999,5.1.01.04.000003,0.0
09/2023,999,5.1.01.04.000004,-132.69982
09/2023,999,5.1.01.05.000001,-22.1192
09/2023,999,5.1.01.05.000002,-1.36626
09/2023,999,5.1.01.05.000003,0.0
09/2023,999,5.1.01.05.000004,-2.795
09/2023,999,5.1.01.05.000005,-1.29058
09/2023,999,5.1.01.05.000006,-7.13965
09/2023,999,5.1.01.05.000007,-4.47219
09/2023,999,5.1.01.05.000009,-0.91
09/2023,999,5.1.01.06.000001,-23.29184
09/2023,999,5.1.01.06.000002,0.0
09/2023,999,5.1.01.06.000003,0.0
09/2023,999,5.1.01.06.000004,0.0
09/2023,999,5.1.01.06.000005,-4.557
09/2023,999,5.1.01.06.000006,-129.85872
09/2023,999,5.1.01.06.000008,0.0
09/2023,999,5.1.01.07.000001,0.0
09/2023,999,5.1.01.07.000002,-0.09493
09/2023,999,5.1.01.07.000003,0.0
09/2023,999,5.1.01.07.000004,-1.77159
09/2023,999,5.1.01.07.000005,0.0
09/2023,999,5.1.01.07.000007,-2.41558
09/2023,999,5.1.01.07.000008,0.0
09/2023,999,5.1.01.07.000010,-1151.40906
09/2023,999,5.1.01.07.000014,0.0
09/2023,999,5.1.01.07.000015,-2.88
09/2023,999,5.1.01.07.000020,0.0
09/2023,999,5.1.01.07.000021,0.0
09/2023,999,5.1.01.08.000001,-0.134
09/2023,999,5.1.01.08.000002,0.0
09/2023,999,5.1.01.08.000003,0.0
09/2023,999,5.1.01.08.000004,0.0
09/2023,999,5.1.01.08.000005,0.0
09/2023,999,5.1.01.09.000001,0.0
09/2023,999,5.1.01.09.000003,-29.0
09/2023,999,5.1.01.09.000008,0.0
09/2023,999,5.1.01.10.000002,0.0
09/2023,999,5.1.01.10.000003,0.0
09/2023,999,5.1.01.10.000004,0.0
09/2023,999,5.1.01.11.000001,0.0
09/2023,999,5.1.01.11.000003,-12.6935
09/2023,999,5.1.01.11.000004,0.0
09/2023,999,5.1.01.11.000006,-33.70603
09/2023,999,5.1.01.11.000007,-120.31391
09/2023,999,5.1.01.11.000008,-20.76755
09/2023,999,5.1.01.11.000012,0.0
09/2023,999,5.1.01.11.000013,0.0
09/2023,999,5.1.01.11.000014,0.0
09/2023,999,5.1.01.11.000015,0.0
09/2023,999,5.1.01.11.000021,-66.97705
09/2023,999,5.1.01.11.000022,0.0
09/2023,999,5.1.01.11.000025,-0.175
09/2023,999,5.1.01.11.000026,0.0
09/2023,999,5.1.01.11.000027,0.0
09/2023,999,5.1.01.11.000031,0.0
09/2023,999,5.1.01.12.000003,0.0
09/2023,999,5.1.01.12.000008,0.0
09/2023,999,5.1.01.12.000009,0.0
09/2023,999,5.1.01.12.000019,0.0
09/2023,999,5.1.01.13.000001,-18.98692
09/2023,999,5.1.01.14.000001,0.0
09/2023,999,5.1.01.14.000002,0.0
09/2023,999,5.1.02.01.000006,0.0
09/2023,999,5.1.02.01.000009,0.0
09/2023,999,5.1.02.01.000010,0.0
09/2023,999,5.1.02.01.000011,0.0
09/2023,999,5.1.03.01.000001,0.0
09/2023,999,5.1.03.01.000002,0.0
09/2023,999,5.1.03.01.000003,0.0
09/2023,999,5.1.03.01.000004,-38285.06732
09/2023,999,5.1.03.01.000005,0.0
09/2023,999,5.1.03.01.000007,0.0
09/2023,999,5.1.03.02.000001,-22.33449
09/2023,999,5.1.04.01.000001,-83.35177
09/2023,999,5.1.04.01.000002,0.0
09/2023,999,5.1.04.01.000004,-4869.86844
09/2023,999,5.1.04.01.000005,-0.00049
09/2023,999,5.1.04.01.000006,-88.31176
09/2023,999,5.1.04.01.000007,0.0
09/2023,999,5.1.04.01.000010,0.0
09/2023,999,5.1.04.01.000011,-656.171
09/2023,999,5.1.04.01.000014,-9065.58208
09/2023,999,5.1.04.01.000015,-72.3508
09/2023,999,5.1.04.01.000016,-50.38
09/2023,999,5.1.04.01.000017,0.0
09/2023,999,5.1.04.02.000001,265.32335
09/2023,999,5.1.04.02.000002,59.95683
09/2023,999,5.1.04.02.000003,0.76845
09/2023,999,5.2.01.01.000001,1293.17327
09/2023,999,5.9.01.01.000001,0.0
09/2023,999,5.9.01.01.000002,0.0
09/2023,999,5.9.01.02.000001,0.0
09/2023,999,5.9.01.02.000002,0.0
09/2024,6,3.1.01.01.000002,5030.57928
09/2024,6,3.1.01.01.000003,0.0
09/2024,6,3.1.02.02.000002,0.0
09/2024,6,3.1.02.02.000003,0.0
09/2024,6,3.1.02.02.000004,0.0
09/2024,6,3.1.02.02.000009,0.0
09/2024,6,3.1.02.02.000010,-100.61159
09/2024,6,3.1.03.02.000003,0.0
09/2024,6,3.2.01.01.000001,0.0
09/2024,6,4.1.01.01.000001,-818.59051
09/2024,6,4.1.01.01.000002,-17.0205
09/2024,6,4.1.01.01.000003,-33.63497
09/2024,6,4.1.01.01.000008,-0.0322
09/2024,6,4.1.01.01.000009,-68.92523
09/2024,6,4.1.01.01.000010,0.0
09/2024,6,4.1.01.02.000001,-244.83204
09/2024,6,4.1.01.02.000002,-77.02853
09/2024,6,4.1.01.02.000003,0.0
09/2024,6,4.1.01.02.000004,0.0
09/2024,6,4.1.01.02.000006,0.0
09/2024,6,4.1.01.02.000007,0.0
09/2024,6,4.1.01.03.000001,-53.14138
09/2024,6,4.1.01.03.000003,-85.91481
09/2024,6,4.1.01.03.000004,-1.47805
09/2024,6,4.1.01.03.000006,-8.133
09/2024,6,4.1.01.03.000009,-30.28306
09/2024,6,4.1.01.03.000010,-6.972
09/2024,6,4.1.01.04.000004,-11.90666
09/2024,6,4.1.01.05.000001,-1.20195
09/2024,6,4.1.01.05.000002,0.0
09/2024,6,4.1.01.05.000003,-3.60884
09/2024,6,4.1.01.05.000006,-1672.44624
09/2024,6,4.1.01.06.000001,-4.752
09/2024,6,4.1.01.06.000002,0.0
09/2024,6,4.1.01.06.000004,0.0
09/2024,6,4.1.01.07.000007,-0.86901
09/2024,6,4.1.01.07.000012,-1.37186
09/2024,6,4.1.01.07.000013,0.0
09/2024,6,4.1.01.07.000014,0.0
09/2024,6,4.1.01.07.000018,-1.3
09/2024,6,4.1.01.08.000001,0.0
09/2024,6,4.1.01.08.000004,-353.74922
09/2024,6,4.1.01.08.000005,0.0
09/2024,6,4.1.01.08.000006,0.0
09/2024,6,4.1.01.11.000002,-8.99547
09/2024,6,4.1.01.11.000007,-0.66592
09/2024,6,4.1.01.11.000008,0.0
09/2024,6,4.1.01.11.000009,-2.97258
09/2024,6,4.1.01.11.000025,0.0
09/2024,6,5.1.01.01.000001,-53.99949
09/2024,6,5.1.01.01.000003,0.0
09/2024,6,5.1.01.01.000004,-3.33438
09/2024,6,5.1.01.01.000023,0.0
09/2024,6,5.1.01.01.000024,0.0
09/2024,6,5.1.01.02.000001,-15.68205
09/2024,6,5.1.01.02.000002,-4.48252
09/2024,6,5.1.01.02.000003,0.0
09/2024,6,5.1.01.02.000004,0.0
09/2024,6,5.1.01.02.000005,0.0
09/2024,6,5.1.01.02.000007,0.0
09/2024,6,5.1.01.03.000001,-3.74885
09/2024,6,5.1.01.03.000004,-3.21958
09/2024,6,5.1.01.03.000006,0.0
09/2024,6,5.1.01.03.000009,-5.95693
09/2024,6,5.1.01.03.000010,-6.44971
09/2024,6,5.1.01.04.000001,0.0
09/2024,6,5.1.01.04.000002,0.0
09/2024,6,5.1.01.04.000004,0.0
09/2024,6,5.1.01.05.000001,-0.3541
09/2024,6,5.1.01.05.000002,0.0
09/2024,6,5.1.01.05.000006,-1.01217
09/2024,6,5.1.01.05.000009,0.0
09/2024,6,5.1.01.06.000001,-11.03472
09/2024,6,5.1.01.06.000004,0.0
09/2024,6,5.1.01.06.000007,0.0
09/2024,6,5.1.01.07.000007,0.0
09/2024,6,5.1.01.07.000012,0.0
09/2024,6,5.1.01.08.000001,0.0
09/2024,6,5.1.01.08.000004,0.0
09/2024,6,5.1.01.08.000005,0.0
09/2024,6,5.1.01.11.000001,0.0
09/2024,6,5.1.01.11.000002,0.0
09/2024,6,5.1.01.11.000005,0.0
09/2024,6,5.1.01.11.000006,-7.5654
09/2024,6,5.1.01.11.000007,-0.18131
09/2024,6,5.1.01.11.000008,-17.11443
09/2024,6,5.1.01.11.000009,0.0
09/2024,6,5.1.01.11.000012,0.0
09/2024,6,5.1.01.11.000014,0.0
09/2024,6,5.1.01.11.000015,0.0
09/2024,6,5.1.01.11.000016,-10.42874
09/2024,6,5.1.01.11.000017,-48.03539
09/2024,6,5.1.01.11.000021,0.0
09/2024,6,5.1.01.11.000022,0.0
09/2024,6,5.1.01.11.000025,0.0
09/2024,6,5.1.01.11.000026,-0.31107
09/2024,6,5.1.01.11.000027,-0.17478
09/2024,6,5.1.01.12.000001,0.0
09/2024,6,5.1.01.12.000009,0.0
09/2024,6,5.1.01.12.000011,0.0
09/2024,6,5.1.01.12.000020,0.0
09/2024,6,5.1.01.13.000001,-9.53941
09/2024,6,5.1.03.01.000001,-0.47097
09/2024,6,5.1.03.01.000002,-0.08217
09/2024,6,5.1.03.01.000004,-319.92606
09/2024,6,5.1.03.01.000007,-0.05495
09/2024,6,5.1.04.01.000001,-31.98711
09/2024,6,5.1.04.01.000004,-139.96671
09/2024,6,5.1.04.01.000005,0.0
09/2024,6,5.1.04.01.000006,-0.01591
09/2024,6,5.1.04.01.000013,0.0
09/2024,6,5.1.04.01.000014,-290.72996
09/2024,6,5.1.04.02.000001,0.02534
09/2024,6,5.1.04.02.000002,0.39528
09/2024,6,5.2.01.01.000001,145.59161
09/2024,7,3.1.01.01.000005,11661.81309
09/2024,7,3.1.02.01.000001,0.0
09/2024,7,3.2.01.01.000003,67.0
09/2024,7,3.2.01.02.000002,13.99962
09/2024,7,3.2.01.02.000003,0.0
09/2024,7,4.1.02.01.000001,-148.76664
09/2024,7,4.1.02.01.000003,-0.8249
09/2024,7,4.1.02.01.000008,1.97084
09/2024,7,4.1.02.01.000009,-23.64526
09/2024,7,4.1.02.01.000010,-50.58493
09/2024,7,4.1.02.02.000001,-48.43363
09/2024,7,4.1.02.02.000002,-13.79299
09/2024,7,4.1.02.02.000003,0.0
09/2024,7,4.1.02.02.000005,0.0
09/2024,7,4.1.02.02.000006,0.0
09/2024,7,4.1.02.02.000007,-1.8
09/2024,7,4.1.02.02.000008,0.0
09/2024,7,4.1.02.03.000001,-0.19535
09/2024,7,4.1.02.03.000004,-17.387
09/2024,7,4.1.02.03.000005,-58.86603
09/2024,7,4.1.02.03.000006,-3.648
09/2024,7,4.1.02.03.000009,-35.3111
09/2024,7,4.1.02.03.000010,-11.61206
09/2024,7,4.1.02.03.000013,0.0
09/2024,7,4.1.02.04.000003,0.0
09/2024,7,4.1.02.04.000004,-2.82996
09/2024,7,4.1.02.05.000001,-5.62826
09/2024,7,4.1.02.05.000002,-3.90685
09/2024,7,4.1.02.05.000003,-0.051
09/2024,7,4.1.02.05.000004,-0.999
09/2024,7,4.1.02.05.000005,-1.7017
09/2024,7,4.1.02.05.000006,-9576.44686
09/2024,7,4.1.02.05.000007,0.0
09/2024,7,4.1.02.05.000009,-9.07417
09/2024,7,4.1.02.05.000010,-4.4786
09/2024,7,4.1.02.06.000001,-11.5088
09/2024,7,4.1.02.06.000004,0.0
09/2024,7,4.1.02.07.000003,-47.08513
09/2024,7,4.1.02.07.000004,-1.26225
09/2024,7,4.1.02.07.000006,-1.44
09/2024,7,4.1.02.07.000007,-0.50207
09/2024,7,4.1.02.07.000010,-10.7083
09/2024,7,4.1.02.07.000016,-106.79143
09/2024,7,4.1.02.08.000001,-21.3551
09/2024,7,4.1.02.08.000002,-1.202
09/2024,7,4.1.02.08.000005,-14.48976
09/2024,7,5.1.01.04.000002,-0.252
09/2024,7,5.1.01.04.000003,0.0
09/2024,7,5.1.01.05.000005,0.0
09/2024,7,5.1.01.05.000009,-0.37063
09/2024,7,5.1.01.07.000007,0.0
09/2024,7,5.1.01.07.000010,0.0
09/2024,7,5.1.01.07.000015,-1.8
09/2024,7,5.1.01.07.000021,-0.24899
09/2024,7,5.1.01.09.000003,-2.0
09/2024,7,5.1.01.09.000008,-11.96126
09/2024,7,5.1.01.11.000001,-5.96266
09/2024,7,5.1.01.11.000005,0.0
09/2024,7,5.1.01.11.000006,-3.32818
09/2024,7,5.1.01.11.000007,-1.07265
09/2024,7,5.1.01.11.000008,-0.29362
09/2024,7,5.1.01.11.000016,-1.1055
09/2024,7,5.1.01.11.000017,-5.092
09/2024,7,5.1.01.11.000027,-0.1573
09/2024,7,5.1.01.13.000001,-5.0
09/2024,7,5.1.02.01.000009,0.0
09/2024,7,5.1.02.01.000010,0.0
09/2024,7,5.1.02.01.000011,0.0
09/2024,7,5.1.04.01.000001,-29.04363
09/2024,7,5.1.04.01.000002,0.0
09/2024,7,5.1.04.01.000003,-175.81568
09/2024,7,5.1.04.01.000004,-62.87374
09/2024,7,5.1.04.01.000005,-0.25595
09/2024,7,5.1.04.01.000006,-3.17561
09/2024,7,5.1.04.01.000014,-28.52429
09/2024,7,5.1.04.02.000001,0.1297
09/2024,7,5.1.04.02.000002,30.8678
09/2024,7,5.1.04.02.000003,0.17035
09/2024,7,5.2.01.01.000001,62.51829
09/2024,7,5.9.01.01.000001,0.0
09/2024,7,5.9.01.02.000001,0.0
09/2024,999,3.1.01.01.000002,0.0
09/2024,999,3.1.01.01.000003,33.00334
09/2024,999,3.1.01.01.000004,40.03502
09/2024,999,3.1.01.01.000006,5.36735
09/2024,999,3.1.01.01.000008,0.0
09/2024,999,3.1.01.01.000009,0.0
09/2024,999,3.1.01.01.000010,0.0
09/2024,999,3.1.01.01.000011,0.0
09/2024,999,3.1.01.01.000012,0.0
09/2024,999,3.1.01.01.000013,76137.08319
09/2024,999,3.1.02.01.000001,0.0
09/2024,999,3.1.02.02.000004,0.0
09/2024,999,3.1.02.02.000005,0.0
09/2024,999,3.1.02.02.000008,0.0
09/2024,999,3.1.02.02.000010,-1.65017
09/2024,999,3.1.02.02.000011,0.0
09/2024,999,3.1.02.02.000012,0.0
09/2024,999,3.1.02.02.000013,-3.48793
09/2024,999,3.1.02.02.000014,-1.74398
09/2024,999,3.1.03.01.000007,0.0
09/2024,999,3.1.03.01.000011,0.0
09/2024,999,3.1.03.02.000003,0.0
09/2024,999,3.2.01.01.000001,6052.5
09/2024,999,3.2.01.01.000005,13.645
09/2024,999,3.2.01.02.000001,0.0
09/2024,999,3.2.01.02.000002,189.39292
09/2024,999,3.2.01.02.000003,340.17081
09/2024,999,3.2.01.02.000004,143.24238
09/2024,999,3.2.01.02.000006,47.0
09/2024,999,3.2.01.03.000001,0.0
09/2024,999,4.1.01.01.000001,-1158.13874
09/2024,999,4.1.01.01.000002,-1.0
09/2024,999,4.1.01.01.000003,-124.60223
09/2024,999,4.1.01.01.000006,0.0
09/2024,999,4.1.01.01.000007,0.0
09/2024,999,4.1.01.01.000009,-116.39437
09/2024,999,4.1.01.01.000010,0.0
09/2024,999,4.1.01.02.000001,-340.30341
09/2024,999,4.1.01.02.000002,-105.27007
09/2024,999,4.1.01.02.000003,-35.86591
09/2024,999,4.1.01.02.000004,0.0
09/2024,999,4.1.01.02.000005,0.0
09/2024,999,4.1.01.02.000007,-7.53684
09/2024,999,4.1.01.03.000001,-113.49244
09/2024,999,4.1.01.03.000003,0.0
09/2024,999,4.1.01.03.000004,-75.57906
09/2024,999,4.1.01.03.000005,-531.62524
09/2024,999,4.1.01.03.000006,-10.33749
09/2024,999,4.1.01.03.000008,-0.56848
09/2024,999,4.1.01.03.000009,-195.71353
09/2024,999,4.1.01.03.000010,-1.50141
09/2024,999,4.1.01.03.000013,0.0
09/2024,999,4.1.01.04.000002,-1.38445
09/2024,999,4.1.01.04.000004,-209.10376
09/2024,999,4.1.01.05.000001,-15.07237
09/2024,999,4.1.01.05.000002,-22.64584
09/2024,999,4.1.01.05.000003,-1.30691
09/2024,999,4.1.01.05.000004,-24.7655
09/2024,999,4.1.01.05.000005,-9.13887
09/2024,999,4.1.01.05.000006,-516.14324
09/2024,999,4.1.01.05.000007,-34.92357
09/2024,999,4.1.01.05.000008,-0.0899
09/2024,999,4.1.01.05.000009,0.0
09/2024,999,4.1.01.06.000001,-172.58562
09/2024,999,4.1.01.06.000002,-87.17319
09/2024,999,4.1.01.06.000003,0.0
09/2024,999,4.1.01.06.000004,-321.52995
09/2024,999,4.1.01.07.000001,-2.43103
09/2024,999,4.1.01.07.000002,-1.16651
09/2024,999,4.1.01.07.000003,-172.71419
09/2024,999,4.1.01.07.000004,-50.84177
09/2024,999,4.1.01.07.000005,-258.99895
09/2024,999,4.1.01.07.000006,-22.55
09/2024,999,4.1.01.07.000007,-48.56749
09/2024,999,4.1.01.07.000008,-2.38278
09/2024,999,4.1.01.07.000009,0.0
09/2024,999,4.1.01.07.000010,-55.25903
09/2024,999,4.1.01.07.000011,0.0
09/2024,999,4.1.01.07.000012,-57.46338
09/2024,999,4.1.01.07.000013,-98.99967
09/2024,999,4.1.01.07.000014,-450.75435
09/2024,999,4.1.01.07.000015,0.0
09/2024,999,4.1.01.07.000016,-117.0
09/2024,999,4.1.01.07.000017,0.0
09/2024,999,4.1.01.07.000018,-0.75
09/2024,999,4.1.01.07.000019,-5.397
09/2024,999,4.1.01.07.000020,0.0
09/2024,999,4.1.01.08.000001,-33.03202
09/2024,999,4.1.01.08.000002,0.0
09/2024,999,4.1.01.08.000003,-0.14
09/2024,999,4.1.01.08.000004,-5237.86569
09/2024,999,4.1.01.08.000005,-48.85507
09/2024,999,4.1.01.08.000007,0.0
09/2024,999,4.1.01.09.000004,-174.54974
09/2024,999,4.1.01.09.000006,-0.76989
09/2024,999,4.1.01.10.000001,0.0
09/2024,999,4.1.01.10.000003,0.0
09/2024,999,4.1.01.10.000004,0.0
09/2024,999,4.1.01.10.000005,0.0
09/2024,999,4.1.01.11.000002,-1522.04352
09/2024,999,4.1.01.11.000003,0.0
09/2024,999,4.1.01.11.000004,0.0
09/2024,999,4.1.01.11.000007,0.0
09/2024,999,4.1.01.11.000009,-369.206
09/2024,999,4.1.01.11.000010,0.0
09/2024,999,4.1.01.11.000017,0.0
09/2024,999,4.1.01.11.000019,-8.14085
09/2024,999,4.1.01.11.000020,-7.31408
09/2024,999,4.1.01.11.000021,0.0
09/2024,999,4.1.01.11.000025,-4.97653
09/2024,999,4.1.01.11.000026,0.0
09/2024,999,4.1.01.12.000001,-162.57952
09/2024,999,4.1.01.12.000002,-40.55643
09/2024,999,4.1.01.13.000001,0.0
09/2024,999,4.1.01.13.000002,0.0
09/2024,999,4.1.01.13.000003,0.0
09/2024,999,4.1.01.13.000004,0.0
09/2024,999,4.1.01.13.000005,0.0
09/2024,999,5.1.01.01.000001,-892.58527
09/2024,999,5.1.01.01.000003,0.0
09/2024,999,5.1.01.01.000004,-46.12044
09/2024,999,5.1.01.01.000008,0.0
09/2024,999,5.1.01.01.000012,-12.70992
09/2024,999,5.1.01.01.000020,0.0
09/2024,999,5.1.01.01.000021,0.0
09/2024,999,5.1.01.01.000022,0.0
09/2024,999,5.1.01.01.000023,-76.86319
09/2024,999,5.1.01.01.000024,0.0
09/2024,999,5.1.01.02.000001,-266.5498
09/2024,999,5.1.01.02.000002,-80.96846
09/2024,999,5.1.01.02.000003,-16.22208
09/2024,999,5.1.01.02.000006,0.0
09/2024,999,5.1.01.02.000007,0.0
09/2024,999,5.1.01.02.000020,0.0
09/2024,999,5.1.01.02.000021,0.0
09/2024,999,5.1.01.02.000022,0.0
09/2024,999,5.1.01.03.000001,-92.21404
09/2024,999,5.1.01.03.000004,-36.30089
09/2024,999,5.1.01.03.000006,-3.995
09/2024,999,5.1.01.03.000008,-4.54211
09/2024,999,5.1.01.03.000009,-112.96821
09/2024,999,5.1.01.03.000010,-69.44955
09/2024,999,5.1.01.03.000012,0.0
09/2024,999,5.1.01.03.000013,0.0
09/2024,999,5.1.01.03.000014,0.0
09/2024,999,5.1.01.04.000001,0.0
09/2024,999,5.1.01.04.000002,-0.12314
09/2024,999,5.1.01.04.000003,0.0
09/2024,999,5.1.01.04.000004,-186.7867
09/2024,999,5.1.01.05.000001,-51.52761
09/2024,999,5.1.01.05.000002,-1.20325
09/2024,999,5.1.01.05.000003,-1.10128
09/2024,999,5.1.01.05.000004,-3.26517
09/2024,999,5.1.01.05.000005,-4.65523
09/2024,999,5.1.01.05.000006,-44.64003
09/2024,999,5.1.01.05.000007,-3602.91542
09/2024,999,5.1.01.05.000009,-0.58213
09/2024,999,5.1.01.06.000001,-265.58006
09/2024,999,5.1.01.06.000002,0.0
09/2024,999,5.1.01.06.000003,0.0
09/2024,999,5.1.01.06.000004,-129.42097
09/2024,999,5.1.01.06.000005,0.0
09/2024,999,5.1.01.06.000006,-152.2959
09/2024,999,5.1.01.06.000008,0.0
09/2024,999,5.1.01.07.000001,0.0
09/2024,999,5.1.01.07.000002,0.0
09/2024,999,5.1.01.07.000003,0.0
09/2024,999,5.1.01.07.000004,0.0
09/2024,999,5.1.01.07.000005,-6.59007
09/2024,999,5.1.01.07.000007,0.0
09/2024,999,5.1.01.07.000008,0.0
09/2024,999,5.1.01.07.000010,-213.88292
09/2024,999,5.1.01.07.000014,0.0
09/2024,999,5.1.01.07.000015,-3.24
09/2024,999,5.1.01.07.000020,0.0
09/2024,999,5.1.01.07.000021,-2.1124
09/2024,999,5.1.01.08.000001,-4.90679
09/2024,999,5.1.01.08.000002,-0.1
09/2024,999,5.1.01.08.000003,0.0
09/2024,999,5.1.01.08.000004,-8.51342
09/2024,999,5.1.01.08.000005,-13587.25846
09/2024,999,5.1.01.09.000001,0.0
09/2024,999,5.1.01.09.000003,-38.4028
09/2024,999,5.1.01.09.000005,0.0
09/2024,999,5.1.01.09.000008,-0.52455
09/2024,999,5.1.01.10.000002,0.0
09/2024,999,5.1.01.10.000003,0.0
09/2024,999,5.1.01.10.000004,0.0
09/2024,999,5.1.01.11.000001,-6.17541
09/2024,999,5.1.01.11.000003,0.0
09/2024,999,5.1.01.11.000004,0.0
09/2024,999,5.1.01.11.000006,-68.02426
09/2024,999,5.1.01.11.000007,-22.33829
09/2024,999,5.1.01.11.000008,-11.31887
09/2024,999,5.1.01.11.000010,0.0
09/2024,999,5.1.01.11.000012,0.0
09/2024,999,5.1.01.11.000013,0.0
09/2024,999,5.1.01.11.000014,0.0
09/2024,999,5.1.01.11.000015,0.0
09/2024,999,5.1.01.11.000021,0.0
09/2024,999,5.1.01.11.000022,0.0
09/2024,999,5.1.01.11.000025,0.0
09/2024,999,5.1.01.11.000026,0.0
09/2024,999,5.1.01.11.000027,-0.62445
09/2024,999,5.1.01.11.000031,0.0
09/2024,999,5.1.01.12.000003,0.0
09/2024,999,5.1.01.12.000008,0.0
09/2024,999,5.1.01.12.000009,0.0
09/2024,999,5.1.01.12.000019,0.0
09/2024,999,5.1.01.13.000001,-18.04195
09/2024,999,5.1.01.14.000001,0.0
09/2024,999,5.1.01.14.000002,0.0
09/2024,999,5.1.01.14.000003,-649.32232
09/2024,999,5.1.02.01.000006,0.0
09/2024,999,5.1.02.01.000009,0.0
09/2024,999,5.1.02.01.000010,-427.18015
09/2024,999,5.1.02.01.000011,0.0
09/2024,999,5.1.02.01.000012,18.0
09/2024,999,5.1.03.01.000001,-67.59946
09/2024,999,5.1.03.01.000002,-8.1259
09/2024,999,5.1.03.01.000003,-282.52197
09/2024,999,5.1.03.01.000004,-23438.55049
09/2024,999,5.1.03.01.000005,-29.48845
09/2024,999,5.1.03.01.000007,-1.97121
09/2024,999,5.1.03.02.000001,-32.92493
09/2024,999,5.1.04.01.000001,-91.07103
09/2024,999,5.1.04.01.000002,0.0
09/2024,999,5.1.04.01.000004,-2190.49891
09/2024,999,5.1.04.01.000005,-19.4538
09/2024,999,5.1.04.01.000006,-384.85119
09/2024,999,5.1.04.01.000007,0.0
09/2024,999,5.1.04.01.000009,0.0
09/2024,999,5.1.04.01.000010,0.0
09/2024,999,5.1.04.01.000011,0.0
09/2024,999,5.1.04.01.000014,-6739.14257
09/2024,999,5.1.04.01.000015,-0.0515
09/2024,999,5.1.04.01.000016,-1.2685
09/2024,999,5.1.04.01.000017,-705.79165
09/2024,999,5.1.04.02.000001,257.50698
09/2024,999,5.1.04.02.000002,17.93944
09/2024,999,5.1.04.02.000003,0.11031
09/2024,999,5.2.01.01.000001,502.47312
09/2024,999,5.9.01.01.000001,0.0
09/2024,999,5.9.01.01.000002,0.0
09/2024,999,5.9.01.02.000001,0.0
09/2024,999,5.9.01.02.000002,0.0
09/2025,6,3.1.01.01.000002,4414.51791
09/2025,6,3.1.01.01.000003,0.0
09/2025,6,3.1.01.01.000013,476.49564
09/2025,6,3.1.02.02.000002,0.0
09/2025,6,3.1.02.02.000003,0.0
09/2025,6,3.1.02.02.000004,0.0
09/2025,6,3.1.02.02.000009,0.0
09/2025,6,3.1.02.02.000010,-86.79039
09/2025,6,3.1.03.02.000003,0.0
09/2025,6,3.1.03.03.000001,0.0
09/2025,6,3.2.01.01.000001,0.0
09/2025,6,3.2.01.02.000002,0.9094
09/2025,6,4.1.01.01.000001,-709.90377
09/2025,6,4.1.01.01.000002,-27.5
09/2025,6,4.1.01.01.000003,-289.3856
09/2025,6,4.1.01.01.000006,-4.15869
09/2025,6,4.1.01.01.000008,0.0
09/2025,6,4.1.01.01.000009,-56.80063
09/2025,6,4.1.01.01.000010,0.0
09/2025,6,4.1.01.02.000001,-195.24676
09/2025,6,4.1.01.02.000002,-84.84265
09/2025,6,4.1.01.02.000003,-68.54563
09/2025,6,4.1.01.02.000004,0.0
09/2025,6,4.1.01.02.000006,0.0
09/2025,6,4.1.01.02.000007,0.0
09/2025,6,4.1.01.03.000001,-48.44963
09/2025,6,4.1.01.03.000003,0.0
09/2025,6,4.1.01.03.000004,-3.94044
09/2025,6,4.1.01.03.000006,-20.903
09/2025,6,4.1.01.03.000009,-92.83285
09/2025,6,4.1.01.03.000010,-5.22
09/2025,6,4.1.01.04.000004,-14.79944
09/2025,6,4.1.01.05.000001,0.0
09/2025,6,4.1.01.05.000002,0.0
09/2025,6,4.1.01.05.000003,0.0
09/2025,6,4.1.01.05.000006,-1376.22484
09/2025,6,4.1.01.06.000001,-6.752
09/2025,6,4.1.01.06.000002,-0.678
09/2025,6,4.1.01.06.000004,-19.93218
09/2025,6,4.1.01.07.000007,-7.26652
09/2025,6,4.1.01.07.000012,-4.17666
09/2025,6,4.1.01.07.000013,0.0
09/2025,6,4.1.01.07.000014,0.0
09/2025,6,4.1.01.07.000018,0.0
09/2025,6,4.1.01.08.000001,0.0
09/2025,6,4.1.01.08.000004,-369.53921
09/2025,6,4.1.01.08.000005,0.0
09/2025,6,4.1.01.08.000006,0.0
09/2025,6,4.1.01.11.000002,-285.3028
09/2025,6,4.1.01.11.000007,0.0
09/2025,6,4.1.01.11.000008,0.0
09/2025,6,4.1.01.11.000009,-3.96258
09/2025,6,4.1.01.11.000025,0.0
09/2025,6,5.1.01.01.000001,0.0
09/2025,6,5.1.01.01.000003,0.0
09/2025,6,5.1.01.01.000004,0.0
09/2025,6,5.1.01.01.000023,0.0
09/2025,6,5.1.01.01.000024,0.0
09/2025,6,5.1.01.02.000001,0.0
09/2025,6,5.1.01.02.000002,0.0
09/2025,6,5.1.01.02.000003,0.0
09/2025,6,5.1.01.02.000004,0.0
09/2025,6,5.1.01.02.000005,0.0
09/2025,6,5.1.01.02.000007,0.0
09/2025,6,5.1.01.03.000001,0.0
09/2025,6,5.1.01.03.000004,0.0
09/2025,6,5.1.01.03.000006,0.0
09/2025,6,5.1.01.03.000009,0.0
09/2025,6,5.1.01.03.000010,0.0
09/2025,6,5.1.01.04.000001,0.0
09/2025,6,5.1.01.04.000002,0.0
09/2025,6,5.1.01.04.000004,0.0
09/2025,6,5.1.01.05.000001,0.0
09/2025,6,5.1.01.05.000002,0.0
09/2025,6,5.1.01.05.000006,0.0
09/2025,6,5.1.01.05.000009,0.0
09/2025,6,5.1.01.06.000001,0.0
09/2025,6,5.1.01.06.000004,0.0
09/2025,6,5.1.01.06.000007,0.0
09/2025,6,5.1.01.07.000007,0.0
09/2025,6,5.1.01.07.000012,0.0
09/2025,6,5.1.01.08.000001,0.0
09/2025,6,5.1.01.08.000004,0.0
09/2025,6,5.1.01.08.000005,0.0
09/2025,6,5.1.01.11.000001,0.0
09/2025,6,5.1.01.11.000002,0.0
09/2025,6,5.1.01.11.000005,0.0
09/2025,6,5.1.01.11.000006,0.0
09/2025,6,5.1.01.11.000007,-0.38634
09/2025,6,5.1.01.11.000008,-43.9643
09/2025,6,5.1.01.11.000009,0.0
09/2025,6,5.1.01.11.000012,0.0
09/2025,6,5.1.01.11.000014,0.0
09/2025,6,5.1.01.11.000015,0.0
09/2025,6,5.1.01.11.000016,-24.03397
09/2025,6,5.1.01.11.000017,-110.70192
09/2025,6,5.1.01.11.000021,0.0
09/2025,6,5.1.01.11.000022,0.0
09/2025,6,5.1.01.11.000025,0.0
09/2025,6,5.1.01.11.000026,-8.89731
09/2025,6,5.1.01.11.000027,-0.16354
09/2025,6,5.1.01.12.000001,0.0
09/2025,6,5.1.01.12.000009,0.0
09/2025,6,5.1.01.12.000011,0.0
09/2025,6,5.1.01.12.000020,0.0
09/2025,6,5.1.01.13.000001,0.0
09/2025,6,5.1.03.01.000001,-0.47106
09/2025,6,5.1.03.01.000002,-0.08217
09/2025,6,5.1.03.01.000004,-27.0
09/2025,6,5.1.03.01.000007,-0.12969
09/2025,6,5.1.04.01.000001,-9.59219
09/2025,6,5.1.04.01.000004,-326.91399
09/2025,6,5.1.04.01.000005,0.0
09/2025,6,5.1.04.01.000006,-0.04922
09/2025,6,5.1.04.01.000011,-160.0
09/2025,6,5.1.04.01.000013,0.0
09/2025,6,5.1.04.01.000014,-181.99869
09/2025,6,5.1.04.02.000001,0.08049
09/2025,6,5.1.04.02.000002,0.27717
09/2025,6,5.1.04.02.000003,55.70942
09/2025,6,5.2.01.01.000001,2.95483
09/2025,7,3.1.01.01.000005,16768.09649
09/2025,7,3.1.02.01.000001,0.0
09/2025,7,3.2.01.01.000003,66.0
09/2025,7,3.2.01.02.000002,15.64689
09/2025,7,3.2.01.02.000003,0.0
09/2025,7,4.1.01.08.000005,-6.6
09/2025,7,4.1.02.01.000001,-164.88062
09/2025,7,4.1.02.01.000003,0.0
09/2025,7,4.1.02.01.000008,0.0
09/2025,7,4.1.02.01.000009,-22.7638
09/2025,7,4.1.02.01.000010,-35.78484
09/2025,7,4.1.02.02.000001,-51.65331
09/2025,7,4.1.02.02.000002,-15.37707
09/2025,7,4.1.02.02.000003,0.0
09/2025,7,4.1.02.02.000005,0.0
09/2025,7,4.1.02.02.000006,0.0
09/2025,7,4.1.02.02.000007,-1.8
09/2025,7,4.1.02.02.000008,0.0
09/2025,7,4.1.02.03.000001,0.0
09/2025,7,4.1.02.03.000004,-16.428
09/2025,7,4.1.02.03.000005,0.0
09/2025,7,4.1.02.03.000006,-5.42
09/2025,7,4.1.02.03.000009,-28.306
09/2025,7,4.1.02.03.000010,0.0
09/2025,7,4.1.02.03.000013,0.0
09/2025,7,4.1.02.04.000003,-33.66643
09/2025,7,4.1.02.04.000004,0.0
09/2025,7,4.1.02.05.000001,-6.19196
09/2025,7,4.1.02.05.000002,-3.37197
09/2025,7,4.1.02.05.000003,-2.9895
09/2025,7,4.1.02.05.000004,-1.078
09/2025,7,4.1.02.05.000005,-2.11437
09/2025,7,4.1.02.05.000006,-12359.05552
09/2025,7,4.1.02.05.000007,0.0
09/2025,7,4.1.02.05.000009,-10.26259
09/2025,7,4.1.02.05.000010,0.0
09/2025,7,4.1.02.06.000001,-19.41615
09/2025,7,4.1.02.06.000004,0.0
09/2025,7,4.1.02.07.000003,-52.32666
09/2025,7,4.1.02.07.000004,-1.19202
09/2025,7,4.1.02.07.000006,-6.64
09/2025,7,4.1.02.07.000007,0.0
09/2025,7,4.1.02.07.000010,0.0
09/2025,7,4.1.02.07.000016,-112.94259
09/2025,7,4.1.02.08.000001,-22.14713
09/2025,7,4.1.02.08.000002,-0.15
09/2025,7,4.1.02.08.000005,-12.85625
09/2025,7,5.1.01.04.000002,-0.179
09/2025,7,5.1.01.04.000003,0.0
09/2025,7,5.1.01.05.000001,-0.0717
09/2025,7,5.1.01.05.000003,-0.18
09/2025,7,5.1.01.05.000005,0.0
09/2025,7,5.1.01.05.000009,-0.3555
09/2025,7,5.1.01.07.000007,0.0
09/2025,7,5.1.01.07.000010,-11.5226
09/2025,7,5.1.01.07.000015,-1.8
09/2025,7,5.1.01.07.000021,-0.5
09/2025,7,5.1.01.08.000005,0.0
09/2025,7,5.1.01.09.000003,-0.628
09/2025,7,5.1.01.09.000008,0.0
09/2025,7,5.1.01.11.000001,-6.41208
09/2025,7,5.1.01.11.000005,0.0
09/2025,7,5.1.01.11.000006,-3.08278
09/2025,7,5.1.01.11.000007,-0.72693
09/2025,7,5.1.01.11.000008,-0.72282
09/2025,7,5.1.01.11.000016,-1.089
09/2025,7,5.1.01.11.000017,-5.016
09/2025,7,5.1.01.11.000027,-0.16354
09/2025,7,5.1.01.13.000001,0.0
09/2025,7,5.1.01.14.000003,0.0
09/2025,7,5.1.02.01.000009,0.0
09/2025,7,5.1.02.01.000010,0.0
09/2025,7,5.1.02.01.000011,0.0
09/2025,7,5.1.04.01.000001,-38.74772
09/2025,7,5.1.04.01.000002,-390.77044
09/2025,7,5.1.04.01.000003,0.0
09/2025,7,5.1.04.01.000004,-54.96537
09/2025,7,5.1.04.01.000005,-0.28777
09/2025,7,5.1.04.01.000006,-0.08774
09/2025,7,5.1.04.01.000014,0.0
09/2025,7,5.1.04.02.000001,0.10234
09/2025,7,5.1.04.02.000002,0.13167
09/2025,7,5.1.04.02.000003,0.17389
09/2025,7,5.2.01.01.000001,0.0
09/2025,7,5.9.01.01.000001,0.0
09/2025,7,5.9.01.02.000001,0.0
09/2025,999,3.1.01.01.000002,0.0
09/2025,999,3.1.01.01.000003,495.7963
09/2025,999,3.1.01.01.000004,511.03772
09/2025,999,3.1.01.01.000006,25.37226
09/2025,999,3.1.01.01.000008,0.0
09/2025,999,3.1.01.01.000009,0.0
09/2025,999,3.1.01.01.000010,0.0
09/2025,999,3.1.01.01.000011,0.0
09/2025,999,3.1.01.01.000012,0.0
09/2025,999,3.1.01.01.000013,74762.99827
09/2025,999,3.1.02.01.000001,-0.5022
09/2025,999,3.1.02.02.000004,0.0
09/2025,999,3.1.02.02.000005,0.0
09/2025,999,3.1.02.02.000008,0.0
09/2025,999,3.1.02.02.000010,-0.99983
09/2025,999,3.1.02.02.000011,0.0
09/2025,999,3.1.02.02.000012,0.0
09/2025,999,3.1.02.02.000013,-2.73315
09/2025,999,3.1.02.02.000014,-1.36657
09/2025,999,3.1.03.01.000007,0.0
09/2025,999,3.1.03.01.000011,0.0
09/2025,999,3.1.03.02.000001,0.0
09/2025,999,3.1.03.02.000003,0.0
09/2025,999,3.1.03.02.000004,0.0
09/2025,999,3.1.03.03.000001,0.0
09/2025,999,3.2.01.01.000001,8505.33399
09/2025,999,3.2.01.01.000005,4.60975
09/2025,999,3.2.01.02.000001,0.0
09/2025,999,3.2.01.02.000002,38.15106
09/2025,999,3.2.01.02.000003,0.3
09/2025,999,3.2.01.02.000004,0.0
09/2025,999,3.2.01.02.000005,267.405
09/2025,999,3.2.01.02.000006,2612.90714
09/2025,999,3.2.01.03.000001,0.0
09/2025,999,4.1.01.01.000001,-1141.55241
09/2025,999,4.1.01.01.000002,-19.24381
09/2025,999,4.1.01.01.000003,-83.51034
09/2025,999,4.1.01.01.000004,0.0
09/2025,999,4.1.01.01.000006,0.0
09/2025,999,4.1.01.01.000007,0.0
09/2025,999,4.1.01.01.000009,-87.88032
09/2025,999,4.1.01.01.000010,0.0
09/2025,999,4.1.01.02.000001,-330.32273
09/2025,999,4.1.01.02.000002,-103.68296
09/2025,999,4.1.01.02.000003,-26.90382
09/2025,999,4.1.01.02.000004,0.0
09/2025,999,4.1.01.02.000005,0.0
09/2025,999,4.1.01.02.000007,-7.76737
09/2025,999,4.1.01.03.000001,-164.05604
09/2025,999,4.1.01.03.000003,0.0
09/2025,999,4.1.01.03.000004,-100.66947
09/2025,999,4.1.01.03.000005,0.0
09/2025,999,4.1.01.03.000006,-17.5926
09/2025,999,4.1.01.03.000008,-1.94005
09/2025,999,4.1.01.03.000009,-194.0611
09/2025,999,4.1.01.03.000010,-1.12461
09/2025,999,4.1.01.03.000013,0.0
09/2025,999,4.1.01.04.000002,0.0
09/2025,999,4.1.01.04.000004,-228.9642
09/2025,999,4.1.01.05.000001,-1.1452
09/2025,999,4.1.01.05.000002,-17.44461
09/2025,999,4.1.01.05.000003,-2.62218
09/2025,999,4.1.01.05.000004,-11.363
09/2025,999,4.1.01.05.000005,-9.55315
09/2025,999,4.1.01.05.000006,-1075.39719
09/2025,999,4.1.01.05.000007,-16.27909
09/2025,999,4.1.01.05.000008,0.0
09/2025,999,4.1.01.05.000009,-8.03451
09/2025,999,4.1.01.06.000001,-257.60875
09/2025,999,4.1.01.06.000002,-153.52208
09/2025,999,4.1.01.06.000003,0.0
09/2025,999,4.1.01.06.000004,-699.04017
09/2025,999,4.1.01.06.000007,-0.65693
09/2025,999,4.1.01.07.000001,-3.5778
09/2025,999,4.1.01.07.000002,-0.74504
09/2025,999,4.1.01.07.000003,-146.94115
09/2025,999,4.1.01.07.000004,-314.53417
09/2025,999,4.1.01.07.000005,-22.76666
09/2025,999,4.1.01.07.000006,-22.05
09/2025,999,4.1.01.07.000007,-29.04321
09/2025,999,4.1.01.07.000008,-1.619
09/2025,999,4.1.01.07.000009,0.0
09/2025,999,4.1.01.07.000010,-8.86
09/2025,999,4.1.01.07.000011,0.0
09/2025,999,4.1.01.07.000012,-45.79251
09/2025,999,4.1.01.07.000013,-142.31987
09/2025,999,4.1.01.07.000014,-377.11545
09/2025,999,4.1.01.07.000015,-16.34814
09/2025,999,4.1.01.07.000016,-111.0
09/2025,999,4.1.01.07.000017,-0.5
09/2025,999,4.1.01.07.000018,-1.925
09/2025,999,4.1.01.07.000019,-41.48281
09/2025,999,4.1.01.07.000020,0.0
09/2025,999,4.1.01.08.000001,-123.95312
09/2025,999,4.1.01.08.000002,-0.385
09/2025,999,4.1.01.08.000003,-8.819
09/2025,999,4.1.01.08.000004,-5483.70442
09/2025,999,4.1.01.08.000005,-77.39572
09/2025,999,4.1.01.08.000007,-4.464
09/2025,999,4.1.01.08.000008,-1.6
09/2025,999,4.1.01.09.000004,-267.30928
09/2025,999,4.1.01.09.000006,0.0
09/2025,999,4.1.01.10.000001,-0.2705
09/2025,999,4.1.01.10.000003,0.0
09/2025,999,4.1.01.10.000004,0.0
09/2025,999,4.1.01.10.000005,0.0
09/2025,999,4.1.01.11.000002,-1292.95828
09/2025,999,4.1.01.11.000003,0.0
09/2025,999,4.1.01.11.000004,-23.8735
09/2025,999,4.1.01.11.000007,0.0
09/2025,999,4.1.01.11.000009,-331.20015
09/2025,999,4.1.01.11.000010,0.0
09/2025,999,4.1.01.11.000017,0.0
09/2025,999,4.1.01.11.000019,0.0
09/2025,999,4.1.01.11.000020,-43.45335
09/2025,999,4.1.01.11.000021,0.0
09/2025,999,4.1.01.11.000025,0.0
09/2025,999,4.1.01.11.000026,0.0
09/2025,999,4.1.01.12.000001,-191.97407
09/2025,999,4.1.01.12.000002,-4.59314
09/2025,999,4.1.01.13.000001,-0.35476
09/2025,999,4.1.01.13.000002,0.0
09/2025,999,4.1.01.13.000003,0.0
09/2025,999,4.1.01.13.000004,0.0
09/2025,999,4.1.01.13.000005,0.0
09/2025,999,5.1.01.01.000001,-730.05979
09/2025,999,5.1.01.01.000003,0.0
09/2025,999,5.1.01.01.000004,-91.80164
09/2025,999,5.1.01.01.000005,0.0
09/2025,999,5.1.01.01.000008,0.0
09/2025,999,5.1.01.01.000012,-10.6324
09/2025,999,5.1.01.01.000020,0.0
09/2025,999,5.1.01.01.000021,0.0
09/2025,999,5.1.01.01.000022,0.0
09/2025,999,5.1.01.01.000023,-58.22729
09/2025,999,5.1.01.01.000024,0.0
09/2025,999,5.1.01.02.000001,-205.61808
09/2025,999,5.1.01.02.000002,-65.5129
09/2025,999,5.1.01.02.000003,-32.63562
09/2025,999,5.1.01.02.000005,0.0
09/2025,999,5.1.01.02.000006,0.0
09/2025,999,5.1.01.02.000007,0.0
09/2025,999,5.1.01.02.000020,0.0
09/2025,999,5.1.01.02.000021,0.0
09/2025,999,5.1.01.02.000022,0.0
09/2025,999,5.1.01.03.000001,-104.22846
09/2025,999,5.1.01.03.000004,-1.32118
09/2025,999,5.1.01.03.000006,-2.759
09/2025,999,5.1.01.03.000008,-19.97931
09/2025,999,5.1.01.03.000009,-46.812
09/2025,999,5.1.01.03.000010,-7.125
09/2025,999,5.1.01.03.000012,0.0
09/2025,999,5.1.01.03.000013,-0.10958
09/2025,999,5.1.01.03.000014,0.0
09/2025,999,5.1.01.04.000001,-3.1
09/2025,999,5.1.01.04.000002,-0.7975
09/2025,999,5.1.01.04.000003,0.0
09/2025,999,5.1.01.04.000004,-68.06807
09/2025,999,5.1.01.05.000001,-9.55443
09/2025,999,5.1.01.05.000002,-3.91165
09/2025,999,5.1.01.05.000003,0.0
09/2025,999,5.1.01.05.000004,-12.9998
09/2025,999,5.1.01.05.000005,-1.60211
09/2025,999,5.1.01.05.000006,-68.82901
09/2025,999,5.1.01.05.000007,0.0
09/2025,999,5.1.01.05.000009,-1.59912
09/2025,999,5.1.01.05.000010,0.0
09/2025,999,5.1.01.06.000001,-54.59709
09/2025,999,5.1.01.06.000002,0.0
09/2025,999,5.1.01.06.000003,0.0
09/2025,999,5.1.01.06.000004,-324.72714
09/2025,999,5.1.01.06.000005,0.0
09/2025,999,5.1.01.06.000006,-145.79246
09/2025,999,5.1.01.06.000008,0.0
09/2025,999,5.1.01.07.000001,0.0
09/2025,999,5.1.01.07.000002,0.0
09/2025,999,5.1.01.07.000003,-21.67955
09/2025,999,5.1.01.07.000004,0.0
09/2025,999,5.1.01.07.000005,-0.26666
09/2025,999,5.1.01.07.000007,0.0
09/2025,999,5.1.01.07.000008,0.0
09/2025,999,5.1.01.07.000010,-107.61196
09/2025,999,5.1.01.07.000014,0.0
09/2025,999,5.1.01.07.000015,-3.24
09/2025,999,5.1.01.07.000020,-17.9738
09/2025,999,5.1.01.07.000021,-0.07074
09/2025,999,5.1.01.08.000001,-10.38
09/2025,999,5.1.01.08.000002,0.0
09/2025,999,5.1.01.08.000003,0.0
09/2025,999,5.1.01.08.000004,-17.57675
09/2025,999,5.1.01.08.000005,-128.40211
09/2025,999,5.1.01.09.000001,0.0
09/2025,999,5.1.01.09.000003,-24.0
09/2025,999,5.1.01.09.000005,0.0
09/2025,999,5.1.01.09.000007,0.0
09/2025,999,5.1.01.09.000008,0.0
09/2025,999,5.1.01.10.000002,0.0
09/2025,999,5.1.01.10.000003,0.0
09/2025,999,5.1.01.10.000004,0.0
09/2025,999,5.1.01.11.000001,-19.58305
09/2025,999,5.1.01.11.000003,0.0
09/2025,999,5.1.01.11.000004,0.0
09/2025,999,5.1.01.11.000006,-23.18125
09/2025,999,5.1.01.11.000007,-313.76079
09/2025,999,5.1.01.11.000008,-63.24919
09/2025,999,5.1.01.11.000010,-10.62682
09/2025,999,5.1.01.11.000012,0.0
09/2025,999,5.1.01.11.000013,0.0
09/2025,999,5.1.01.11.000014,0.0
09/2025,999,5.1.01.11.000015,0.0
09/2025,999,5.1.01.11.000021,-4.08973
09/2025,999,5.1.01.11.000022,0.0
09/2025,999,5.1.01.11.000025,0.0
09/2025,999,5.1.01.11.000026,0.0
09/2025,999,5.1.01.11.000027,-4.60604
09/2025,999,5.1.01.11.000030,-8.54405
09/2025,999,5.1.01.11.000031,-154.69676
09/2025,999,5.1.01.12.000003,0.0
09/2025,999,5.1.01.12.000008,0.0
09/2025,999,5.1.01.12.000009,0.0
09/2025,999,5.1.01.12.000019,0.0
09/2025,999,5.1.01.12.000021,-118.99649
09/2025,999,5.1.01.13.000001,0.0
09/2025,999,5.1.01.14.000001,0.0
09/2025,999,5.1.01.14.000002,0.0
09/2025,999,5.1.01.14.000003,-3151.37095
09/2025,999,5.1.02.01.000006,0.0
09/2025,999,5.1.02.01.000009,0.0
09/2025,999,5.1.02.01.000010,0.0
09/2025,999,5.1.02.01.000011,0.0
09/2025,999,5.1.02.01.000012,150.0
09/2025,999,5.1.03.01.000001,-69.41008
09/2025,999,5.1.03.01.000002,-9.21353
09/2025,999,5.1.03.01.000003,-282.52204
09/2025,999,5.1.03.01.000004,-24861.2742
09/2025,999,5.1.03.01.000005,-31.26546
09/2025,999,5.1.03.01.000007,-2.67586
09/2025,999,5.1.03.02.000001,-58.83765
09/2025,999,5.1.04.01.000001,-80.22038
09/2025,999,5.1.04.01.000002,0.0
09/2025,999,5.1.04.01.000004,-3020.06467
09/2025,999,5.1.04.01.000005,-30.91215
09/2025,999,5.1.04.01.000006,-84.67053
09/2025,999,5.1.04.01.000007,0.0
09/2025,999,5.1.04.01.000009,-3.5
09/2025,999,5.1.04.01.000010,0.0
09/2025,999,5.1.04.01.000011,0.0
09/2025,999,5.1.04.01.000014,-8511.42528
09/2025,999,5.1.04.01.000015,-0.59942
09/2025,999,5.1.04.01.000016,-1.4925
09/2025,999,5.1.04.01.000017,-642.50376
09/2025,999,5.1.04.02.000001,198.10638
09/2025,999,5.1.04.02.000002,355.98468
09/2025,999,5.1.04.02.000003,11.54279
09/2025,999,5.2.01.01.000001,756.20636
09/2025,999,5.9.01.01.000001,0.0
09/2025,999,5.9.01.01.000002,0.0
09/2025,999,5.9.01.02.000001,0.0
09/2025,999,5.9.01.02.000002,0.0
10/2022,6,3.1.01.01.000002,5937.72839
10/2022,6,3.1.01.01.000003,0.0
10/2022,6,3.1.02.02.000002,-118.75458
10/2022,6,3.1.02.02.000003,-97.97508
10/2022,6,3.1.02.02.000004,-451.27912
10/2022,6,3.1.02.02.000009,-0.0
10/2022,6,3.1.02.02.000010,0.0
10/2022,6,3.1.03.02.000003,0.0
10/2022,6,4.1.01.01.000001,-969.07704
10/2022,6,4.1.01.01.000002,-17.0
10/2022,6,4.1.01.01.000003,0.0
10/2022,6,4.1.01.01.000009,0.0
10/2022,6,4.1.01.02.000001,-266.27247
10/2022,6,4.1.01.02.000002,-72.31474
10/2022,6,4.1.01.02.000003,-8.11299
10/2022,6,4.1.01.02.000004,-0.36462
10/2022,6,4.1.01.02.000006,0.0
10/2022,6,4.1.01.02.000007,-8.0
10/2022,6,4.1.01.03.000001,-78.95881
10/2022,6,4.1.01.03.000003,0.0
10/2022,6,4.1.01.03.000004,0.0
10/2022,6,4.1.01.03.000006,-6.31687
10/2022,6,4.1.01.03.000009,-151.44589
10/2022,6,4.1.01.03.000010,-0.608
10/2022,6,4.1.01.04.000004,-3.86577
10/2022,6,4.1.01.05.000001,0.0
10/2022,6,4.1.01.05.000002,-0.9374
10/2022,6,4.1.01.05.000003,-0.75336
10/2022,6,4.1.01.05.000006,-2081.20309
10/2022,6,4.1.01.06.000001,-1.02
10/2022,6,4.1.01.06.000002,0.0
10/2022,6,4.1.01.06.000004,-113.17
10/2022,6,4.1.01.07.000007,-0.17061
10/2022,6,4.1.01.07.000012,0.0
10/2022,6,4.1.01.07.000013,0.0
10/2022,6,4.1.01.07.000014,-0.42
10/2022,6,4.1.01.08.000001,0.0
10/2022,6,4.1.01.08.000004,-357.78127
10/2022,6,4.1.01.08.000005,0.0
10/2022,6,4.1.01.08.000006,0.0
10/2022,6,4.1.01.11.000002,-99.58561
10/2022,6,4.1.01.11.000008,0.0
10/2022,6,4.1.01.11.000009,-12.16129
10/2022,6,4.1.01.11.000025,0.0
10/2022,6,5.1.01.01.000001,0.0
10/2022,6,5.1.01.01.000003,0.0
10/2022,6,5.1.01.01.000004,0.0
10/2022,6,5.1.01.02.000001,0.0
10/2022,6,5.1.01.02.000002,0.0
10/2022,6,5.1.01.02.000004,-0.39817
10/2022,6,5.1.01.02.000005,0.0
10/2022,6,5.1.01.02.000007,0.0
10/2022,6,5.1.01.03.000001,0.0
10/2022,6,5.1.01.03.000004,-4.2864
10/2022,6,5.1.01.03.000006,0.0
10/2022,6,5.1.01.03.000009,0.0
10/2022,6,5.1.01.03.000010,-7.0058
10/2022,6,5.1.01.04.000001,0.0
10/2022,6,5.1.01.04.000002,0.0
10/2022,6,5.1.01.04.000004,-0.5
10/2022,6,5.1.01.05.000001,-0.69336
10/2022,6,5.1.01.05.000002,-0.2145
10/2022,6,5.1.01.05.000006,0.0
10/2022,6,5.1.01.06.000004,0.0
10/2022,6,5.1.01.06.000007,-0.355
10/2022,6,5.1.01.07.000007,0.0
10/2022,6,5.1.01.07.000012,-0.44031
10/2022,6,5.1.01.08.000001,0.0
10/2022,6,5.1.01.08.000004,0.0
10/2022,6,5.1.01.08.000005,-0.59
10/2022,6,5.1.01.11.000001,-0.14306
10/2022,6,5.1.01.11.000002,0.0
10/2022,6,5.1.01.11.000005,-2.0
10/2022,6,5.1.01.11.000006,-1.91468
10/2022,6,5.1.01.11.000007,-4.8193
10/2022,6,5.1.01.11.000008,-11.76304
10/2022,6,5.1.01.11.000009,0.0
10/2022,6,5.1.01.11.000012,0.0
10/2022,6,5.1.01.11.000014,0.0
10/2022,6,5.1.01.11.000015,0.0
10/2022,6,5.1.01.11.000016,0.0
10/2022,6,5.1.01.11.000017,0.0
10/2022,6,5.1.01.11.000021,-0.12396
10/2022,6,5.1.01.11.000022,-0.19291
10/2022,6,5.1.01.11.000025,0.0
10/2022,6,5.1.01.11.000027,0.0
10/2022,6,5.1.01.12.000001,-9.63234
10/2022,6,5.1.01.12.000009,0.0
10/2022,6,5.1.01.12.000011,-0.5182
10/2022,6,5.1.01.12.000020,-0.00774
10/2022,6,5.1.03.01.000004,-2615.56472
10/2022,6,5.1.04.01.000001,-2.64167
10/2022,6,5.1.04.01.000004,-57.40851
10/2022,6,5.1.04.01.000005,0.0
10/2022,6,5.1.04.01.000006,-0.01605
10/2022,6,5.1.04.01.000013,0.0
10/2022,6,5.1.04.01.000014,0.0
10/2022,6,5.1.04.02.000001,0.15477
10/2022,6,5.1.04.02.000002,1e-05
10/2022,999,3.1.01.01.000002,1645.52239
10/2022,999,3.1.01.01.000003,91.10668
10/2022,999,3.1.01.01.000004,237.64643
10/2022,999,3.1.01.01.000006,60.50236
10/2022,999,3.1.01.01.000008,0.0
10/2022,999,3.1.01.01.000009,75.0
10/2022,999,3.1.01.01.000010,120.0
10/2022,999,3.1.01.01.000011,1473.66
10/2022,999,3.1.01.01.000012,835.31011
10/2022,999,3.1.01.01.000013,75104.87202
10/2022,999,3.1.02.01.000001,-101.11693
10/2022,999,3.1.02.02.000005,-34.43826
10/2022,999,3.1.02.02.000008,-165.30132
10/2022,999,3.1.02.02.000010,-86.61397
10/2022,999,3.1.02.02.000011,-25.10697
10/2022,999,3.1.02.02.000012,-124.41658
10/2022,999,3.1.02.02.000013,-2.87026
10/2022,999,3.1.02.02.000014,-1.43513
10/2022,999,3.1.03.01.000007,0.0
10/2022,999,3.1.03.01.000011,0.0
10/2022,999,3.1.03.02.000003,0.0
10/2022,999,3.2.01.01.000001,6838.5
10/2022,999,3.2.01.01.000005,2.136
10/2022,999,3.2.01.02.000001,2951.10075
10/2022,999,3.2.01.02.000002,41.76215
10/2022,999,3.2.01.02.000003,23.14382
10/2022,999,3.2.01.02.000004,36.65713
10/2022,999,4.1.01.01.000001,-1358.11877
10/2022,999,4.1.01.01.000003,-96.07258
10/2022,999,4.1.01.01.000007,-4.41366
10/2022,999,4.1.01.02.000001,-406.7386
10/2022,999,4.1.01.02.000002,-116.55196
10/2022,999,4.1.01.02.000003,-14.62994
10/2022,999,4.1.01.02.000004,0.0
10/2022,999,4.1.01.02.000005,-123.68893
10/2022,999,4.1.01.02.000007,-14.05941
10/2022,999,4.1.01.03.000001,0.0
10/2022,999,4.1.01.03.000003,-6.84
10/2022,999,4.1.01.03.000004,1.64891
10/2022,999,4.1.01.03.000005,-27.15469
10/2022,999,4.1.01.03.000006,0.0
10/2022,999,4.1.01.03.000008,0.0
10/2022,999,4.1.01.03.000009,-289.78076
10/2022,999,4.1.01.03.000010,-1.593
10/2022,999,4.1.01.03.000013,0.0
10/2022,999,4.1.01.04.000002,0.0
10/2022,999,4.1.01.04.000004,-61.42573
10/2022,999,4.1.01.05.000001,-6.93035
10/2022,999,4.1.01.05.000002,-17.73583
10/2022,999,4.1.01.05.000003,-4.45215
10/2022,999,4.1.01.05.000004,-33.67299
10/2022,999,4.1.01.05.000005,0.0
10/2022,999,4.1.01.05.000006,-9543.28437
10/2022,999,4.1.01.05.000007,-1029.08869
10/2022,999,4.1.01.06.000001,-25.5084
10/2022,999,4.1.01.06.000002,-150.06865
10/2022,999,4.1.01.06.000003,-8.05432
10/2022,999,4.1.01.06.000004,-550.71726
10/2022,999,4.1.01.07.000001,-2.88488
10/2022,999,4.1.01.07.000002,-0.19206
10/2022,999,4.1.01.07.000003,-208.81141
10/2022,999,4.1.01.07.000004,-114.77222
10/2022,999,4.1.01.07.000005,-181.703
10/2022,999,4.1.01.07.000006,-21.6
10/2022,999,4.1.01.07.000007,-4.69127
10/2022,999,4.1.01.07.000008,0.0
10/2022,999,4.1.01.07.000009,-2.1964
10/2022,999,4.1.01.07.000010,-109.72261
10/2022,999,4.1.01.07.000011,-2.1144
10/2022,999,4.1.01.07.000012,-11.89745
10/2022,999,4.1.01.07.000013,-38.36894
10/2022,999,4.1.01.07.000014,-492.06412
10/2022,999,4.1.01.07.000015,-20.3205
10/2022,999,4.1.01.07.000016,-102.0
10/2022,999,4.1.01.07.000017,-9.91567
10/2022,999,4.1.01.07.000018,0.0
10/2022,999,4.1.01.07.000019,-136.58312
10/2022,999,4.1.01.08.000001,-8.07208
10/2022,999,4.1.01.08.000002,-16.54535
10/2022,999,4.1.01.08.000003,-0.204
10/2022,999,4.1.01.08.000004,-6973.95166
10/2022,999,4.1.01.08.000005,-28.90143
10/2022,999,4.1.01.09.000004,-402.98575
10/2022,999,4.1.01.10.000001,0.0
10/2022,999,4.1.01.10.000003,-0.93
10/2022,999,4.1.01.10.000004,-0.74279
10/2022,999,4.1.01.10.000005,0.0
10/2022,999,4.1.01.11.000002,-5675.25276
10/2022,999,4.1.01.11.000003,-0.1775
10/2022,999,4.1.01.11.000004,-15.47764
10/2022,999,4.1.01.11.000009,-357.27879
10/2022,999,4.1.01.11.000010,-44.72332
10/2022,999,4.1.01.11.000017,-139.85297
10/2022,999,4.1.01.11.000019,-15.31874
10/2022,999,4.1.01.11.000020,-110.00517
10/2022,999,4.1.01.11.000021,0.0
10/2022,999,4.1.01.11.000025,-0.57799
10/2022,999,4.1.01.11.000026,-0.2
10/2022,999,4.1.01.12.000001,-2953.96702
10/2022,999,4.1.01.12.000002,-2262.83585
10/2022,999,4.1.01.13.000001,-1257.35886
10/2022,999,4.1.01.13.000002,-306.43042
10/2022,999,4.1.01.13.000003,-246.35648
10/2022,999,4.1.01.13.000004,-8.07508
10/2022,999,4.1.01.13.000005,-307.90683
10/2022,999,5.1.01.01.000003,-10.0
10/2022,999,5.1.01.01.000008,-23.09679
10/2022,999,5.1.01.01.000020,-742.45213
10/2022,999,5.1.01.01.000021,-12.12
10/2022,999,5.1.01.01.000022,-55.07998
10/2022,999,5.1.01.02.000003,-8.38758
10/2022,999,5.1.01.02.000006,0.0
10/2022,999,5.1.01.02.000007,-1.44578
10/2022,999,5.1.01.02.000020,-233.25917
10/2022,999,5.1.01.02.000021,-66.82116
10/2022,999,5.1.01.02.000022,-77.53129
10/2022,999,5.1.01.03.000001,-163.06357
10/2022,999,5.1.01.03.000004,-18.28309
10/2022,999,5.1.01.03.000006,-7.03847
10/2022,999,5.1.01.03.000008,-3.0
10/2022,999,5.1.01.03.000009,-286.16778
10/2022,999,5.1.01.03.000010,-21.74341
10/2022,999,5.1.01.03.000012,-0.453
10/2022,999,5.1.01.03.000013,0.0
10/2022,999,5.1.01.03.000014,-83.42165
10/2022,999,5.1.01.04.000001,0.0
10/2022,999,5.1.01.04.000002,0.0
10/2022,999,5.1.01.04.000003,-2.19468
10/2022,999,5.1.01.04.000004,-175.18874
10/2022,999,5.1.01.05.000001,-35.47192
10/2022,999,5.1.01.05.000002,-21.57666
10/2022,999,5.1.01.05.000003,-14.861
10/2022,999,5.1.01.05.000004,-57.4236
10/2022,999,5.1.01.05.000005,-0.51822
10/2022,999,5.1.01.05.000006,-0.2876
10/2022,999,5.1.01.05.000007,-3.27992
10/2022,999,5.1.01.05.000009,-0.545
10/2022,999,5.1.01.06.000001,-154.45676
10/2022,999,5.1.01.06.000002,0.0
10/2022,999,5.1.01.06.000003,-4.486
10/2022,999,5.1.01.06.000004,-154.56278
10/2022,999,5.1.01.06.000005,-46.14872
10/2022,999,5.1.01.06.000006,-136.171
10/2022,999,5.1.01.06.000008,-20.26933
10/2022,999,5.1.01.07.000001,-1.12463
10/2022,999,5.1.01.07.000002,-0.22236
10/2022,999,5.1.01.07.000003,-49.11522
10/2022,999,5.1.01.07.000004,-3.46731
10/2022,999,5.1.01.07.000005,-2.53682
10/2022,999,5.1.01.07.000007,-0.51121
10/2022,999,5.1.01.07.000008,-0.064
10/2022,999,5.1.01.07.000010,-171.70365
10/2022,999,5.1.01.07.000014,0.0
10/2022,999,5.1.01.07.000015,-3.52566
10/2022,999,5.1.01.07.000020,0.0
10/2022,999,5.1.01.07.000021,0.0
10/2022,999,5.1.01.08.000001,-10.935
10/2022,999,5.1.01.08.000002,-6.6
10/2022,999,5.1.01.08.000003,-73.02526
10/2022,999,5.1.01.08.000004,-2.07
10/2022,999,5.1.01.08.000005,-144.41271
10/2022,999,5.1.01.09.000001,-6.0
10/2022,999,5.1.01.09.000003,-54.201
10/2022,999,5.1.01.09.000008,-3.3
10/2022,999,5.1.01.10.000002,-0.022
10/2022,999,5.1.01.10.000003,0.0
10/2022,999,5.1.01.10.000004,-1.56403
10/2022,999,5.1.01.11.000001,-10.87196
10/2022,999,5.1.01.11.000003,-29.82775
10/2022,999,5.1.01.11.000004,-11.36989
10/2022,999,5.1.01.11.000006,-73.51351
10/2022,999,5.1.01.11.000007,-344.01971
10/2022,999,5.1.01.11.000008,-2.01535
10/2022,999,5.1.01.11.000012,0.0
10/2022,999,5.1.01.11.000013,0.0
10/2022,999,5.1.01.11.000014,-22.7072
10/2022,999,5.1.01.11.000015,0.0
10/2022,999,5.1.01.11.000021,0.0
10/2022,999,5.1.01.11.000022,-16.16198
10/2022,999,5.1.01.11.000026,-0.45679
10/2022,999,5.1.01.11.000027,-0.17821
10/2022,999,5.1.01.11.000031,-3651.38444
10/2022,999,5.1.01.12.000003,567.40949
10/2022,999,5.1.01.12.000008,-0.66683
10/2022,999,5.1.01.12.000009,-9819.18094
10/2022,999,5.1.01.12.000019,0.0
10/2022,999,5.1.02.01.000006,-8.16677
10/2022,999,5.1.03.01.000001,-2.6881
10/2022,999,5.1.03.01.000002,-3.629
10/2022,999,5.1.03.01.000004,-29740.76796
10/2022,999,5.1.03.01.000005,-1.7552
10/2022,999,5.1.04.01.000001,-110.3446
10/2022,999,5.1.04.01.000002,-0.165
10/2022,999,5.1.04.01.000004,-4150.859
10/2022,999,5.1.04.01.000005,-1.1038
10/2022,999,5.1.04.01.000006,-930.09288
10/2022,999,5.1.04.01.000007,-4.0
10/2022,999,5.1.04.01.000010,-19.52107
10/2022,999,5.1.04.01.000011,-781.78933
10/2022,999,5.1.04.02.000001,176.02505
10/2022,999,5.1.04.02.000002,126.4476
10/2022,999,5.1.04.02.000003,0.02
10/2023,6,3.1.01.01.000002,6269.35806
10/2023,6,3.1.01.01.000003,0.0
10/2023,6,3.1.02.02.000002,0.0
10/2023,6,3.1.02.02.000003,0.0
10/2023,6,3.1.02.02.000004,0.0
10/2023,6,3.1.02.02.000009,0.0
10/2023,6,3.1.02.02.000010,-125.36318
10/2023,6,3.1.03.02.000003,1.0
10/2023,6,3.2.01.01.000001,2560.0
10/2023,6,4.1.01.01.000001,-966.35927
10/2023,6,4.1.01.01.000002,0.0
10/2023,6,4.1.01.01.000003,-97.96058
10/2023,6,4.1.01.01.000009,-74.3288
10/2023,6,4.1.01.01.000010,0.0
10/2023,6,4.1.01.02.000001,-298.18855
10/2023,6,4.1.01.02.000002,-104.93925
10/2023,6,4.1.01.02.000003,-14.44806
10/2023,6,4.1.01.02.000004,0.0
10/2023,6,4.1.01.02.000006,0.0
10/2023,6,4.1.01.02.000007,0.0
10/2023,6,4.1.01.03.000001,-50.094
10/2023,6,4.1.01.03.000003,-29.84766
10/2023,6,4.1.01.03.000004,-3.45633
10/2023,6,4.1.01.03.000006,-8.281
10/2023,6,4.1.01.03.000009,-124.43171
10/2023,6,4.1.01.03.000010,-21.73625
10/2023,6,4.1.01.04.000004,-15.91175
10/2023,6,4.1.01.05.000001,-0.03905
10/2023,6,4.1.01.05.000002,-1.3278
10/2023,6,4.1.01.05.000003,0.0
10/2023,6,4.1.01.05.000006,-1881.16557
10/2023,6,4.1.01.06.000001,-2.29
10/2023,6,4.1.01.06.000002,0.0
10/2023,6,4.1.01.06.000004,-103.3
10/2023,6,4.1.01.07.000007,-0.62524
10/2023,6,4.1.01.07.000012,-3.17934
10/2023,6,4.1.01.07.000013,-0.6
10/2023,6,4.1.01.07.000014,0.0
10/2023,6,4.1.01.08.000001,0.0
10/2023,6,4.1.01.08.000004,-799.55956
10/2023,6,4.1.01.08.000005,-0.362
10/2023,6,4.1.01.08.000006,4.9
10/2023,6,4.1.01.11.000002,-202.59025
10/2023,6,4.1.01.11.000008,-28.61
10/2023,6,4.1.01.11.000009,-6.34092
10/2023,6,4.1.01.11.000025,-1.2834
10/2023,6,5.1.01.01.000001,-57.48906
10/2023,6,5.1.01.01.000003,0.0
10/2023,6,5.1.01.01.000004,-2.27276
10/2023,6,5.1.01.01.000023,-8.41953
10/2023,6,5.1.01.01.000024,0.0
10/2023,6,5.1.01.02.000001,-18.35465
10/2023,6,5.1.01.02.000002,-5.32138
10/2023,6,5.1.01.02.000004,0.0
10/2023,6,5.1.01.02.000005,0.0
10/2023,6,5.1.01.02.000007,-0.09662
10/2023,6,5.1.01.03.000001,0.0
10/2023,6,5.1.01.03.000004,-0.90856
10/2023,6,5.1.01.03.000006,0.0
10/2023,6,5.1.01.03.000009,-2.876
10/2023,6,5.1.01.03.000010,0.0
10/2023,6,5.1.01.04.000001,0.0
10/2023,6,5.1.01.04.000002,0.0
10/2023,6,5.1.01.04.000004,0.0
10/2023,6,5.1.01.05.000001,-0.12199
10/2023,6,5.1.01.05.000002,0.0
10/2023,6,5.1.01.05.000006,0.0
10/2023,6,5.1.01.05.000009,-0.235
10/2023,6,5.1.01.06.000004,0.0
10/2023,6,5.1.01.06.000007,0.0
10/2023,6,5.1.01.07.000007,-0.43278
10/2023,6,5.1.01.07.000012,0.0
10/2023,6,5.1.01.08.000001,0.0
10/2023,6,5.1.01.08.000004,0.0
10/2023,6,5.1.01.08.000005,0.0
10/2023,6,5.1.01.11.000001,0.0
10/2023,6,5.1.01.11.000002,0.0
10/2023,6,5.1.01.11.000005,0.0
10/2023,6,5.1.01.11.000006,-0.18671
10/2023,6,5.1.01.11.000007,-0.81994
10/2023,6,5.1.01.11.000008,-10.24176
10/2023,6,5.1.01.11.000009,0.0
10/2023,6,5.1.01.11.000012,0.0
10/2023,6,5.1.01.11.000014,-9e-05
10/2023,6,5.1.01.11.000015,0.0
10/2023,6,5.1.01.11.000016,-82.2046
10/2023,6,5.1.01.11.000017,-304.15166
10/2023,6,5.1.01.11.000021,-0.1065
10/2023,6,5.1.01.11.000022,0.0
10/2023,6,5.1.01.11.000025,-0.33535
10/2023,6,5.1.01.11.000027,-0.15161
10/2023,6,5.1.01.12.000001,0.0
10/2023,6,5.1.01.12.000009,0.0
10/2023,6,5.1.01.12.000011,0.0
10/2023,6,5.1.01.12.000020,0.0
10/2023,6,5.1.03.01.000004,-1083.67104
10/2023,6,5.1.04.01.000001,-12.56715
10/2023,6,5.1.04.01.000004,-187.63559
10/2023,6,5.1.04.01.000005,-1e-05
10/2023,6,5.1.04.01.000006,-0.05587
10/2023,6,5.1.04.01.000013,0.0
10/2023,6,5.1.04.01.000014,-355.35686
10/2023,6,5.1.04.02.000001,0.07307
10/2023,6,5.1.04.02.000002,0.34224
10/2023,6,5.2.01.01.000001,-191.54527
10/2023,7,3.1.01.01.000005,12739.17549
10/2023,7,3.1.02.01.000001,-2.42954
10/2023,7,3.2.01.01.000003,42.0
10/2023,7,3.2.01.02.000003,0.0
10/2023,7,4.1.02.01.000001,-154.85289
10/2023,7,4.1.02.01.000003,-2.32268
10/2023,7,4.1.02.01.000009,-8.66528
10/2023,7,4.1.02.01.000010,-10.36417
10/2023,7,4.1.02.02.000001,-53.39433
10/2023,7,4.1.02.02.000002,-14.23871
10/2023,7,4.1.02.02.000003,-0.94739
10/2023,7,4.1.02.02.000005,-13.48175
10/2023,7,4.1.02.02.000006,0.0
10/2023,7,4.1.02.02.000008,-0.8
10/2023,7,4.1.02.03.000004,-9.61053
10/2023,7,4.1.02.03.000006,-3.421
10/2023,7,4.1.02.03.000009,-38.8039
10/2023,7,4.1.02.03.000010,-5.16257
10/2023,7,4.1.02.03.000013,-0.3024
10/2023,7,4.1.02.05.000001,-10.35032
10/2023,7,4.1.02.05.000002,-3.5573
10/2023,7,4.1.02.05.000003,-2.77163
10/2023,7,4.1.02.05.000004,-0.63
10/2023,7,4.1.02.05.000005,-0.7071
10/2023,7,4.1.02.05.000006,-10468.27829
10/2023,7,4.1.02.05.000007,-0.89066
10/2023,7,4.1.02.05.000009,-17.78932
10/2023,7,4.1.02.06.000001,-7.8
10/2023,7,4.1.02.06.000004,-279.78187
10/2023,7,4.1.02.07.000003,-42.68447
10/2023,7,4.1.02.07.000004,-1.39664
10/2023,7,4.1.02.07.000007,-0.45112
10/2023,7,4.1.02.07.000010,-21.00105
10/2023,7,4.1.02.07.000016,-121.78408
10/2023,7,4.1.02.08.000001,-10.69985
10/2023,7,4.1.02.08.000005,-11.94707
10/2023,7,5.1.01.05.000005,0.0
10/2023,7,5.1.01.05.000009,-0.345
10/2023,7,5.1.01.07.000007,-3.20879
10/2023,7,5.1.01.11.000005,-0.9
10/2023,7,5.1.01.11.000006,-5.57946
10/2023,7,5.1.01.11.000007,-1.24526
10/2023,7,5.1.01.11.000008,-4.30049
10/2023,7,5.1.01.11.000016,-0.693
10/2023,7,5.1.01.11.000017,-3.192
10/2023,7,5.1.01.13.000001,-11.94444
10/2023,7,5.1.04.01.000001,-20.16552
10/2023,7,5.1.04.01.000002,-117.4633
10/2023,7,5.1.04.01.000004,-170.87182
10/2023,7,5.1.04.01.000005,-18.24184
10/2023,7,5.1.04.01.000006,-6.70357
10/2023,7,5.1.04.01.000014,-100.23674
10/2023,7,5.1.04.02.000001,0.07339
10/2023,7,5.1.04.02.000002,1.09578
10/2023,7,5.1.04.02.000003,0.27236
10/2023,7,5.2.01.01.000001,-123.50888
10/2023,7,5.9.01.01.000001,0.0
10/2023,7,5.9.01.02.000001,0.0
10/2023,999,3.1.01.01.000002,989.97262
10/2023,999,3.1.01.01.000003,14.545
10/2023,999,3.1.01.01.000004,223.09308
10/2023,999,3.1.01.01.000006,16.5
10/2023,999,3.1.01.01.000008,0.0
10/2023,999,3.1.01.01.000009,0.0
10/2023,999,3.1.01.01.000010,0.0
10/2023,999,3.1.01.01.000011,0.0
10/2023,999,3.1.01.01.000012,0.0
10/2023,999,3.1.01.01.000013,94098.37771
10/2023,999,3.1.02.01.000001,0.0
10/2023,999,3.1.02.02.000005,0.0
10/2023,999,3.1.02.02.000008,0.0
10/2023,999,3.1.02.02.000010,-50.22587
10/2023,999,3.1.02.02.000011,0.0
10/2023,999,3.1.02.02.000012,0.0
10/2023,999,3.1.02.02.000013,-4.92234
10/2023,999,3.1.02.02.000014,-2.19806
10/2023,999,3.1.03.01.000007,0.0
10/2023,999,3.1.03.01.000011,0.0
10/2023,999,3.1.03.02.000003,0.0
10/2023,999,3.2.01.01.000001,7286.9
10/2023,999,3.2.01.01.000005,21.692
10/2023,999,3.2.01.02.000001,1164.09084
10/2023,999,3.2.01.02.000002,0.0
10/2023,999,3.2.01.02.000003,119.625
10/2023,999,3.2.01.02.000004,0.0
10/2023,999,4.1.01.01.000001,-1456.14646
10/2023,999,4.1.01.01.000002,-12.29638
10/2023,999,4.1.01.01.000003,-140.62297
10/2023,999,4.1.01.01.000007,0.0
10/2023,999,4.1.01.01.000009,-130.64712
10/2023,999,4.1.01.01.000010,0.0
10/2023,999,4.1.01.02.000001,-432.63449
10/2023,999,4.1.01.02.000002,-128.88236
10/2023,999,4.1.01.02.000003,-46.91807
10/2023,999,4.1.01.02.000004,0.0
10/2023,999,4.1.01.02.000005,0.0
10/2023,999,4.1.01.02.000007,-4.8703
10/2023,999,4.1.01.03.000001,-185.85071
10/2023,999,4.1.01.03.000003,0.0
10/2023,999,4.1.01.03.000004,-64.28619
10/2023,999,4.1.01.03.000005,-56.5185
10/2023,999,4.1.01.03.000006,-15.746
10/2023,999,4.1.01.03.000008,-6.298
10/2023,999,4.1.01.03.000009,-248.52042
10/2023,999,4.1.01.03.000010,-16.69702
10/2023,999,4.1.01.03.000013,-0.05353
10/2023,999,4.1.01.04.000002,-1.22186
10/2023,999,4.1.01.04.000004,-184.58383
10/2023,999,4.1.01.05.000001,-17.94058
10/2023,999,4.1.01.05.000002,-22.31614
10/2023,999,4.1.01.05.000003,-6.89284
10/2023,999,4.1.01.05.000004,-42.37558
10/2023,999,4.1.01.05.000005,-8.56548
10/2023,999,4.1.01.05.000006,-1947.01709
10/2023,999,4.1.01.05.000007,-472.947
10/2023,999,4.1.01.05.000008,0.0
10/2023,999,4.1.01.06.000001,-133.81694
10/2023,999,4.1.01.06.000002,-87.35683
10/2023,999,4.1.01.06.000003,0.0
10/2023,999,4.1.01.06.000004,-380.04161
10/2023,999,4.1.01.07.000001,-3.30128
10/2023,999,4.1.01.07.000002,-0.22296
10/2023,999,4.1.01.07.000003,-177.5188
10/2023,999,4.1.01.07.000004,-310.42558
10/2023,999,4.1.01.07.000005,-72.10545
10/2023,999,4.1.01.07.000006,-30.45
10/2023,999,4.1.01.07.000007,-8.01809
10/2023,999,4.1.01.07.000008,-2.39991
10/2023,999,4.1.01.07.000009,0.0
10/2023,999,4.1.01.07.000010,0.0
10/2023,999,4.1.01.07.000011,-68.80376
10/2023,999,4.1.01.07.000012,-18.49924
10/2023,999,4.1.01.07.000013,-115.56334
10/2023,999,4.1.01.07.000014,-576.25861
10/2023,999,4.1.01.07.000015,0.0
10/2023,999,4.1.01.07.000016,-61.0
10/2023,999,4.1.01.07.000017,-8.5
10/2023,999,4.1.01.07.000018,0.0
10/2023,999,4.1.01.07.000019,-1.18468
10/2023,999,4.1.01.07.000020,-10.32
10/2023,999,4.1.01.08.000001,-60.45384
10/2023,999,4.1.01.08.000002,-23.99579
10/2023,999,4.1.01.08.000003,-2.60116
10/2023,999,4.1.01.08.000004,-6450.4194
10/2023,999,4.1.01.08.000005,-121.64461
10/2023,999,4.1.01.09.000004,-187.06632
10/2023,999,4.1.01.10.000001,-2.738
10/2023,999,4.1.01.10.000003,0.0
10/2023,999,4.1.01.10.000004,-0.583
10/2023,999,4.1.01.10.000005,-0.66
10/2023,999,4.1.01.11.000002,-1456.615
10/2023,999,4.1.01.11.000003,0.0
10/2023,999,4.1.01.11.000004,0.0
10/2023,999,4.1.01.11.000007,-0.06286
10/2023,999,4.1.01.11.000009,-182.55011
10/2023,999,4.1.01.11.000010,-16.1
10/2023,999,4.1.01.11.000017,0.0
10/2023,999,4.1.01.11.000019,0.0
10/2023,999,4.1.01.11.000020,-85.69837
10/2023,999,4.1.01.11.000021,0.0
10/2023,999,4.1.01.11.000025,-14.563
10/2023,999,4.1.01.11.000026,0.0
10/2023,999,4.1.01.12.000001,-72.91907
10/2023,999,4.1.01.12.000002,-8.6521
10/2023,999,4.1.01.13.000001,-1.57223
10/2023,999,4.1.01.13.000002,0.0
10/2023,999,4.1.01.13.000003,0.0
10/2023,999,4.1.01.13.000004,0.0
10/2023,999,4.1.01.13.000005,0.0
10/2023,999,5.1.01.01.000001,-899.86119
10/2023,999,5.1.01.01.000003,0.0
10/2023,999,5.1.01.01.000004,-72.25252
10/2023,999,5.1.01.01.000008,-1.72071
10/2023,999,5.1.01.01.000012,0.0
10/2023,999,5.1.01.01.000020,0.0
10/2023,999,5.1.01.01.000021,0.0
10/2023,999,5.1.01.01.000022,0.0
10/2023,999,5.1.01.01.000023,-74.52049
10/2023,999,5.1.01.01.000024,0.0
10/2023,999,5.1.01.02.000001,-297.82006
10/2023,999,5.1.01.02.000002,-73.74886
10/2023,999,5.1.01.02.000003,-10.61307
10/2023,999,5.1.01.02.000006,0.0
10/2023,999,5.1.01.02.000007,-5.9775
10/2023,999,5.1.01.02.000020,0.0
10/2023,999,5.1.01.02.000021,0.0
10/2023,999,5.1.01.02.000022,0.0
10/2023,999,5.1.01.03.000001,-8.77945
10/2023,999,5.1.01.03.000004,-37.45255
10/2023,999,5.1.01.03.000006,0.0
10/2023,999,5.1.01.03.000008,0.0
10/2023,999,5.1.01.03.000009,-102.32567
10/2023,999,5.1.01.03.000010,-35.08815
10/2023,999,5.1.01.03.000012,0.0
10/2023,999,5.1.01.03.000013,-0.13991
10/2023,999,5.1.01.03.000014,0.0
10/2023,999,5.1.01.04.000001,-0.8
10/2023,999,5.1.01.04.000002,-4.39407
10/2023,999,5.1.01.04.000003,0.0
10/2023,999,5.1.01.04.000004,-149.23879
10/2023,999,5.1.01.05.000001,-23.0992
10/2023,999,5.1.01.05.000002,-1.36626
10/2023,999,5.1.01.05.000003,0.0
10/2023,999,5.1.01.05.000004,-5.25622
10/2023,999,5.1.01.05.000005,-1.29058
10/2023,999,5.1.01.05.000006,-7.13965
10/2023,999,5.1.01.05.000007,-4.47219
10/2023,999,5.1.01.05.000009,-1.68975
10/2023,999,5.1.01.06.000001,-26.17873
10/2023,999,5.1.01.06.000002,0.0
10/2023,999,5.1.01.06.000003,0.0
10/2023,999,5.1.01.06.000004,0.0
10/2023,999,5.1.01.06.000005,-4.557
10/2023,999,5.1.01.06.000006,-144.37081
10/2023,999,5.1.01.06.000008,0.0
10/2023,999,5.1.01.07.000001,0.0
10/2023,999,5.1.01.07.000002,-0.09493
10/2023,999,5.1.01.07.000003,0.0
10/2023,999,5.1.01.07.000004,-1.77159
10/2023,999,5.1.01.07.000005,0.0
10/2023,999,5.1.01.07.000007,-2.41558
10/2023,999,5.1.01.07.000008,0.0
10/2023,999,5.1.01.07.000010,-1260.72274
10/2023,999,5.1.01.07.000014,0.0
10/2023,999,5.1.01.07.000015,-3.24
10/2023,999,5.1.01.07.000020,0.0
10/2023,999,5.1.01.07.000021,0.0
10/2023,999,5.1.01.08.000001,-0.134
10/2023,999,5.1.01.08.000002,0.0
10/2023,999,5.1.01.08.000003,0.0
10/2023,999,5.1.01.08.000004,0.0
10/2023,999,5.1.01.08.000005,0.0
10/2023,999,5.1.01.09.000001,0.0
10/2023,999,5.1.01.09.000003,-32.0
10/2023,999,5.1.01.09.000008,0.0
10/2023,999,5.1.01.10.000002,0.0
10/2023,999,5.1.01.10.000003,0.0
10/2023,999,5.1.01.10.000004,0.0
10/2023,999,5.1.01.11.000001,0.0
10/2023,999,5.1.01.11.000003,-12.6935
10/2023,999,5.1.01.11.000004,0.0
10/2023,999,5.1.01.11.000006,-34.92391
10/2023,999,5.1.01.11.000007,-129.46526
10/2023,999,5.1.01.11.000008,-21.3395
10/2023,999,5.1.01.11.000012,0.0
10/2023,999,5.1.01.11.000013,0.0
10/2023,999,5.1.01.11.000014,0.0
10/2023,999,5.1.01.11.000015,0.0
10/2023,999,5.1.01.11.000021,-67.14155
10/2023,999,5.1.01.11.000022,0.0
10/2023,999,5.1.01.11.000025,-0.175
10/2023,999,5.1.01.11.000026,0.0
10/2023,999,5.1.01.11.000027,0.0
10/2023,999,5.1.01.11.000031,0.0
10/2023,999,5.1.01.12.000003,0.0
10/2023,999,5.1.01.12.000008,0.0
10/2023,999,5.1.01.12.000009,0.0
10/2023,999,5.1.01.12.000019,0.0
10/2023,999,5.1.01.13.000001,-29.18692
10/2023,999,5.1.01.14.000001,0.0
10/2023,999,5.1.01.14.000002,0.0
10/2023,999,5.1.02.01.000006,0.0
10/2023,999,5.1.02.01.000009,0.0
10/2023,999,5.1.02.01.000010,0.0
10/2023,999,5.1.02.01.000011,0.0
10/2023,999,5.1.03.01.000001,0.0
10/2023,999,5.1.03.01.000002,0.0
10/2023,999,5.1.03.01.000003,0.0
10/2023,999,5.1.03.01.000004,-41476.94026
10/2023,999,5.1.03.01.000005,0.0
10/2023,999,5.1.03.01.000007,0.0
10/2023,999,5.1.03.02.000001,-24.8161
10/2023,999,5.1.04.01.000001,-88.0231
10/2023,999,5.1.04.01.000002,0.0
10/2023,999,5.1.04.01.000004,-5511.92299
10/2023,999,5.1.04.01.000005,-0.0005
10/2023,999,5.1.04.01.000006,-89.08942
10/2023,999,5.1.04.01.000007,0.0
10/2023,999,5.1.04.01.000010,0.0
10/2023,999,5.1.04.01.000011,-656.171
10/2023,999,5.1.04.01.000014,-12112.95988
10/2023,999,5.1.04.01.000015,-72.39913
10/2023,999,5.1.04.01.000016,-50.38
10/2023,999,5.1.04.01.000017,0.0
10/2023,999,5.1.04.02.000001,304.53886
10/2023,999,5.1.04.02.000002,59.95683
10/2023,999,5.1.04.02.000003,0.86836
10/2023,999,5.2.01.01.000001,-1134.39061
10/2023,999,5.9.01.01.000001,0.0
10/2023,999,5.9.01.01.000002,0.0
10/2023,999,5.9.01.02.000001,0.0
10/2023,999,5.9.01.02.000002,0.0
10/2024,6,3.1.01.01.000002,5664.12213
10/2024,6,3.1.01.01.000003,0.0
10/2024,6,3.1.02.02.000002,0.0
10/2024,6,3.1.02.02.000003,0.0
10/2024,6,3.1.02.02.000004,0.0
10/2024,6,3.1.02.02.000009,0.0
10/2024,6,3.1.02.02.000010,-113.28245
10/2024,6,3.1.03.02.000003,0.0
10/2024,6,3.2.01.01.000001,0.0
10/2024,6,4.1.01.01.000001,-914.31834
10/2024,6,4.1.01.01.000002,-17.0205
10/2024,6,4.1.01.01.000003,-35.02842
10/2024,6,4.1.01.01.000008,-0.0322
10/2024,6,4.1.01.01.000009,-88.16016
10/2024,6,4.1.01.01.000010,0.0
10/2024,6,4.1.01.02.000001,-272.4786
10/2024,6,4.1.01.02.000002,-86.10904
10/2024,6,4.1.01.02.000003,0.0
10/2024,6,4.1.01.02.000004,0.0
10/2024,6,4.1.01.02.000006,0.0
10/2024,6,4.1.01.02.000007,0.0
10/2024,6,4.1.01.03.000001,-58.66855
10/2024,6,4.1.01.03.000003,-86.62731
10/2024,6,4.1.01.03.000004,-1.48356
10/2024,6,4.1.01.03.000006,-9.829
10/2024,6,4.1.01.03.000009,-44.1999
10/2024,6,4.1.01.03.000010,-6.972
10/2024,6,4.1.01.04.000004,-12.54666
10/2024,6,4.1.01.05.000001,-1.20195
10/2024,6,4.1.01.05.000002,0.0
10/2024,6,4.1.01.05.000003,-3.60884
10/2024,6,4.1.01.05.000006,-1889.84884
10/2024,6,4.1.01.06.000001,-4.752
10/2024,6,4.1.01.06.000002,0.0
10/2024,6,4.1.01.06.000004,0.0
10/2024,6,4.1.01.07.000007,-0.86901
10/2024,6,4.1.01.07.000012,-1.37186
10/2024,6,4.1.01.07.000013,0.0
10/2024,6,4.1.01.07.000014,0.0
10/2024,6,4.1.01.07.000018,-1.3
10/2024,6,4.1.01.08.000001,0.0
10/2024,6,4.1.01.08.000004,-380.38088
10/2024,6,4.1.01.08.000005,0.0
10/2024,6,4.1.01.08.000006,0.0
10/2024,6,4.1.01.11.000002,-8.99547
10/2024,6,4.1.01.11.000007,-0.66592
10/2024,6,4.1.01.11.000008,0.0
10/2024,6,4.1.01.11.000009,-2.97258
10/2024,6,4.1.01.11.000025,0.0
10/2024,6,5.1.01.01.000001,-57.58011
10/2024,6,5.1.01.01.000003,0.0
10/2024,6,5.1.01.01.000004,-3.33438
10/2024,6,5.1.01.01.000023,-6.36887
10/2024,6,5.1.01.01.000024,0.0
10/2024,6,5.1.01.02.000001,-17.81848
10/2024,6,5.1.01.02.000002,-5.10858
10/2024,6,5.1.01.02.000003,0.0
10/2024,6,5.1.01.02.000004,0.0
10/2024,6,5.1.01.02.000005,0.0
10/2024,6,5.1.01.02.000007,0.0
10/2024,6,5.1.01.03.000001,-4.08383
10/2024,6,5.1.01.03.000004,-3.46816
10/2024,6,5.1.01.03.000006,0.0
10/2024,6,5.1.01.03.000009,-6.55493
10/2024,6,5.1.01.03.000010,-6.44971
10/2024,6,5.1.01.04.000001,0.0
10/2024,6,5.1.01.04.000002,0.0
10/2024,6,5.1.01.04.000004,0.0
10/2024,6,5.1.01.05.000001,-1.2296
10/2024,6,5.1.01.05.000002,0.0
10/2024,6,5.1.01.05.000006,-1.01217
10/2024,6,5.1.01.05.000009,-0.2115
10/2024,6,5.1.01.06.000001,-11.03472
10/2024,6,5.1.01.06.000004,0.0
10/2024,6,5.1.01.06.000007,0.0
10/2024,6,5.1.01.07.000007,0.0
10/2024,6,5.1.01.07.000012,0.0
10/2024,6,5.1.01.08.000001,0.0
10/2024,6,5.1.01.08.000004,0.0
10/2024,6,5.1.01.08.000005,0.0
10/2024,6,5.1.01.11.000001,0.0
10/2024,6,5.1.01.11.000002,0.0
10/2024,6,5.1.01.11.000005,0.0
10/2024,6,5.1.01.11.000006,-7.5654
10/2024,6,5.1.01.11.000007,-0.18131
10/2024,6,5.1.01.11.000008,-17.11443
10/2024,6,5.1.01.11.000009,0.0
10/2024,6,5.1.01.11.000012,0.0
10/2024,6,5.1.01.11.000014,0.0
10/2024,6,5.1.01.11.000015,0.0
10/2024,6,5.1.01.11.000016,-13.25146
10/2024,6,5.1.01.11.000017,-61.03699
10/2024,6,5.1.01.11.000021,0.0
10/2024,6,5.1.01.11.000022,0.0
10/2024,6,5.1.01.11.000025,0.0
10/2024,6,5.1.01.11.000026,-0.31107
10/2024,6,5.1.01.11.000027,-0.17478
10/2024,6,5.1.01.12.000001,0.0
10/2024,6,5.1.01.12.000009,0.0
10/2024,6,5.1.01.12.000011,0.0
10/2024,6,5.1.01.12.000020,0.0
10/2024,6,5.1.01.13.000001,-9.53941
10/2024,6,5.1.03.01.000001,-0.52334
10/2024,6,5.1.03.01.000002,-0.09133
10/2024,6,5.1.03.01.000004,-350.03287
10/2024,6,5.1.03.01.000007,-0.06936
10/2024,6,5.1.04.01.000001,-33.47165
10/2024,6,5.1.04.01.000004,-149.72818
10/2024,6,5.1.04.01.000005,0.0
10/2024,6,5.1.04.01.000006,-0.01591
10/2024,6,5.1.04.01.000013,0.0
10/2024,6,5.1.04.01.000014,-337.98364
10/2024,6,5.1.04.02.000001,0.02548
10/2024,6,5.1.04.02.000002,0.39528
10/2024,6,5.2.01.01.000001,195.62342
10/2024,7,3.1.01.01.000005,13162.42569
10/2024,7,3.1.02.01.000001,0.0
10/2024,7,3.2.01.01.000003,74.0
10/2024,7,3.2.01.02.000002,15.11991
10/2024,7,3.2.01.02.000003,0.0
10/2024,7,4.1.02.01.000001,-165.4489
10/2024,7,4.1.02.01.000003,-0.8249
10/2024,7,4.1.02.01.000008,1.97084
10/2024,7,4.1.02.01.000009,-26.78086
10/2024,7,4.1.02.01.000010,-56.8982
10/2024,7,4.1.02.02.000001,-53.86869
10/2024,7,4.1.02.02.000002,-15.38565
10/2024,7,4.1.02.02.000003,0.0
10/2024,7,4.1.02.02.000005,0.0
10/2024,7,4.1.02.02.000006,0.0
10/2024,7,4.1.02.02.000007,-2.0
10/2024,7,4.1.02.02.000008,0.0
10/2024,7,4.1.02.03.000001,-0.19535
10/2024,7,4.1.02.03.000004,-21.24
10/2024,7,4.1.02.03.000005,-58.86603
10/2024,7,4.1.02.03.000006,-4.188
10/2024,7,4.1.02.03.000009,-43.0101
10/2024,7,4.1.02.03.000010,-11.61206
10/2024,7,4.1.02.03.000013,0.0
10/2024,7,4.1.02.04.000003,0.0
10/2024,7,4.1.02.04.000004,-3.32996
10/2024,7,4.1.02.05.000001,-5.93176
10/2024,7,4.1.02.05.000002,-4.28335
10/2024,7,4.1.02.05.000003,-0.051
10/2024,7,4.1.02.05.000004,-0.999
10/2024,7,4.1.02.05.000005,-1.9784
10/2024,7,4.1.02.05.000006,-10810.85355
10/2024,7,4.1.02.05.000007,0.0
10/2024,7,4.1.02.05.000009,-9.37438
10/2024,7,4.1.02.05.000010,-4.4786
10/2024,7,4.1.02.06.000001,-12.71615
10/2024,7,4.1.02.06.000004,0.0
10/2024,7,4.1.02.07.000003,-52.77295
10/2024,7,4.1.02.07.000004,-1.40104
10/2024,7,4.1.02.07.000006,-1.44
10/2024,7,4.1.02.07.000007,-0.50207
10/2024,7,4.1.02.07.000010,-11.9085
10/2024,7,4.1.02.07.000016,-118.55506
10/2024,7,4.1.02.08.000001,-22.3201
10/2024,7,4.1.02.08.000002,-1.202
10/2024,7,4.1.02.08.000005,-15.39586
10/2024,7,5.1.01.04.000002,-0.252
10/2024,7,5.1.01.04.000003,0.0
10/2024,7,5.1.01.05.000005,0.0
10/2024,7,5.1.01.05.000009,-0.37063
10/2024,7,5.1.01.07.000007,0.0
10/2024,7,5.1.01.07.000010,0.0
10/2024,7,5.1.01.07.000015,-2.0
10/2024,7,5.1.01.07.000021,-0.24899
10/2024,7,5.1.01.09.000003,-2.0
10/2024,7,5.1.01.09.000008,-13.5317
10/2024,7,5.1.01.11.000001,-5.96266
10/2024,7,5.1.01.11.000005,0.0
10/2024,7,5.1.01.11.000006,-3.64138
10/2024,7,5.1.01.11.000007,-1.07265
10/2024,7,5.1.01.11.000008,-0.29362
10/2024,7,5.1.01.11.000016,-1.221
10/2024,7,5.1.01.11.000017,-5.624
10/2024,7,5.1.01.11.000027,-0.1573
10/2024,7,5.1.01.13.000001,-5.0
10/2024,7,5.1.02.01.000009,0.0
10/2024,7,5.1.02.01.000010,0.0
10/2024,7,5.1.02.01.000011,0.0
10/2024,7,5.1.04.01.000001,-32.9446
10/2024,7,5.1.04.01.000002,0.0
10/2024,7,5.1.04.01.000003,-199.77581
10/2024,7,5.1.04.01.000004,-72.57014
10/2024,7,5.1.04.01.000005,-0.25595
10/2024,7,5.1.04.01.000006,-3.1804
10/2024,7,5.1.04.01.000014,-28.52429
10/2024,7,5.1.04.02.000001,0.1329
10/2024,7,5.1.04.02.000002,30.87031
10/2024,7,5.1.04.02.000003,0.17979
10/2024,7,5.2.01.01.000001,62.51829
10/2024,7,5.9.01.01.000001,0.0
10/2024,7,5.9.01.02.000001,0.0
10/2024,999,3.1.01.01.000002,0.0
10/2024,999,3.1.01.01.000003,97.81433
10/2024,999,3.1.01.01.000004,40.03502
10/2024,999,3.1.01.01.000006,7.07935
10/2024,999,3.1.01.01.000008,0.0
10/2024,999,3.1.01.01.000009,0.0
10/2024,999,3.1.01.01.000010,0.0
10/2024,999,3.1.01.01.000011,0.0
10/2024,999,3.1.01.01.000012,0.0
10/2024,999,3.1.01.01.000013,84816.52393
10/2024,999,3.1.02.01.000001,-82.5
10/2024,999,3.1.02.02.000004,0.0
10/2024,999,3.1.02.02.000005,0.0
10/2024,999,3.1.02.02.000008,0.0
10/2024,999,3.1.02.02.000010,-1.86917
10/2024,999,3.1.02.02.000011,0.0
10/2024,999,3.1.02.02.000012,0.0
10/2024,999,3.1.02.02.000013,-3.87624
10/2024,999,3.1.02.02.000014,-1.93814
10/2024,999,3.1.03.01.000007,0.0
10/2024,999,3.1.03.01.000011,0.0
10/2024,999,3.1.03.02.000003,0.0
10/2024,999,3.2.01.01.000001,7208.5
10/2024,999,3.2.01.01.000005,14.845
10/2024,999,3.2.01.02.000001,0.0
10/2024,999,3.2.01.02.000002,189.39292
10/2024,999,3.2.01.02.000003,340.17081
10/2024,999,3.2.01.02.000004,144.32031
10/2024,999,3.2.01.02.000006,52.0
10/2024,999,3.2.01.03.000001,0.0
10/2024,999,4.1.01.01.000001,-1296.24706
10/2024,999,4.1.01.01.000002,-1.0
10/2024,999,4.1.01.01.000003,-141.10144
10/2024,999,4.1.01.01.000006,0.0
10/2024,999,4.1.01.01.000007,0.0
10/2024,999,4.1.01.01.000009,-126.31721
10/2024,999,4.1.01.01.000010,0.0
10/2024,999,4.1.01.02.000001,-380.86552
10/2024,999,4.1.01.02.000002,-118.0482
10/2024,999,4.1.01.02.000003,-40.79244
10/2024,999,4.1.01.02.000004,0.0
10/2024,999,4.1.01.02.000005,0.0
10/2024,999,4.1.01.02.000007,-7.90674
10/2024,999,4.1.01.03.000001,-133.044
10/2024,999,4.1.01.03.000003,0.0
10/2024,999,4.1.01.03.000004,-87.25859
10/2024,999,4.1.01.03.000005,-531.62524
10/2024,999,4.1.01.03.000006,-11.85599
10/2024,999,4.1.01.03.000008,-0.56848
10/2024,999,4.1.01.03.000009,-220.20253
10/2024,999,4.1.01.03.000010,-1.50141
10/2024,999,4.1.01.03.000013,0.0
10/2024,999,4.1.01.04.000002,-1.38445
10/2024,999,4.1.01.04.000004,-236.99769
10/2024,999,4.1.01.05.000001,-16.17412
10/2024,999,4.1.01.05.000002,-24.32109
10/2024,999,4.1.01.05.000003,-1.30691
10/2024,999,4.1.01.05.000004,-24.7655
10/2024,999,4.1.01.05.000005,-10.34165
10/2024,999,4.1.01.05.000006,-627.2001
10/2024,999,4.1.01.05.000007,-84.78959
10/2024,999,4.1.01.05.000008,-0.0899
10/2024,999,4.1.01.05.000009,0.0
10/2024,999,4.1.01.06.000001,-177.58562
10/2024,999,4.1.01.06.000002,-122.39313
10/2024,999,4.1.01.06.000003,0.0
10/2024,999,4.1.01.06.000004,-370.26414
10/2024,999,4.1.01.07.000001,-2.71262
10/2024,999,4.1.01.07.000002,-1.16651
10/2024,999,4.1.01.07.000003,-193.5738
10/2024,999,4.1.01.07.000004,-89.49229
10/2024,999,4.1.01.07.000005,-261.49895
10/2024,999,4.1.01.07.000006,-26.0
10/2024,999,4.1.01.07.000007,-49.61929
10/2024,999,4.1.01.07.000008,-2.52478
10/2024,999,4.1.01.07.000009,0.0
10/2024,999,4.1.01.07.000010,-61.47782
10/2024,999,4.1.01.07.000011,0.0
10/2024,999,4.1.01.07.000012,-59.7735
10/2024,999,4.1.01.07.000013,-107.81967
10/2024,999,4.1.01.07.000014,-514.97105
10/2024,999,4.1.01.07.000015,0.0
10/2024,999,4.1.01.07.000016,-124.0
10/2024,999,4.1.01.07.000017,0.0
10/2024,999,4.1.01.07.000018,-0.75
10/2024,999,4.1.01.07.000019,-5.397
10/2024,999,4.1.01.07.000020,0.0
10/2024,999,4.1.01.08.000001,-34.85669
10/2024,999,4.1.01.08.000002,0.0
10/2024,999,4.1.01.08.000003,-0.52899
10/2024,999,4.1.01.08.000004,-5615.02481
10/2024,999,4.1.01.08.000005,-49.23067
10/2024,999,4.1.01.08.000007,0.0
10/2024,999,4.1.01.09.000004,-211.05374
10/2024,999,4.1.01.09.000006,-0.76989
10/2024,999,4.1.01.10.000001,0.0
10/2024,999,4.1.01.10.000003,0.0
10/2024,999,4.1.01.10.000004,0.0
10/2024,999,4.1.01.10.000005,0.0
10/2024,999,4.1.01.11.000002,-1553.71024
10/2024,999,4.1.01.11.000003,0.0
10/2024,999,4.1.01.11.000004,0.0
10/2024,999,4.1.01.11.000007,0.0
10/2024,999,4.1.01.11.000009,-391.66118
10/2024,999,4.1.01.11.000010,0.0
10/2024,999,4.1.01.11.000017,0.0
10/2024,999,4.1.01.11.000019,-8.14085
10/2024,999,4.1.01.11.000020,-7.31408
10/2024,999,4.1.01.11.000021,0.0
10/2024,999,4.1.01.11.000025,-4.97653
10/2024,999,4.1.01.11.000026,0.0
10/2024,999,4.1.01.12.000001,-182.14409
10/2024,999,4.1.01.12.000002,-43.74803
10/2024,999,4.1.01.13.000001,0.0
10/2024,999,4.1.01.13.000002,0.0
10/2024,999,4.1.01.13.000003,0.0
10/2024,999,4.1.01.13.000004,0.0
10/2024,999,4.1.01.13.000005,0.0
10/2024,999,5.1.01.01.000001,-1000.83089
10/2024,999,5.1.01.01.000003,0.0
10/2024,999,5.1.01.01.000004,-84.55197
10/2024,999,5.1.01.01.000008,0.0
10/2024,999,5.1.01.01.000012,-14.12224
10/2024,999,5.1.01.01.000020,0.0
10/2024,999,5.1.01.01.000021,0.0
10/2024,999,5.1.01.01.000022,0.0
10/2024,999,5.1.01.01.000023,-88.13516
10/2024,999,5.1.01.01.000024,0.0
10/2024,999,5.1.01.02.000001,-301.38442
10/2024,999,5.1.01.02.000002,-92.33265
10/2024,999,5.1.01.02.000003,-24.72296
10/2024,999,5.1.01.02.000006,0.0
10/2024,999,5.1.01.02.000007,0.0
10/2024,999,5.1.01.02.000020,0.0
10/2024,999,5.1.01.02.000021,0.0
10/2024,999,5.1.01.02.000022,0.0
10/2024,999,5.1.01.03.000001,-97.23874
10/2024,999,5.1.01.03.000004,-40.4575
10/2024,999,5.1.01.03.000006,-3.995
10/2024,999,5.1.01.03.000008,-4.85597
10/2024,999,5.1.01.03.000009,-127.93621
10/2024,999,5.1.01.03.000010,-94.08933
10/2024,999,5.1.01.03.000012,0.0
10/2024,999,5.1.01.03.000013,0.0
10/2024,999,5.1.01.03.000014,0.0
10/2024,999,5.1.01.04.000001,0.0
10/2024,999,5.1.01.04.000002,-0.12314
10/2024,999,5.1.01.04.000003,0.0
10/2024,999,5.1.01.04.000004,-213.55641
10/2024,999,5.1.01.05.000001,-51.52761
10/2024,999,5.1.01.05.000002,-1.41035
10/2024,999,5.1.01.05.000003,-1.72026
10/2024,999,5.1.01.05.000004,-6.70517
10/2024,999,5.1.01.05.000005,-4.84038
10/2024,999,5.1.01.05.000006,-57.95818
10/2024,999,5.1.01.05.000007,-3602.91542
10/2024,999,5.1.01.05.000009,-1.64863
10/2024,999,5.1.01.06.000001,-289.96639
10/2024,999,5.1.01.06.000002,0.0
10/2024,999,5.1.01.06.000003,0.0
10/2024,999,5.1.01.06.000004,-143.21137
10/2024,999,5.1.01.06.000005,0.0
10/2024,999,5.1.01.06.000006,-167.551
10/2024,999,5.1.01.06.000008,0.0
10/2024,999,5.1.01.07.000001,0.0
10/2024,999,5.1.01.07.000002,0.0
10/2024,999,5.1.01.07.000003,0.0
10/2024,999,5.1.01.07.000004,0.0
10/2024,999,5.1.01.07.000005,-6.75836
10/2024,999,5.1.01.07.000007,0.0
10/2024,999,5.1.01.07.000008,0.0
10/2024,999,5.1.01.07.000010,-215.10997
10/2024,999,5.1.01.07.000014,0.0
10/2024,999,5.1.01.07.000015,-3.6
10/2024,999,5.1.01.07.000020,0.0
10/2024,999,5.1.01.07.000021,-2.1124
10/2024,999,5.1.01.08.000001,-6.37679
10/2024,999,5.1.01.08.000002,-0.79
10/2024,999,5.1.01.08.000003,0.0
10/2024,999,5.1.01.08.000004,-8.51342
10/2024,999,5.1.01.08.000005,-13589.52846
10/2024,999,5.1.01.09.000001,0.0
10/2024,999,5.1.01.09.000003,-41.4028
10/2024,999,5.1.01.09.000005,0.0
10/2024,999,5.1.01.09.000008,-1.36455
10/2024,999,5.1.01.10.000002,0.0
10/2024,999,5.1.01.10.000003,0.0
10/2024,999,5.1.01.10.000004,0.0
10/2024,999,5.1.01.11.000001,-6.17541
10/2024,999,5.1.01.11.000003,0.0
10/2024,999,5.1.01.11.000004,0.0
10/2024,999,5.1.01.11.000006,-68.02426
10/2024,999,5.1.01.11.000007,-27.47365
10/2024,999,5.1.01.11.000008,-11.71036
10/2024,999,5.1.01.11.000010,0.0
10/2024,999,5.1.01.11.000012,0.0
10/2024,999,5.1.01.11.000013,0.0
10/2024,999,5.1.01.11.000014,0.0
10/2024,999,5.1.01.11.000015,0.0
10/2024,999,5.1.01.11.000021,0.0
10/2024,999,5.1.01.11.000022,0.0
10/2024,999,5.1.01.11.000025,0.0
10/2024,999,5.1.01.11.000026,0.0
10/2024,999,5.1.01.11.000027,-0.62445
10/2024,999,5.1.01.11.000031,0.0
10/2024,999,5.1.01.12.000003,0.0
10/2024,999,5.1.01.12.000008,0.0
10/2024,999,5.1.01.12.000009,0.0
10/2024,999,5.1.01.12.000019,0.0
10/2024,999,5.1.01.13.000001,-18.04195
10/2024,999,5.1.01.14.000001,0.0
10/2024,999,5.1.01.14.000002,0.0
10/2024,999,5.1.01.14.000003,-670.72232
10/2024,999,5.1.02.01.000006,0.0
10/2024,999,5.1.02.01.000009,0.0
10/2024,999,5.1.02.01.000010,-427.18015
10/2024,999,5.1.02.01.000011,0.0
10/2024,999,5.1.02.01.000012,18.0
10/2024,999,5.1.03.01.000001,-75.31053
10/2024,999,5.1.03.01.000002,-9.1068
10/2024,999,5.1.03.01.000003,-313.9133
10/2024,999,5.1.03.01.000004,-26335.08708
10/2024,999,5.1.03.01.000005,-32.88856
10/2024,999,5.1.03.01.000007,-2.26638
10/2024,999,5.1.03.02.000001,-37.7759
10/2024,999,5.1.04.01.000001,-106.14082
10/2024,999,5.1.04.01.000002,0.0
10/2024,999,5.1.04.01.000004,-2280.83538
10/2024,999,5.1.04.01.000005,-19.4538
10/2024,999,5.1.04.01.000006,-389.27837
10/2024,999,5.1.04.01.000007,0.0
10/2024,999,5.1.04.01.000009,0.0
10/2024,999,5.1.04.01.000010,0.0
10/2024,999,5.1.04.01.000011,0.0
10/2024,999,5.1.04.01.000014,-7068.4252
10/2024,999,5.1.04.01.000015,-0.1015
10/2024,999,5.1.04.01.000016,-1.2685
10/2024,999,5.1.04.01.000017,-772.68662
10/2024,999,5.1.04.02.000001,275.83096
10/2024,999,5.1.04.02.000002,18.29616
10/2024,999,5.1.04.02.000003,0.13831
10/2024,999,5.2.01.01.000001,302.80759
10/2024,999,5.9.01.01.000001,0.0
10/2024,999,5.9.01.01.000002,0.0
10/2024,999,5.9.01.02.000001,0.0
10/2024,999,5.9.01.02.000002,0.0
10/2025,6,3.1.01.01.000002,4517.35391
10/2025,6,3.1.01.01.000003,0.0
10/2025,6,3.1.01.01.000013,607.99564
10/2025,6,3.1.02.02.000002,0.0
10/2025,6,3.1.02.02.000003,0.0
10/2025,6,3.1.02.02.000004,0.0
10/2025,6,3.1.02.02.000009,0.0
10/2025,6,3.1.02.02.000010,-88.56839
10/2025,6,3.1.03.02.000003,0.0
10/2025,6,3.1.03.03.000001,0.0
10/2025,6,3.2.01.01.000001,0.0
10/2025,6,3.2.01.02.000002,0.9094
10/2025,6,4.1.01.01.000001,-743.89557
10/2025,6,4.1.01.01.000002,-33.5
10/2025,6,4.1.01.01.000003,-289.3856
10/2025,6,4.1.01.01.000006,-5.11951
10/2025,6,4.1.01.01.000008,0.0
10/2025,6,4.1.01.01.000009,-56.80063
10/2025,6,4.1.01.01.000010,0.0
10/2025,6,4.1.01.02.000001,-205.85657
10/2025,6,4.1.01.02.000002,-87.95175
10/2025,6,4.1.01.02.000003,-68.54563
10/2025,6,4.1.01.02.000004,0.0
10/2025,6,4.1.01.02.000006,0.0
10/2025,6,4.1.01.02.000007,0.0
10/2025,6,4.1.01.03.000001,-50.53864
10/2025,6,4.1.01.03.000003,0.0
10/2025,6,4.1.01.03.000004,-4.93709
10/2025,6,4.1.01.03.000006,-21.721
10/2025,6,4.1.01.03.000009,-98.95018
10/2025,6,4.1.01.03.000010,-5.22
10/2025,6,4.1.01.04.000004,-16.59944
10/2025,6,4.1.01.05.000001,0.0
10/2025,6,4.1.01.05.000002,0.0
10/2025,6,4.1.01.05.000003,0.0
10/2025,6,4.1.01.05.000006,-1420.87285
10/2025,6,4.1.01.06.000001,-6.752
10/2025,6,4.1.01.06.000002,-0.678
10/2025,6,4.1.01.06.000004,-19.93218
10/2025,6,4.1.01.07.000007,-7.26652
10/2025,6,4.1.01.07.000012,-4.3418
10/2025,6,4.1.01.07.000013,0.0
10/2025,6,4.1.01.07.000014,0.0
10/2025,6,4.1.01.07.000018,0.0
10/2025,6,4.1.01.08.000001,0.0
10/2025,6,4.1.01.08.000004,-401.33711
10/2025,6,4.1.01.08.000005,0.0
10/2025,6,4.1.01.08.000006,0.0
10/2025,6,4.1.01.11.000002,-301.49165
10/2025,6,4.1.01.11.000007,0.0
10/2025,6,4.1.01.11.000008,0.0
10/2025,6,4.1.01.11.000009,-4.65141
10/2025,6,4.1.01.11.000025,0.0
10/2025,6,5.1.01.01.000001,-1.92338
10/2025,6,5.1.01.01.000003,0.0
10/2025,6,5.1.01.01.000004,0.0
10/2025,6,5.1.01.01.000023,0.0
10/2025,6,5.1.01.01.000024,0.0
10/2025,6,5.1.01.02.000001,0.0
10/2025,6,5.1.01.02.000002,0.0
10/2025,6,5.1.01.02.000003,0.0
10/2025,6,5.1.01.02.000004,0.0
10/2025,6,5.1.01.02.000005,0.0
10/2025,6,5.1.01.02.000007,0.0
10/2025,6,5.1.01.03.000001,0.0
10/2025,6,5.1.01.03.000004,0.0
10/2025,6,5.1.01.03.000006,0.0
10/2025,6,5.1.01.03.000009,0.0
10/2025,6,5.1.01.03.000010,0.0
10/2025,6,5.1.01.04.000001,0.0
10/2025,6,5.1.01.04.000002,0.0
10/2025,6,5.1.01.04.000004,0.0
10/2025,6,5.1.01.05.000001,-0.06
10/2025,6,5.1.01.05.000002,0.0
10/2025,6,5.1.01.05.000006,0.0
10/2025,6,5.1.01.05.000009,-0.235
10/2025,6,5.1.01.06.000001,0.0
10/2025,6,5.1.01.06.000004,0.0
10/2025,6,5.1.01.06.000007,0.0
10/2025,6,5.1.01.07.000007,0.0
10/2025,6,5.1.01.07.000012,0.0
10/2025,6,5.1.01.08.000001,0.0
10/2025,6,5.1.01.08.000004,0.0
10/2025,6,5.1.01.08.000005,0.0
10/2025,6,5.1.01.11.000001,0.0
10/2025,6,5.1.01.11.000002,0.0
10/2025,6,5.1.01.11.000005,0.0
10/2025,6,5.1.01.11.000006,0.0
10/2025,6,5.1.01.11.000007,-1.2122
10/2025,6,5.1.01.11.000008,-46.72614
10/2025,6,5.1.01.11.000009,0.0
10/2025,6,5.1.01.11.000012,0.0
10/2025,6,5.1.01.11.000014,0.0
10/2025,6,5.1.01.11.000015,0.0
10/2025,6,5.1.01.11.000016,-24.03397
10/2025,6,5.1.01.11.000017,-110.70192
10/2025,6,5.1.01.11.000021,0.0
10/2025,6,5.1.01.11.000022,0.0
10/2025,6,5.1.01.11.000025,0.0
10/2025,6,5.1.01.11.000026,-8.89731
10/2025,6,5.1.01.11.000027,-0.16354
10/2025,6,5.1.01.12.000001,0.0
10/2025,6,5.1.01.12.000009,0.0
10/2025,6,5.1.01.12.000011,0.0
10/2025,6,5.1.01.12.000020,0.0
10/2025,6,5.1.01.13.000001,0.0
10/2025,6,5.1.03.01.000001,-0.5234
10/2025,6,5.1.03.01.000002,-0.0913
10/2025,6,5.1.03.01.000004,-30.0
10/2025,6,5.1.03.01.000007,-0.1441
10/2025,6,5.1.04.01.000001,-9.99986
10/2025,6,5.1.04.01.000004,-331.85508
10/2025,6,5.1.04.01.000005,0.0
10/2025,6,5.1.04.01.000006,-0.06128
10/2025,6,5.1.04.01.000011,-160.0
10/2025,6,5.1.04.01.000013,0.0
10/2025,6,5.1.04.01.000014,-183.25301
10/2025,6,5.1.04.02.000001,0.094
10/2025,6,5.1.04.02.000002,0.27767
10/2025,6,5.1.04.02.000003,55.70942
10/2025,6,5.2.01.01.000001,2.95483
10/2025,7,3.1.01.01.000005,18727.95287
10/2025,7,3.1.02.01.000001,0.0
10/2025,7,3.2.01.01.000003,73.0
10/2025,7,3.2.01.02.000002,17.17594
10/2025,7,3.2.01.02.000003,0.0
10/2025,7,4.1.01.08.000005,-6.6
10/2025,7,4.1.02.01.000001,-184.41677
10/2025,7,4.1.02.01.000003,0.0
10/2025,7,4.1.02.01.000008,0.0
10/2025,7,4.1.02.01.000009,-26.12533
10/2025,7,4.1.02.01.000010,-35.78484
10/2025,7,4.1.02.02.000001,-58.0017
10/2025,7,4.1.02.02.000002,-17.41715
10/2025,7,4.1.02.02.000003,0.0
10/2025,7,4.1.02.02.000005,0.0
10/2025,7,4.1.02.02.000006,0.0
10/2025,7,4.1.02.02.000007,-2.0
10/2025,7,4.1.02.02.000008,0.0
10/2025,7,4.1.02.03.000001,0.0
10/2025,7,4.1.02.03.000004,-17.90464
10/2025,7,4.1.02.03.000005,0.0
10/2025,7,4.1.02.03.000006,-5.82
10/2025,7,4.1.02.03.000009,-30.805
10/2025,7,4.1.02.03.000010,0.0
10/2025,7,4.1.02.03.000013,0.0
10/2025,7,4.1.02.04.000003,-38.67767
10/2025,7,4.1.02.04.000004,0.0
10/2025,7,4.1.02.05.000001,-6.38626
10/2025,7,4.1.02.05.000002,-3.77821
10/2025,7,4.1.02.05.000003,-2.9895
10/2025,7,4.1.02.05.000004,-1.078
10/2025,7,4.1.02.05.000005,-2.67789
10/2025,7,4.1.02.05.000006,-13873.72367
10/2025,7,4.1.02.05.000007,0.0
10/2025,7,4.1.02.05.000009,-10.87072
10/2025,7,4.1.02.05.000010,0.0
10/2025,7,4.1.02.06.000001,-20.6235
10/2025,7,4.1.02.06.000004,0.0
10/2025,7,4.1.02.07.000003,-59.97187
10/2025,7,4.1.02.07.000004,-1.25165
10/2025,7,4.1.02.07.000006,-7.12
10/2025,7,4.1.02.07.000007,0.0
10/2025,7,4.1.02.07.000010,0.0
10/2025,7,4.1.02.07.000016,-125.69912
10/2025,7,4.1.02.08.000001,-28.38913
10/2025,7,4.1.02.08.000002,-0.15
10/2025,7,4.1.02.08.000005,-30.77664
10/2025,7,5.1.01.04.000002,-0.179
10/2025,7,5.1.01.04.000003,0.0
10/2025,7,5.1.01.05.000001,-0.0717
10/2025,7,5.1.01.05.000003,-0.18
10/2025,7,5.1.01.05.000005,0.0
10/2025,7,5.1.01.05.000009,-0.3555
10/2025,7,5.1.01.07.000007,0.0
10/2025,7,5.1.01.07.000010,-12.8129
10/2025,7,5.1.01.07.000015,-2.0
10/2025,7,5.1.01.07.000021,-0.5
10/2025,7,5.1.01.08.000005,0.0
10/2025,7,5.1.01.09.000003,-0.718
10/2025,7,5.1.01.09.000008,0.0
10/2025,7,5.1.01.11.000001,-6.41208
10/2025,7,5.1.01.11.000005,0.0
10/2025,7,5.1.01.11.000006,-3.08278
10/2025,7,5.1.01.11.000007,-0.72693
10/2025,7,5.1.01.11.000008,-0.72282
10/2025,7,5.1.01.11.000016,-1.2045
10/2025,7,5.1.01.11.000017,-5.548
10/2025,7,5.1.01.11.000027,-0.16354
10/2025,7,5.1.01.13.000001,0.0
10/2025,7,5.1.01.14.000003,0.0
10/2025,7,5.1.02.01.000009,0.0
10/2025,7,5.1.02.01.000010,0.0
10/2025,7,5.1.02.01.000011,0.0
10/2025,7,5.1.04.01.000001,-39.46703
10/2025,7,5.1.04.01.000002,-401.33966
10/2025,7,5.1.04.01.000003,0.0
10/2025,7,5.1.04.01.000004,-63.42754
10/2025,7,5.1.04.01.000005,-0.28777
10/2025,7,5.1.04.01.000006,-0.09598
10/2025,7,5.1.04.01.000014,0.0
10/2025,7,5.1.04.02.000001,0.11091
10/2025,7,5.1.04.02.000002,0.13167
10/2025,7,5.1.04.02.000003,0.17515
10/2025,7,5.2.01.01.000001,0.0
10/2025,7,5.9.01.01.000001,0.0
10/2025,7,5.9.01.02.000001,0.0
10/2025,999,3.1.01.01.000002,0.0
10/2025,999,3.1.01.01.000003,495.7963
10/2025,999,3.1.01.01.000004,511.03772
10/2025,999,3.1.01.01.000006,25.37226
10/2025,999,3.1.01.01.000008,0.0
10/2025,999,3.1.01.01.000009,0.0
10/2025,999,3.1.01.01.000010,0.0
10/2025,999,3.1.01.01.000011,0.0
10/2025,999,3.1.01.01.000012,0.0
10/2025,999,3.1.01.01.000013,80764.15357
10/2025,999,3.1.02.01.000001,-100.5022
10/2025,999,3.1.02.02.000004,0.0
10/2025,999,3.1.02.02.000005,0.0
10/2025,999,3.1.02.02.000008,0.0
10/2025,999,3.1.02.02.000010,-0.99983
10/2025,999,3.1.02.02.000011,0.0
10/2025,999,3.1.02.02.000012,0.0
10/2025,999,3.1.02.02.000013,-2.90595
10/2025,999,3.1.02.02.000014,-1.45297
10/2025,999,3.1.03.01.000007,0.0
10/2025,999,3.1.03.01.000011,0.0
10/2025,999,3.1.03.02.000001,0.0
10/2025,999,3.1.03.02.000003,0.0
10/2025,999,3.1.03.02.000004,0.0
10/2025,999,3.1.03.03.000001,0.0
10/2025,999,3.2.01.01.000001,13103.48399
10/2025,999,3.2.01.01.000005,5.50975
10/2025,999,3.2.01.02.000001,0.0
10/2025,999,3.2.01.02.000002,53.07118
10/2025,999,3.2.01.02.000003,0.3
10/2025,999,3.2.01.02.000004,0.0
10/2025,999,3.2.01.02.000005,267.405
10/2025,999,3.2.01.02.000006,2612.90714
10/2025,999,3.2.01.03.000001,0.0
10/2025,999,4.1.01.01.000001,-1280.12728
10/2025,999,4.1.01.01.000002,-19.24381
10/2025,999,4.1.01.01.000003,-81.84704
10/2025,999,4.1.01.01.000004,0.0
10/2025,999,4.1.01.01.000006,0.0
10/2025,999,4.1.01.01.000007,0.0
10/2025,999,4.1.01.01.000009,-97.86874
10/2025,999,4.1.01.01.000010,0.0
10/2025,999,4.1.01.02.000001,-371.67139
10/2025,999,4.1.01.02.000002,-116.28864
10/2025,999,4.1.01.02.000003,-26.90382
10/2025,999,4.1.01.02.000004,0.0
10/2025,999,4.1.01.02.000005,0.0
10/2025,999,4.1.01.02.000007,-8.16127
10/2025,999,4.1.01.03.000001,-177.53965
10/2025,999,4.1.01.03.000003,0.0
10/2025,999,4.1.01.03.000004,-116.30751
10/2025,999,4.1.01.03.000005,0.0
10/2025,999,4.1.01.03.000006,-20.0671
10/2025,999,4.1.01.03.000008,-2.27745
10/2025,999,4.1.01.03.000009,-230.2861
10/2025,999,4.1.01.03.000010,-1.12461
10/2025,999,4.1.01.03.000013,0.0
10/2025,999,4.1.01.04.000002,0.0
10/2025,999,4.1.01.04.000004,-255.68604
10/2025,999,4.1.01.05.000001,-3.8477
10/2025,999,4.1.01.05.000002,-20.43586
10/2025,999,4.1.01.05.000003,-2.62218
10/2025,999,4.1.01.05.000004,-11.363
10/2025,999,4.1.01.05.000005,-10.05595
10/2025,999,4.1.01.05.000006,-1144.13312
10/2025,999,4.1.01.05.000007,-16.83909
10/2025,999,4.1.01.05.000008,0.0
10/2025,999,4.1.01.05.000009,-8.03451
10/2025,999,4.1.01.06.000001,-366.19885
10/2025,999,4.1.01.06.000002,-180.32458
10/2025,999,4.1.01.06.000003,0.0
10/2025,999,4.1.01.06.000004,-835.62415
10/2025,999,4.1.01.06.000007,-0.65693
10/2025,999,4.1.01.07.000001,-3.87298
10/2025,999,4.1.01.07.000002,-0.74504
10/2025,999,4.1.01.07.000003,-162.62004
10/2025,999,4.1.01.07.000004,-349.18198
10/2025,999,4.1.01.07.000005,-25.26666
10/2025,999,4.1.01.07.000006,-23.05
10/2025,999,4.1.01.07.000007,-29.14526
10/2025,999,4.1.01.07.000008,-1.619
10/2025,999,4.1.01.07.000009,0.0
10/2025,999,4.1.01.07.000010,-11.142
10/2025,999,4.1.01.07.000011,0.0
10/2025,999,4.1.01.07.000012,-48.85048
10/2025,999,4.1.01.07.000013,-163.18923
10/2025,999,4.1.01.07.000014,-398.69998
10/2025,999,4.1.01.07.000015,-16.34814
10/2025,999,4.1.01.07.000016,-133.0
10/2025,999,4.1.01.07.000017,-0.5
10/2025,999,4.1.01.07.000018,-1.925
10/2025,999,4.1.01.07.000019,-51.64889
10/2025,999,4.1.01.07.000020,0.0
10/2025,999,4.1.01.08.000001,-140.16277
10/2025,999,4.1.01.08.000002,-0.385
10/2025,999,4.1.01.08.000003,-8.819
10/2025,999,4.1.01.08.000004,-6177.38886
10/2025,999,4.1.01.08.000005,-85.07547
10/2025,999,4.1.01.08.000007,-4.464
10/2025,999,4.1.01.08.000008,-1.6
10/2025,999,4.1.01.09.000004,-320.69677
10/2025,999,4.1.01.09.000006,0.0
10/2025,999,4.1.01.10.000001,-0.2705
10/2025,999,4.1.01.10.000003,0.0
10/2025,999,4.1.01.10.000004,0.0
10/2025,999,4.1.01.10.000005,0.0
10/2025,999,4.1.01.11.000002,-1324.63423
10/2025,999,4.1.01.11.000003,0.0
10/2025,999,4.1.01.11.000004,-23.8735
10/2025,999,4.1.01.11.000007,0.0
10/2025,999,4.1.01.11.000009,-418.58264
10/2025,999,4.1.01.11.000010,0.0
10/2025,999,4.1.01.11.000017,0.0
10/2025,999,4.1.01.11.000019,0.0
10/2025,999,4.1.01.11.000020,-43.45335
10/2025,999,4.1.01.11.000021,0.0
10/2025,999,4.1.01.11.000025,0.0
10/2025,999,4.1.01.11.000026,0.0
10/2025,999,4.1.01.12.000001,-226.98789
10/2025,999,4.1.01.12.000002,-4.59314
10/2025,999,4.1.01.13.000001,-0.35476
10/2025,999,4.1.01.13.000002,0.0
10/2025,999,4.1.01.13.000003,0.0
10/2025,999,4.1.01.13.000004,0.0
10/2025,999,4.1.01.13.000005,0.0
10/2025,999,5.1.01.01.000001,-798.66724
10/2025,999,5.1.01.01.000003,0.0
10/2025,999,5.1.01.01.000004,-91.80164
10/2025,999,5.1.01.01.000005,0.0
10/2025,999,5.1.01.01.000008,0.0
10/2025,999,5.1.01.01.000012,-10.6324
10/2025,999,5.1.01.01.000020,0.0
10/2025,999,5.1.01.01.000021,0.0
10/2025,999,5.1.01.01.000022,0.0
10/2025,999,5.1.01.01.000023,-89.86115
10/2025,999,5.1.01.01.000024,0.0
10/2025,999,5.1.01.02.000001,-224.24318
10/2025,999,5.1.01.02.000002,-71.93932
10/2025,999,5.1.01.02.000003,-32.63562
10/2025,999,5.1.01.02.000005,0.0
10/2025,999,5.1.01.02.000006,0.0
10/2025,999,5.1.01.02.000007,0.0
10/2025,999,5.1.01.02.000020,0.0
10/2025,999,5.1.01.02.000021,0.0
10/2025,999,5.1.01.02.000022,0.0
10/2025,999,5.1.01.03.000001,-104.22846
10/2025,999,5.1.01.03.000004,0.24109
10/2025,999,5.1.01.03.000006,-2.759
10/2025,999,5.1.01.03.000008,-19.97931
10/2025,999,5.1.01.03.000009,-46.812
10/2025,999,5.1.01.03.000010,-7.125
10/2025,999,5.1.01.03.000012,0.0
10/2025,999,5.1.01.03.000013,-0.10958
10/2025,999,5.1.01.03.000014,0.0
10/2025,999,5.1.01.04.000001,-3.1
10/2025,999,5.1.01.04.000002,-0.7975
10/2025,999,5.1.01.04.000003,0.0
10/2025,999,5.1.01.04.000004,-68.06807
10/2025,999,5.1.01.05.000001,-9.55443
10/2025,999,5.1.01.05.000002,-3.91165
10/2025,999,5.1.01.05.000003,0.0
10/2025,999,5.1.01.05.000004,-15.377
10/2025,999,5.1.01.05.000005,-1.60211
10/2025,999,5.1.01.05.000006,-98.47213
10/2025,999,5.1.01.05.000007,0.0
10/2025,999,5.1.01.05.000009,-2.06912
10/2025,999,5.1.01.05.000010,0.0
10/2025,999,5.1.01.06.000001,-54.59709
10/2025,999,5.1.01.06.000002,0.0
10/2025,999,5.1.01.06.000003,0.0
10/2025,999,5.1.01.06.000004,-324.72714
10/2025,999,5.1.01.06.000005,0.0
10/2025,999,5.1.01.06.000006,-162.10963
10/2025,999,5.1.01.06.000008,0.0
10/2025,999,5.1.01.07.000001,0.0
10/2025,999,5.1.01.07.000002,0.0
10/2025,999,5.1.01.07.000003,-29.98021
10/2025,999,5.1.01.07.000004,0.0
10/2025,999,5.1.01.07.000005,-0.53311
10/2025,999,5.1.01.07.000007,0.0
10/2025,999,5.1.01.07.000008,0.0
10/2025,999,5.1.01.07.000010,-144.44136
10/2025,999,5.1.01.07.000014,0.0
10/2025,999,5.1.01.07.000015,-3.6
10/2025,999,5.1.01.07.000020,-17.9738
10/2025,999,5.1.01.07.000021,-0.07074
10/2025,999,5.1.01.08.000001,-10.38
10/2025,999,5.1.01.08.000002,0.0
10/2025,999,5.1.01.08.000003,0.0
10/2025,999,5.1.01.08.000004,-19.67675
10/2025,999,5.1.01.08.000005,-158.2772
10/2025,999,5.1.01.09.000001,0.0
10/2025,999,5.1.01.09.000003,-24.0
10/2025,999,5.1.01.09.000005,0.0
10/2025,999,5.1.01.09.000007,0.0
10/2025,999,5.1.01.09.000008,0.0
10/2025,999,5.1.01.10.000002,0.0
10/2025,999,5.1.01.10.000003,0.0
10/2025,999,5.1.01.10.000004,0.0
10/2025,999,5.1.01.11.000001,-19.58305
10/2025,999,5.1.01.11.000003,0.0
10/2025,999,5.1.01.11.000004,0.0
10/2025,999,5.1.01.11.000006,-26.68662
10/2025,999,5.1.01.11.000007,-388.56676
10/2025,999,5.1.01.11.000008,-63.24919
10/2025,999,5.1.01.11.000010,-10.62682
10/2025,999,5.1.01.11.000012,0.0
10/2025,999,5.1.01.11.000013,0.0
10/2025,999,5.1.01.11.000014,0.0
10/2025,999,5.1.01.11.000015,0.0
10/2025,999,5.1.01.11.000021,-4.08973
10/2025,999,5.1.01.11.000022,0.0
10/2025,999,5.1.01.11.000025,0.0
10/2025,999,5.1.01.11.000026,0.0
10/2025,999,5.1.01.11.000027,-4.60604
10/2025,999,5.1.01.11.000030,-8.54405
10/2025,999,5.1.01.11.000031,-154.69676
10/2025,999,5.1.01.12.000003,0.0
10/2025,999,5.1.01.12.000008,0.0
10/2025,999,5.1.01.12.000009,0.0
10/2025,999,5.1.01.12.000019,0.0
10/2025,999,5.1.01.12.000021,-118.99649
10/2025,999,5.1.01.13.000001,0.0
10/2025,999,5.1.01.14.000001,0.0
10/2025,999,5.1.01.14.000002,0.0
10/2025,999,5.1.01.14.000003,-4151.37095
10/2025,999,5.1.02.01.000006,0.0
10/2025,999,5.1.02.01.000009,0.0
10/2025,999,5.1.02.01.000010,0.0
10/2025,999,5.1.02.01.000011,0.0
10/2025,999,5.1.02.01.000012,150.0
10/2025,999,5.1.03.01.000001,-77.1264
10/2025,999,5.1.03.01.000002,-10.24261
10/2025,999,5.1.03.01.000003,-313.91338
10/2025,999,5.1.03.01.000004,-30157.73353
10/2025,999,5.1.03.01.000005,-34.7394
10/2025,999,5.1.03.01.000007,-2.9904
10/2025,999,5.1.03.02.000001,-65.99589
10/2025,999,5.1.04.01.000001,-117.14762
10/2025,999,5.1.04.01.000002,0.0
10/2025,999,5.1.04.01.000004,-3217.73329
10/2025,999,5.1.04.01.000005,-31.16637
10/2025,999,5.1.04.01.000006,-84.80088
10/2025,999,5.1.04.01.000007,0.0
10/2025,999,5.1.04.01.000009,-3.5
10/2025,999,5.1.04.01.000010,0.0
10/2025,999,5.1.04.01.000011,0.0
10/2025,999,5.1.04.01.000014,-8514.22554
10/2025,999,5.1.04.01.000015,-0.59942
10/2025,999,5.1.04.01.000016,-1.5325
10/2025,999,5.1.04.01.000017,-642.50376
10/2025,999,5.1.04.02.000001,254.15007
10/2025,999,5.1.04.02.000002,355.99317
10/2025,999,5.1.04.02.000003,11.54279
10/2025,999,5.2.01.01.000001,1035.38787
10/2025,999,5.9.01.01.000001,0.0
10/2025,999,5.9.01.01.000002,0.0
10/2025,999,5.9.01.02.000001,0.0
10/2025,999,5.9.01.02.000002,0.0
11/2022,6,3.1.01.01.000002,6532.20694
11/2022,6,3.1.01.01.000003,0.0
11/2022,6,3.1.02.02.000002,-130.64414
11/2022,6,3.1.02.02.000003,-107.78399
11/2022,6,3.1.02.02.000004,-496.45954
11/2022,6,3.1.02.02.000009,0.0
11/2022,6,3.1.02.02.000010,0.0
11/2022,6,3.1.03.02.000003,0.0
11/2022,6,4.1.01.01.000001,-1080.54283
11/2022,6,4.1.01.01.000002,-17.0
11/2022,6,4.1.01.01.000003,0.0
11/2022,6,4.1.01.01.000009,0.0
11/2022,6,4.1.01.02.000001,-298.27413
11/2022,6,4.1.01.02.000002,-84.33606
11/2022,6,4.1.01.02.000003,-8.11299
11/2022,6,4.1.01.02.000004,-0.36462
11/2022,6,4.1.01.02.000006,0.0
11/2022,6,4.1.01.02.000007,-8.0
11/2022,6,4.1.01.03.000001,-85.80909
11/2022,6,4.1.01.03.000003,0.0
11/2022,6,4.1.01.03.000004,0.0
11/2022,6,4.1.01.03.000006,-7.43087
11/2022,6,4.1.01.03.000009,-166.53242
11/2022,6,4.1.01.03.000010,-0.608
11/2022,6,4.1.01.04.000004,-3.86577
11/2022,6,4.1.01.05.000001,0.0
11/2022,6,4.1.01.05.000002,-0.9374
11/2022,6,4.1.01.05.000003,-0.75336
11/2022,6,4.1.01.05.000006,-2281.87918
11/2022,6,4.1.01.06.000001,-1.02
11/2022,6,4.1.01.06.000002,-0.99
11/2022,6,4.1.01.06.000004,-126.43
11/2022,6,4.1.01.07.000007,-0.17061
11/2022,6,4.1.01.07.000012,0.0
11/2022,6,4.1.01.07.000013,0.0
11/2022,6,4.1.01.07.000014,-0.42
11/2022,6,4.1.01.08.000001,0.0
11/2022,6,4.1.01.08.000004,-435.70128
11/2022,6,4.1.01.08.000005,0.0
11/2022,6,4.1.01.08.000006,0.0
11/2022,6,4.1.01.11.000002,-103.1971
11/2022,6,4.1.01.11.000008,0.0
11/2022,6,4.1.01.11.000009,-14.33648
11/2022,6,4.1.01.11.000025,0.0
11/2022,6,5.1.01.01.000001,0.0
11/2022,6,5.1.01.01.000003,0.0
11/2022,6,5.1.01.01.000004,0.0
11/2022,6,5.1.01.02.000001,0.0
11/2022,6,5.1.01.02.000002,0.0
11/2022,6,5.1.01.02.000004,-0.39817
11/2022,6,5.1.01.02.000005,0.0
11/2022,6,5.1.01.02.000007,0.0
11/2022,6,5.1.01.03.000001,0.0
11/2022,6,5.1.01.03.000004,-4.2864
11/2022,6,5.1.01.03.000006,0.0
11/2022,6,5.1.01.03.000009,0.0
11/2022,6,5.1.01.03.000010,-7.0058
11/2022,6,5.1.01.04.000001,0.0
11/2022,6,5.1.01.04.000002,0.0
11/2022,6,5.1.01.04.000004,-3.028
11/2022,6,5.1.01.05.000001,-0.69336
11/2022,6,5.1.01.05.000002,-0.2145
11/2022,6,5.1.01.05.000006,0.0
11/2022,6,5.1.01.06.000004,0.0
11/2022,6,5.1.01.06.000007,-0.355
11/2022,6,5.1.01.07.000007,0.0
11/2022,6,5.1.01.07.000012,-0.44031
11/2022,6,5.1.01.08.000001,0.0
11/2022,6,5.1.01.08.000004,0.0
11/2022,6,5.1.01.08.000005,-0.59
11/2022,6,5.1.01.11.000001,-0.14306
11/2022,6,5.1.01.11.000002,0.0
11/2022,6,5.1.01.11.000005,-2.0
11/2022,6,5.1.01.11.000006,-1.91468
11/2022,6,5.1.01.11.000007,-4.8193
11/2022,6,5.1.01.11.000008,-11.76304
11/2022,6,5.1.01.11.000009,0.0
11/2022,6,5.1.01.11.000012,0.0
11/2022,6,5.1.01.11.000014,0.0
11/2022,6,5.1.01.11.000015,0.0
11/2022,6,5.1.01.11.000016,0.0
11/2022,6,5.1.01.11.000017,0.0
11/2022,6,5.1.01.11.000021,-0.12396
11/2022,6,5.1.01.11.000022,-0.19291
11/2022,6,5.1.01.11.000025,0.0
11/2022,6,5.1.01.11.000027,0.0
11/2022,6,5.1.01.12.000001,-9.63234
11/2022,6,5.1.01.12.000009,0.0
11/2022,6,5.1.01.12.000011,-0.5182
11/2022,6,5.1.01.12.000020,-0.00774
11/2022,6,5.1.03.01.000004,-2877.12119
11/2022,6,5.1.04.01.000001,-3.58722
11/2022,6,5.1.04.01.000004,-59.34376
11/2022,6,5.1.04.01.000005,0.0
11/2022,6,5.1.04.01.000006,-0.1706
11/2022,6,5.1.04.01.000013,0.0
11/2022,6,5.1.04.01.000014,0.0
11/2022,6,5.1.04.02.000001,0.15543
11/2022,6,5.1.04.02.000002,1e-05
11/2022,999,3.1.01.01.000002,1810.51782
11/2022,999,3.1.01.01.000003,92.64668
11/2022,999,3.1.01.01.000004,243.85348
11/2022,999,3.1.01.01.000006,60.50236
11/2022,999,3.1.01.01.000008,0.0
11/2022,999,3.1.01.01.000009,75.0
11/2022,999,3.1.01.01.000010,120.0
11/2022,999,3.1.01.01.000011,1473.66
11/2022,999,3.1.01.01.000012,835.31011
11/2022,999,3.1.01.01.000013,81770.6439
11/2022,999,3.1.02.01.000001,-101.11693
11/2022,999,3.1.02.02.000005,-37.27321
11/2022,999,3.1.02.02.000008,-178.9091
11/2022,999,3.1.02.02.000010,-94.94074
11/2022,999,3.1.02.02.000011,-26.94969
11/2022,999,3.1.02.02.000012,-132.92144
11/2022,999,3.1.02.02.000013,-3.1441
11/2022,999,3.1.02.02.000014,-1.57205
11/2022,999,3.1.03.01.000007,0.0
11/2022,999,3.1.03.01.000011,0.0
11/2022,999,3.1.03.02.000003,0.0
11/2022,999,3.2.01.01.000001,7565.5
11/2022,999,3.2.01.01.000005,13.051
11/2022,999,3.2.01.02.000001,3151.10075
11/2022,999,3.2.01.02.000002,40.5484
11/2022,999,3.2.01.02.000003,23.14382
11/2022,999,3.2.01.02.000004,47.24585
11/2022,999,4.1.01.01.000001,-1501.26155
11/2022,999,4.1.01.01.000003,-101.21644
11/2022,999,4.1.01.01.000007,-4.41366
11/2022,999,4.1.01.02.000001,-451.95089
11/2022,999,4.1.01.02.000002,-135.10104
11/2022,999,4.1.01.02.000003,-15.29891
11/2022,999,4.1.01.02.000004,0.0
11/2022,999,4.1.01.02.000005,-150.31983
11/2022,999,4.1.01.02.000007,-14.39231
11/2022,999,4.1.01.03.000001,0.0
11/2022,999,4.1.01.03.000003,-6.84
11/2022,999,4.1.01.03.000004,-0.89789
11/2022,999,4.1.01.03.000005,-32.16003
11/2022,999,4.1.01.03.000006,0.0
11/2022,999,4.1.01.03.000008,0.0
11/2022,999,4.1.01.03.000009,-302.13726
11/2022,999,4.1.01.03.000010,-1.593
11/2022,999,4.1.01.03.000013,0.0
11/2022,999,4.1.01.04.000002,0.0
11/2022,999,4.1.01.04.000004,-61.42573
11/2022,999,4.1.01.05.000001,-9.13429
11/2022,999,4.1.01.05.000002,-20.29893
11/2022,999,4.1.01.05.000003,-4.45215
11/2022,999,4.1.01.05.000004,-33.67299
11/2022,999,4.1.01.05.000005,-0.30474
11/2022,999,4.1.01.05.000006,-10965.78922
11/2022,999,4.1.01.05.000007,-1132.23269
11/2022,999,4.1.01.06.000001,-25.5084
11/2022,999,4.1.01.06.000002,-163.53926
11/2022,999,4.1.01.06.000003,-8.05432
11/2022,999,4.1.01.06.000004,-613.90856
11/2022,999,4.1.01.07.000001,-2.88488
11/2022,999,4.1.01.07.000002,-0.19206
11/2022,999,4.1.01.07.000003,-226.41571
11/2022,999,4.1.01.07.000004,-187.4336
11/2022,999,4.1.01.07.000005,-181.703
11/2022,999,4.1.01.07.000006,-24.4
11/2022,999,4.1.01.07.000007,-4.69127
11/2022,999,4.1.01.07.000008,0.0
11/2022,999,4.1.01.07.000009,-2.1964
11/2022,999,4.1.01.07.000010,-114.40608
11/2022,999,4.1.01.07.000011,-2.1144
11/2022,999,4.1.01.07.000012,-12.17152
11/2022,999,4.1.01.07.000013,-39.224
11/2022,999,4.1.01.07.000014,-629.80527
11/2022,999,4.1.01.07.000015,-20.3205
11/2022,999,4.1.01.07.000016,-114.0
11/2022,999,4.1.01.07.000017,-9.91567
11/2022,999,4.1.01.07.000018,0.0
11/2022,999,4.1.01.07.000019,-137.16096
11/2022,999,4.1.01.08.000001,-11.27208
11/2022,999,4.1.01.08.000002,-16.54535
11/2022,999,4.1.01.08.000003,-0.204
11/2022,999,4.1.01.08.000004,-7681.71994
11/2022,999,4.1.01.08.000005,-34.01404
11/2022,999,4.1.01.09.000004,-412.38553
11/2022,999,4.1.01.10.000001,0.0
11/2022,999,4.1.01.10.000003,-0.93
11/2022,999,4.1.01.10.000004,-0.74279
11/2022,999,4.1.01.10.000005,0.0
11/2022,999,4.1.01.11.000002,-5908.89294
11/2022,999,4.1.01.11.000003,-0.1775
11/2022,999,4.1.01.11.000004,-15.47764
11/2022,999,4.1.01.11.000009,-388.91325
11/2022,999,4.1.01.11.000010,-44.72332
11/2022,999,4.1.01.11.000017,-139.85297
11/2022,999,4.1.01.11.000019,-15.31874
11/2022,999,4.1.01.11.000020,-110.00517
11/2022,999,4.1.01.11.000021,0.0
11/2022,999,4.1.01.11.000025,-0.57799
11/2022,999,4.1.01.11.000026,-0.2
11/2022,999,4.1.01.12.000001,-2968.67241
11/2022,999,4.1.01.12.000002,-2263.62985
11/2022,999,4.1.01.13.000001,-1257.35886
11/2022,999,4.1.01.13.000002,-306.43042
11/2022,999,4.1.01.13.000003,-246.35648
11/2022,999,4.1.01.13.000004,-8.07508
11/2022,999,4.1.01.13.000005,-307.90683
11/2022,999,5.1.01.01.000003,-20.0
11/2022,999,5.1.01.01.000008,-23.09679
11/2022,999,5.1.01.01.000020,-818.63835
11/2022,999,5.1.01.01.000021,-13.332
11/2022,999,5.1.01.01.000022,-58.02904
11/2022,999,5.1.01.02.000003,-8.77112
11/2022,999,5.1.01.02.000006,0.0
11/2022,999,5.1.01.02.000007,-1.44578
11/2022,999,5.1.01.02.000020,-259.18013
11/2022,999,5.1.01.02.000021,-77.4497
11/2022,999,5.1.01.02.000022,-92.79922
11/2022,999,5.1.01.03.000001,-189.28357
11/2022,999,5.1.01.03.000004,-9.21951
11/2022,999,5.1.01.03.000006,-9.44221
11/2022,999,5.1.01.03.000008,-3.9
11/2022,999,5.1.01.03.000009,-325.48598
11/2022,999,5.1.01.03.000010,-21.74341
11/2022,999,5.1.01.03.000012,-0.453
11/2022,999,5.1.01.03.000013,0.0
11/2022,999,5.1.01.03.000014,-84.59025
11/2022,999,5.1.01.04.000001,0.0
11/2022,999,5.1.01.04.000002,-0.80102
11/2022,999,5.1.01.04.000003,-2.24468
11/2022,999,5.1.01.04.000004,-208.39674
11/2022,999,5.1.01.05.000001,-35.92192
11/2022,999,5.1.01.05.000002,-21.57666
11/2022,999,5.1.01.05.000003,-14.861
11/2022,999,5.1.01.05.000004,-59.6936
11/2022,999,5.1.01.05.000005,-0.74097
11/2022,999,5.1.01.05.000006,-0.2876
11/2022,999,5.1.01.05.000007,-5.1801
11/2022,999,5.1.01.05.000009,-0.545
11/2022,999,5.1.01.06.000001,-160.45676
11/2022,999,5.1.01.06.000002,0.0
11/2022,999,5.1.01.06.000003,-4.486
11/2022,999,5.1.01.06.000004,-179.97022
11/2022,999,5.1.01.06.000005,-54.63272
11/2022,999,5.1.01.06.000006,-149.933
11/2022,999,5.1.01.06.000008,-20.26933
11/2022,999,5.1.01.07.000001,-1.12463
11/2022,999,5.1.01.07.000002,-0.22236
11/2022,999,5.1.01.07.000003,-49.11522
11/2022,999,5.1.01.07.000004,-3.58731
11/2022,999,5.1.01.07.000005,-2.53682
11/2022,999,5.1.01.07.000007,-0.65796
11/2022,999,5.1.01.07.000008,-0.064
11/2022,999,5.1.01.07.000010,-208.36477
11/2022,999,5.1.01.07.000014,0.0
11/2022,999,5.1.01.07.000015,-4.24566
11/2022,999,5.1.01.07.000020,0.0
11/2022,999,5.1.01.07.000021,0.0
11/2022,999,5.1.01.08.000001,-14.295
11/2022,999,5.1.01.08.000002,-6.6
11/2022,999,5.1.01.08.000003,-73.02526
11/2022,999,5.1.01.08.000004,-2.07
11/2022,999,5.1.01.08.000005,-157.10005
11/2022,999,5.1.01.09.000001,-6.0
11/2022,999,5.1.01.09.000003,-60.321
11/2022,999,5.1.01.09.000008,-3.3
11/2022,999,5.1.01.10.000002,-0.022
11/2022,999,5.1.01.10.000003,0.0
11/2022,999,5.1.01.10.000004,-1.56403
11/2022,999,5.1.01.11.000001,-10.87196
11/2022,999,5.1.01.11.000003,-35.02014
11/2022,999,5.1.01.11.000004,-11.36989
11/2022,999,5.1.01.11.000006,-73.51351
11/2022,999,5.1.01.11.000007,-344.01971
11/2022,999,5.1.01.11.000008,-2.33325
11/2022,999,5.1.01.11.000012,0.0
11/2022,999,5.1.01.11.000013,0.0
11/2022,999,5.1.01.11.000014,-36.35557
11/2022,999,5.1.01.11.000015,0.0
11/2022,999,5.1.01.11.000021,-5.7247
11/2022,999,5.1.01.11.000022,-16.16198
11/2022,999,5.1.01.11.000026,-0.45679
11/2022,999,5.1.01.11.000027,-0.17821
11/2022,999,5.1.01.11.000031,-3651.38444
11/2022,999,5.1.01.12.000003,567.40949
11/2022,999,5.1.01.12.000008,-0.66683
11/2022,999,5.1.01.12.000009,-11044.12458
11/2022,999,5.1.01.12.000019,0.0
11/2022,999,5.1.02.01.000006,-9.09118
11/2022,999,5.1.03.01.000001,-2.95691
11/2022,999,5.1.03.01.000002,-3.9919
11/2022,999,5.1.03.01.000004,-32714.84476
11/2022,999,5.1.03.01.000005,-1.93072
11/2022,999,5.1.04.01.000001,-114.71124
11/2022,999,5.1.04.01.000002,-0.165
11/2022,999,5.1.04.01.000004,-4798.97518
11/2022,999,5.1.04.01.000005,-1.1038
11/2022,999,5.1.04.01.000006,-933.82133
11/2022,999,5.1.04.01.000007,-5.37173
11/2022,999,5.1.04.01.000010,-19.52107
11/2022,999,5.1.04.01.000011,-1036.30633
11/2022,999,5.1.04.02.000001,199.70505
11/2022,999,5.1.04.02.000002,127.56542
11/2022,999,5.1.04.02.000003,0.02
11/2023,6,3.1.01.01.000002,6799.17992
11/2023,6,3.1.01.01.000003,0.0
11/2023,6,3.1.02.02.000002,0.0
11/2023,6,3.1.02.02.000003,0.0
11/2023,6,3.1.02.02.000004,0.0
11/2023,6,3.1.02.02.000009,0.0
11/2023,6,3.1.02.02.000010,-135.90762
11/2023,6,3.1.03.02.000003,1.0
11/2023,6,3.2.01.01.000001,2560.0
11/2023,6,4.1.01.01.000001,-1089.60899
11/2023,6,4.1.01.01.000002,0.0
11/2023,6,4.1.01.01.000003,-97.96058
11/2023,6,4.1.01.01.000009,-78.06999
11/2023,6,4.1.01.01.000010,0.0
11/2023,6,4.1.01.02.000001,-332.69912
11/2023,6,4.1.01.02.000002,-118.89083
11/2023,6,4.1.01.02.000003,-14.44806
11/2023,6,4.1.01.02.000004,0.0
11/2023,6,4.1.01.02.000006,0.0
11/2023,6,4.1.01.02.000007,0.0
11/2023,6,4.1.01.03.000001,-54.924
11/2023,6,4.1.01.03.000003,-43.85766
11/2023,6,4.1.01.03.000004,-3.97959
11/2023,6,4.1.01.03.000006,-8.921
11/2023,6,4.1.01.03.000009,-125.84371
11/2023,6,4.1.01.03.000010,-21.73625
11/2023,6,4.1.01.04.000004,-17.31175
11/2023,6,4.1.01.05.000001,-0.03905
11/2023,6,4.1.01.05.000002,-1.3278
11/2023,6,4.1.01.05.000003,0.0
11/2023,6,4.1.01.05.000006,-2077.58411
11/2023,6,4.1.01.06.000001,-2.29
11/2023,6,4.1.01.06.000002,0.0
11/2023,6,4.1.01.06.000004,-115.34
11/2023,6,4.1.01.07.000007,-0.93522
11/2023,6,4.1.01.07.000012,-3.17934
11/2023,6,4.1.01.07.000013,-0.6
11/2023,6,4.1.01.07.000014,0.0
11/2023,6,4.1.01.08.000001,0.0
11/2023,6,4.1.01.08.000004,-857.09279
11/2023,6,4.1.01.08.000005,-0.362
11/2023,6,4.1.01.08.000006,4.9
11/2023,6,4.1.01.11.000002,-202.59025
11/2023,6,4.1.01.11.000008,-28.61
11/2023,6,4.1.01.11.000009,-6.34092
11/2023,6,4.1.01.11.000025,-1.2834
11/2023,6,5.1.01.01.000001,-63.80168
11/2023,6,5.1.01.01.000003,0.0
11/2023,6,5.1.01.01.000004,-2.27276
11/2023,6,5.1.01.01.000023,-8.41953
11/2023,6,5.1.01.01.000024,0.0
11/2023,6,5.1.01.02.000001,-20.09351
11/2023,6,5.1.01.02.000002,-6.08614
11/2023,6,5.1.01.02.000004,0.0
11/2023,6,5.1.01.02.000005,0.0
11/2023,6,5.1.01.02.000007,-0.09662
11/2023,6,5.1.01.03.000001,0.0
11/2023,6,5.1.01.03.000004,-0.90856
11/2023,6,5.1.01.03.000006,0.0
11/2023,6,5.1.01.03.000009,-2.876
11/2023,6,5.1.01.03.000010,0.0
11/2023,6,5.1.01.04.000001,0.0
11/2023,6,5.1.01.04.000002,0.0
11/2023,6,5.1.01.04.000004,0.0
11/2023,6,5.1.01.05.000001,-0.12199
11/2023,6,5.1.01.05.000002,0.0
11/2023,6,5.1.01.05.000006,0.0
11/2023,6,5.1.01.05.000009,-0.235
11/2023,6,5.1.01.06.000004,0.0
11/2023,6,5.1.01.06.000007,0.0
11/2023,6,5.1.01.07.000007,-0.43278
11/2023,6,5.1.01.07.000012,0.0
11/2023,6,5.1.01.08.000001,0.0
11/2023,6,5.1.01.08.000004,0.0
11/2023,6,5.1.01.08.000005,0.0
11/2023,6,5.1.01.11.000001,0.0
11/2023,6,5.1.01.11.000002,0.0
11/2023,6,5.1.01.11.000005,0.0
11/2023,6,5.1.01.11.000006,-0.18671
11/2023,6,5.1.01.11.000007,-0.81994
11/2023,6,5.1.01.11.000008,-10.24176
11/2023,6,5.1.01.11.000009,0.0
11/2023,6,5.1.01.11.000012,0.0
11/2023,6,5.1.01.11.000014,-0.0001
11/2023,6,5.1.01.11.000015,0.0
11/2023,6,5.1.01.11.000016,-90.08967
11/2023,6,5.1.01.11.000017,-304.15166
11/2023,6,5.1.01.11.000021,-0.1065
11/2023,6,5.1.01.11.000022,0.0
11/2023,6,5.1.01.11.000025,-0.33535
11/2023,6,5.1.01.11.000027,-0.15161
11/2023,6,5.1.01.12.000001,0.0
11/2023,6,5.1.01.12.000009,0.0
11/2023,6,5.1.01.12.000011,0.0
11/2023,6,5.1.01.12.000020,0.0
11/2023,6,5.1.03.01.000004,-1123.57005
11/2023,6,5.1.04.01.000001,-15.819
11/2023,6,5.1.04.01.000004,-208.26865
11/2023,6,5.1.04.01.000005,-1e-05
11/2023,6,5.1.04.01.000006,-0.0559
11/2023,6,5.1.04.01.000013,0.0
11/2023,6,5.1.04.01.000014,-364.35405
11/2023,6,5.1.04.02.000001,0.07322
11/2023,6,5.1.04.02.000002,0.34224
11/2023,6,5.2.01.01.000001,-191.54527
11/2023,7,3.1.01.01.000005,14121.89809
11/2023,7,3.1.02.01.000001,-2.42954
11/2023,7,3.2.01.01.000003,49.0
11/2023,7,3.2.01.02.000003,0.0
11/2023,7,4.1.02.01.000001,-175.38013
11/2023,7,4.1.02.01.000003,-2.32268
11/2023,7,4.1.02.01.000009,-8.66528
11/2023,7,4.1.02.01.000010,-16.29687
11/2023,7,4.1.02.02.000001,-58.99892
11/2023,7,4.1.02.02.000002,-16.79492
11/2023,7,4.1.02.02.000003,-0.94739
11/2023,7,4.1.02.02.000005,-13.48175
11/2023,7,4.1.02.02.000006,0.0
11/2023,7,4.1.02.02.000008,-1.0
11/2023,7,4.1.02.03.000004,-9.61053
11/2023,7,4.1.02.03.000006,-3.821
11/2023,7,4.1.02.03.000009,-38.8039
11/2023,7,4.1.02.03.000010,-5.16257
11/2023,7,4.1.02.03.000013,-0.3024
11/2023,7,4.1.02.05.000001,-10.81382
11/2023,7,4.1.02.05.000002,-3.5573
11/2023,7,4.1.02.05.000003,-2.77163
11/2023,7,4.1.02.05.000004,-0.63
11/2023,7,4.1.02.05.000005,-0.7071
11/2023,7,4.1.02.05.000006,-11622.00238
11/2023,7,4.1.02.05.000007,-0.89066
11/2023,7,4.1.02.05.000009,-21.74231
11/2023,7,4.1.02.06.000001,-8.65
11/2023,7,4.1.02.06.000004,-279.78187
11/2023,7,4.1.02.07.000003,-46.93941
11/2023,7,4.1.02.07.000004,-1.53431
11/2023,7,4.1.02.07.000007,-0.45112
11/2023,7,4.1.02.07.000010,-22.10775
11/2023,7,4.1.02.07.000016,-134.00709
11/2023,7,4.1.02.08.000001,-10.69985
11/2023,7,4.1.02.08.000005,-35.25181
11/2023,7,5.1.01.05.000005,-0.12
11/2023,7,5.1.01.05.000009,-0.345
11/2023,7,5.1.01.07.000007,-3.20879
11/2023,7,5.1.01.11.000005,-0.9
11/2023,7,5.1.01.11.000006,-5.57946
11/2023,7,5.1.01.11.000007,-1.24526
11/2023,7,5.1.01.11.000008,-4.8191
11/2023,7,5.1.01.11.000016,-0.8085
11/2023,7,5.1.01.11.000017,-3.724
11/2023,7,5.1.01.13.000001,-11.94444
11/2023,7,5.1.04.01.000001,-23.58042
11/2023,7,5.1.04.01.000002,-141.66731
11/2023,7,5.1.04.01.000004,-185.44086
11/2023,7,5.1.04.01.000005,-18.24263
11/2023,7,5.1.04.01.000006,-7.35253
11/2023,7,5.1.04.01.000014,-106.24827
11/2023,7,5.1.04.02.000001,0.08717
11/2023,7,5.1.04.02.000002,1.09583
11/2023,7,5.1.04.02.000003,0.32081
11/2023,7,5.2.01.01.000001,-122.73242
11/2023,7,5.9.01.01.000001,0.0
11/2023,7,5.9.01.02.000001,0.0
11/2023,999,3.1.01.01.000002,989.97262
11/2023,999,3.1.01.01.000003,15.745
11/2023,999,3.1.01.01.000004,229.64704
11/2023,999,3.1.01.01.000006,27.66956
11/2023,999,3.1.01.01.000008,0.0
11/2023,999,3.1.01.01.000009,0.0
11/2023,999,3.1.01.01.000010,0.0
11/2023,999,3.1.01.01.000011,0.0
11/2023,999,3.1.01.01.000012,0.0
11/2023,999,3.1.01.01.000013,103253.19324
11/2023,999,3.1.02.01.000001,0.0
11/2023,999,3.1.02.02.000005,0.0
11/2023,999,3.1.02.02.000008,0.0
11/2023,999,3.1.02.02.000010,-50.28587
11/2023,999,3.1.02.02.000011,0.0
11/2023,999,3.1.02.02.000012,0.0
11/2023,999,3.1.02.02.000013,-5.30861
11/2023,999,3.1.02.02.000014,-2.39121
11/2023,999,3.1.03.01.000007,0.0
11/2023,999,3.1.03.01.000011,0.0
11/2023,999,3.1.03.02.000003,0.0
11/2023,999,3.2.01.01.000001,8396.9
11/2023,999,3.2.01.01.000005,23.432
11/2023,999,3.2.01.02.000001,1164.09084
11/2023,999,3.2.01.02.000002,0.0
11/2023,999,3.2.01.02.000003,119.625
11/2023,999,3.2.01.02.000004,0.0
11/2023,999,4.1.01.01.000001,-1604.25686
11/2023,999,4.1.01.01.000002,-12.29638
11/2023,999,4.1.01.01.000003,-172.95081
11/2023,999,4.1.01.01.000007,0.0
11/2023,999,4.1.01.01.000009,-146.72884
11/2023,999,4.1.01.01.000010,0.0
11/2023,999,4.1.01.02.000001,-480.2875
11/2023,999,4.1.01.02.000002,-147.78702
11/2023,999,4.1.01.02.000003,-52.41904
11/2023,999,4.1.01.02.000004,0.0
11/2023,999,4.1.01.02.000005,0.0
11/2023,999,4.1.01.02.000007,-5.2232
11/2023,999,4.1.01.03.000001,-205.71417
11/2023,999,4.1.01.03.000003,0.0
11/2023,999,4.1.01.03.000004,-65.31967
11/2023,999,4.1.01.03.000005,-57.73632
11/2023,999,4.1.01.03.000006,-16.851
11/2023,999,4.1.01.03.000008,-6.748
11/2023,999,4.1.01.03.000009,-248.83142
11/2023,999,4.1.01.03.000010,-16.69702
11/2023,999,4.1.01.03.000013,-0.05353
11/2023,999,4.1.01.04.000002,-1.22186
11/2023,999,4.1.01.04.000004,-204.97913
11/2023,999,4.1.01.05.000001,-20.67631
11/2023,999,4.1.01.05.000002,-24.58986
11/2023,999,4.1.01.05.000003,-7.05292
11/2023,999,4.1.01.05.000004,-42.37558
11/2023,999,4.1.01.05.000005,-10.19856
11/2023,999,4.1.01.05.000006,-1960.04632
11/2023,999,4.1.01.05.000007,-473.227
11/2023,999,4.1.01.05.000008,0.0
11/2023,999,4.1.01.06.000001,-157.54744
11/2023,999,4.1.01.06.000002,-106.88553
11/2023,999,4.1.01.06.000003,0.0
11/2023,999,4.1.01.06.000004,-445.25624
11/2023,999,4.1.01.07.000001,-3.52879
11/2023,999,4.1.01.07.000002,-0.52238
11/2023,999,4.1.01.07.000003,-217.03521
11/2023,999,4.1.01.07.000004,-348.3329
11/2023,999,4.1.01.07.000005,-72.10545
11/2023,999,4.1.01.07.000006,-31.45
11/2023,999,4.1.01.07.000007,-12.11381
11/2023,999,4.1.01.07.000008,-2.61391
11/2023,999,4.1.01.07.000009,0.0
11/2023,999,4.1.01.07.000010,0.0
11/2023,999,4.1.01.07.000011,-68.80376
11/2023,999,4.1.01.07.000012,-22.25852
11/2023,999,4.1.01.07.000013,-126.81734
11/2023,999,4.1.01.07.000014,-599.40365
11/2023,999,4.1.01.07.000015,0.0
11/2023,999,4.1.01.07.000016,-74.0
11/2023,999,4.1.01.07.000017,-8.5
11/2023,999,4.1.01.07.000018,0.0
11/2023,999,4.1.01.07.000019,-1.18468
11/2023,999,4.1.01.07.000020,-10.32
11/2023,999,4.1.01.08.000001,-65.65384
11/2023,999,4.1.01.08.000002,-27.47579
11/2023,999,4.1.01.08.000003,-2.60116
11/2023,999,4.1.01.08.000004,-7168.67126
11/2023,999,4.1.01.08.000005,-128.74575
11/2023,999,4.1.01.09.000004,-197.87651
11/2023,999,4.1.01.10.000001,-2.738
11/2023,999,4.1.01.10.000003,0.0
11/2023,999,4.1.01.10.000004,-0.583
11/2023,999,4.1.01.10.000005,-0.66
11/2023,999,4.1.01.11.000002,-1502.57361
11/2023,999,4.1.01.11.000003,0.0
11/2023,999,4.1.01.11.000004,0.0
11/2023,999,4.1.01.11.000007,-0.06286
11/2023,999,4.1.01.11.000009,-199.59687
11/2023,999,4.1.01.11.000010,-20.7
11/2023,999,4.1.01.11.000017,0.0
11/2023,999,4.1.01.11.000019,0.0
11/2023,999,4.1.01.11.000020,-85.69837
11/2023,999,4.1.01.11.000021,0.0
11/2023,999,4.1.01.11.000025,-14.563
11/2023,999,4.1.01.11.000026,0.0
11/2023,999,4.1.01.12.000001,-72.91907
11/2023,999,4.1.01.12.000002,-10.9021
11/2023,999,4.1.01.13.000001,-1.57223
11/2023,999,4.1.01.13.000002,0.0
11/2023,999,4.1.01.13.000003,0.0
11/2023,999,4.1.01.13.000004,0.0
11/2023,999,4.1.01.13.000005,0.0
11/2023,999,5.1.01.01.000001,-976.73438
11/2023,999,5.1.01.01.000003,0.0
11/2023,999,5.1.01.01.000004,-72.25252
11/2023,999,5.1.01.01.000008,-1.72071
11/2023,999,5.1.01.01.000012,0.0
11/2023,999,5.1.01.01.000020,0.0
11/2023,999,5.1.01.01.000021,0.0
11/2023,999,5.1.01.01.000022,0.0
11/2023,999,5.1.01.01.000023,-91.67491
11/2023,999,5.1.01.01.000024,0.0
11/2023,999,5.1.01.02.000001,-320.24501
11/2023,999,5.1.01.02.000002,-83.40338
11/2023,999,5.1.01.02.000003,-10.61307
11/2023,999,5.1.01.02.000006,0.0
11/2023,999,5.1.01.02.000007,-5.9775
11/2023,999,5.1.01.02.000020,0.0
11/2023,999,5.1.01.02.000021,0.0
11/2023,999,5.1.01.02.000022,0.0
11/2023,999,5.1.01.03.000001,-8.77945
11/2023,999,5.1.01.03.000004,-37.45255
11/2023,999,5.1.01.03.000006,0.0
11/2023,999,5.1.01.03.000008,0.0
11/2023,999,5.1.01.03.000009,-102.32567
11/2023,999,5.1.01.03.000010,-35.08815
11/2023,999,5.1.01.03.000012,0.0
11/2023,999,5.1.01.03.000013,-0.13991
11/2023,999,5.1.01.03.000014,0.0
11/2023,999,5.1.01.04.000001,-0.8
11/2023,999,5.1.01.04.000002,-4.39407
11/2023,999,5.1.01.04.000003,0.0
11/2023,999,5.1.01.04.000004,-164.67079
11/2023,999,5.1.01.05.000001,-26.0067
11/2023,999,5.1.01.05.000002,-1.76126
11/2023,999,5.1.01.05.000003,0.0
11/2023,999,5.1.01.05.000004,-5.25622
11/2023,999,5.1.01.05.000005,-1.29058
11/2023,999,5.1.01.05.000006,-7.69187
11/2023,999,5.1.01.05.000007,-4.47219
11/2023,999,5.1.01.05.000009,-1.68975
11/2023,999,5.1.01.06.000001,-28.67669
11/2023,999,5.1.01.06.000002,0.0
11/2023,999,5.1.01.06.000003,0.0
11/2023,999,5.1.01.06.000004,0.0
11/2023,999,5.1.01.06.000005,-4.557
11/2023,999,5.1.01.06.000006,-158.8829
11/2023,999,5.1.01.06.000008,0.0
11/2023,999,5.1.01.07.000001,0.0
11/2023,999,5.1.01.07.000002,-0.09493
11/2023,999,5.1.01.07.000003,0.0
11/2023,999,5.1.01.07.000004,-1.77159
11/2023,999,5.1.01.07.000005,0.0
11/2023,999,5.1.01.07.000007,-2.41558
11/2023,999,5.1.01.07.000008,0.0
11/2023,999,5.1.01.07.000010,-1340.89229
11/2023,999,5.1.01.07.000014,0.0
11/2023,999,5.1.01.07.000015,-3.6
11/2023,999,5.1.01.07.000020,0.0
11/2023,999,5.1.01.07.000021,0.0
11/2023,999,5.1.01.08.000001,-0.134
11/2023,999,5.1.01.08.000002,0.0
11/2023,999,5.1.01.08.000003,0.0
11/2023,999,5.1.01.08.000004,0.0
11/2023,999,5.1.01.08.000005,0.0
11/2023,999,5.1.01.09.000001,0.0
11/2023,999,5.1.01.09.000003,-35.0
11/2023,999,5.1.01.09.000008,0.0
11/2023,999,5.1.01.10.000002,0.0
11/2023,999,5.1.01.10.000003,0.0
11/2023,999,5.1.01.10.000004,0.0
11/2023,999,5.1.01.11.000001,0.0
11/2023,999,5.1.01.11.000003,-12.6935
11/2023,999,5.1.01.11.000004,0.0
11/2023,999,5.1.01.11.000006,-41.16319
11/2023,999,5.1.01.11.000007,-139.07118
11/2023,999,5.1.01.11.000008,-21.71684
11/2023,999,5.1.01.11.000012,0.0
11/2023,999,5.1.01.11.000013,0.0
11/2023,999,5.1.01.11.000014,0.0
11/2023,999,5.1.01.11.000015,0.0
11/2023,999,5.1.01.11.000021,-68.67864
11/2023,999,5.1.01.11.000022,0.0
11/2023,999,5.1.01.11.000025,-0.175
11/2023,999,5.1.01.11.000026,0.0
11/2023,999,5.1.01.11.000027,0.0
11/2023,999,5.1.01.11.000031,0.0
11/2023,999,5.1.01.12.000003,0.0
11/2023,999,5.1.01.12.000008,0.0
11/2023,999,5.1.01.12.000009,0.0
11/2023,999,5.1.01.12.000019,0.0
11/2023,999,5.1.01.13.000001,-29.18692
11/2023,999,5.1.01.14.000001,0.0
11/2023,999,5.1.01.14.000002,0.0
11/2023,999,5.1.02.01.000006,0.0
11/2023,999,5.1.02.01.000009,0.0
11/2023,999,5.1.02.01.000010,0.0
11/2023,999,5.1.02.01.000011,0.0
11/2023,999,5.1.03.01.000001,0.0
11/2023,999,5.1.03.01.000002,0.0
11/2023,999,5.1.03.01.000003,0.0
11/2023,999,5.1.03.01.000004,-44494.97852
11/2023,999,5.1.03.01.000005,0.0
11/2023,999,5.1.03.01.000007,0.0
11/2023,999,5.1.03.02.000001,-27.29771
11/2023,999,5.1.04.01.000001,-93.98811
11/2023,999,5.1.04.01.000002,0.0
11/2023,999,5.1.04.01.000004,-5855.48948
11/2023,999,5.1.04.01.000005,-0.0005
11/2023,999,5.1.04.01.000006,-98.76718
11/2023,999,5.1.04.01.000007,0.0
11/2023,999,5.1.04.01.000010,0.0
11/2023,999,5.1.04.01.000011,-656.171
11/2023,999,5.1.04.01.000014,-12446.26997
11/2023,999,5.1.04.01.000015,-72.43663
11/2023,999,5.1.04.01.000016,-50.38
11/2023,999,5.1.04.01.000017,0.0
11/2023,999,5.1.04.02.000001,317.72646
11/2023,999,5.1.04.02.000002,60.14879
11/2023,999,5.1.04.02.000003,2.91316
11/2023,999,5.2.01.01.000001,-1134.39061
11/2023,999,5.9.01.01.000001,0.0
11/2023,999,5.9.01.01.000002,0.0
11/2023,999,5.9.01.02.000001,0.0
11/2023,999,5.9.01.02.000002,0.0
11/2024,6,3.1.01.01.000002,6345.54511
11/2024,6,3.1.01.01.000003,0.0
11/2024,6,3.1.02.02.000002,0.0
11/2024,6,3.1.02.02.000003,0.0
11/2024,6,3.1.02.02.000004,0.0
11/2024,6,3.1.02.02.000009,0.0
11/2024,6,3.1.02.02.000010,-126.91091
11/2024,6,3.1.03.02.000003,0.0
11/2024,6,3.2.01.01.000001,0.0
11/2024,6,4.1.01.01.000001,-1041.68787
11/2024,6,4.1.01.01.000002,-21.0205
11/2024,6,4.1.01.01.000003,-35.97638
11/2024,6,4.1.01.01.000008,-0.0322
11/2024,6,4.1.01.01.000009,-96.60945
11/2024,6,4.1.01.01.000010,-41.75901
11/2024,6,4.1.01.02.000001,-309.66968
11/2024,6,4.1.01.02.000002,-100.60567
11/2024,6,4.1.01.02.000003,0.0
11/2024,6,4.1.01.02.000004,0.0
11/2024,6,4.1.01.02.000006,0.0
11/2024,6,4.1.01.02.000007,0.0
11/2024,6,4.1.01.03.000001,-64.02823
11/2024,6,4.1.01.03.000003,-86.62731
11/2024,6,4.1.01.03.000004,-1.72181
11/2024,6,4.1.01.03.000006,-11.902
11/2024,6,4.1.01.03.000009,-59.42507
11/2024,6,4.1.01.03.000010,-6.972
11/2024,6,4.1.01.04.000004,-13.64666
11/2024,6,4.1.01.05.000001,-1.20195
11/2024,6,4.1.01.05.000002,0.0
11/2024,6,4.1.01.05.000003,-3.60884
11/2024,6,4.1.01.05.000006,-2101.00544
11/2024,6,4.1.01.06.000001,-4.752
11/2024,6,4.1.01.06.000002,0.0
11/2024,6,4.1.01.06.000004,0.0
11/2024,6,4.1.01.07.000007,-1.00619
11/2024,6,4.1.01.07.000012,-1.37186
11/2024,6,4.1.01.07.000013,0.0
11/2024,6,4.1.01.07.000014,0.0
11/2024,6,4.1.01.07.000018,-1.3
11/2024,6,4.1.01.08.000001,0.0
11/2024,6,4.1.01.08.000004,-410.38879
11/2024,6,4.1.01.08.000005,0.0
11/2024,6,4.1.01.08.000006,0.0
11/2024,6,4.1.01.11.000002,-8.99547
11/2024,6,4.1.01.11.000007,-0.66592
11/2024,6,4.1.01.11.000008,0.0
11/2024,6,4.1.01.11.000009,-2.97258
11/2024,6,4.1.01.11.000025,0.0
11/2024,6,5.1.01.01.000001,-59.43333
11/2024,6,5.1.01.01.000003,0.0
11/2024,6,5.1.01.01.000004,-27.35032
11/2024,6,5.1.01.01.000023,-6.36887
11/2024,6,5.1.01.01.000024,-2.70285
11/2024,6,5.1.01.02.000001,-21.04127
11/2024,6,5.1.01.02.000002,-6.65133
11/2024,6,5.1.01.02.000003,-11.40131
11/2024,6,5.1.01.02.000004,0.0
11/2024,6,5.1.01.02.000005,0.0
11/2024,6,5.1.01.02.000007,0.0
11/2024,6,5.1.01.03.000001,-4.5863
11/2024,6,5.1.01.03.000004,-3.77175
11/2024,6,5.1.01.03.000006,0.0
11/2024,6,5.1.01.03.000009,-7.19393
11/2024,6,5.1.01.03.000010,-6.44971
11/2024,6,5.1.01.04.000001,0.0
11/2024,6,5.1.01.04.000002,0.0
11/2024,6,5.1.01.04.000004,-2.38832
11/2024,6,5.1.01.05.000001,-1.2296
11/2024,6,5.1.01.05.000002,0.0
11/2024,6,5.1.01.05.000006,-1.01217
11/2024,6,5.1.01.05.000009,-0.2115
11/2024,6,5.1.01.06.000001,-11.03472
11/2024,6,5.1.01.06.000004,0.0
11/2024,6,5.1.01.06.000007,0.0
11/2024,6,5.1.01.07.000007,0.0
11/2024,6,5.1.01.07.000012,0.0
11/2024,6,5.1.01.08.000001,0.0
11/2024,6,5.1.01.08.000004,0.0
11/2024,6,5.1.01.08.000005,0.0
11/2024,6,5.1.01.11.000001,0.0
11/2024,6,5.1.01.11.000002,0.0
11/2024,6,5.1.01.11.000005,0.0
11/2024,6,5.1.01.11.000006,-7.5654
11/2024,6,5.1.01.11.000007,-0.28913
11/2024,6,5.1.01.11.000008,-17.11443
11/2024,6,5.1.01.11.000009,0.0
11/2024,6,5.1.01.11.000012,0.0
11/2024,6,5.1.01.11.000014,0.0
11/2024,6,5.1.01.11.000015,0.0
11/2024,6,5.1.01.11.000016,-15.53012
11/2024,6,5.1.01.11.000017,-71.53263
11/2024,6,5.1.01.11.000021,0.0
11/2024,6,5.1.01.11.000022,0.0
11/2024,6,5.1.01.11.000025,0.0
11/2024,6,5.1.01.11.000026,-0.31107
11/2024,6,5.1.01.11.000027,-0.17478
11/2024,6,5.1.01.12.000001,0.0
11/2024,6,5.1.01.12.000009,0.0
11/2024,6,5.1.01.12.000011,0.0
11/2024,6,5.1.01.12.000020,0.0
11/2024,6,5.1.01.13.000001,-9.53941
11/2024,6,5.1.03.01.000001,-0.57567
11/2024,6,5.1.03.01.000002,-0.10046
11/2024,6,5.1.03.01.000004,-380.13968
11/2024,6,5.1.03.01.000007,-0.08376
11/2024,6,5.1.04.01.000001,-34.65543
11/2024,6,5.1.04.01.000004,-151.66378
11/2024,6,5.1.04.01.000005,0.0
11/2024,6,5.1.04.01.000006,-0.01592
11/2024,6,5.1.04.01.000013,0.0
11/2024,6,5.1.04.01.000014,-343.70762
11/2024,6,5.1.04.02.000001,0.02574
11/2024,6,5.1.04.02.000002,0.39528
11/2024,6,5.2.01.01.000001,194.91347
11/2024,7,3.1.01.01.000005,14805.90845
11/2024,7,3.1.02.01.000001,0.0
11/2024,7,3.2.01.01.000003,81.0
11/2024,7,3.2.01.02.000002,16.25747
11/2024,7,3.2.01.02.000003,0.0
11/2024,7,4.1.02.01.000001,-189.38157
11/2024,7,4.1.02.01.000003,-0.8249
11/2024,7,4.1.02.01.000008,1.97084
11/2024,7,4.1.02.01.000009,-26.78086
11/2024,7,4.1.02.01.000010,-61.52996
11/2024,7,4.1.02.02.000001,-60.40201
11/2024,7,4.1.02.02.000002,-18.03501
11/2024,7,4.1.02.02.000003,0.0
11/2024,7,4.1.02.02.000005,0.0
11/2024,7,4.1.02.02.000006,0.0
11/2024,7,4.1.02.02.000007,-2.2
11/2024,7,4.1.02.02.000008,0.0
11/2024,7,4.1.02.03.000001,-0.19535
11/2024,7,4.1.02.03.000004,-21.259
11/2024,7,4.1.02.03.000005,-58.86603
11/2024,7,4.1.02.03.000006,-4.588
11/2024,7,4.1.02.03.000009,-43.0561
11/2024,7,4.1.02.03.000010,-11.61206
11/2024,7,4.1.02.03.000013,0.0
11/2024,7,4.1.02.04.000003,0.0
11/2024,7,4.1.02.04.000004,-3.32996
11/2024,7,4.1.02.05.000001,-6.45226
11/2024,7,4.1.02.05.000002,-4.84435
11/2024,7,4.1.02.05.000003,-0.051
11/2024,7,4.1.02.05.000004,-0.999
11/2024,7,4.1.02.05.000005,-1.9784
11/2024,7,4.1.02.05.000006,-11981.93217
11/2024,7,4.1.02.05.000007,0.0
11/2024,7,4.1.02.05.000009,-11.29506
11/2024,7,4.1.02.05.000010,-4.4786
11/2024,7,4.1.02.06.000001,-13.9235
11/2024,7,4.1.02.06.000004,0.0
11/2024,7,4.1.02.07.000003,-58.08885
11/2024,7,4.1.02.07.000004,-1.40104
11/2024,7,4.1.02.07.000006,-1.44
11/2024,7,4.1.02.07.000007,-0.50207
11/2024,7,4.1.02.07.000010,-11.9085
11/2024,7,4.1.02.07.000016,-130.31869
11/2024,7,4.1.02.08.000001,-23.8801
11/2024,7,4.1.02.08.000002,-1.202
11/2024,7,4.1.02.08.000005,-16.64557
11/2024,7,5.1.01.04.000002,-0.345
11/2024,7,5.1.01.04.000003,0.0
11/2024,7,5.1.01.05.000005,0.0
11/2024,7,5.1.01.05.000009,-0.37063
11/2024,7,5.1.01.07.000007,0.0
11/2024,7,5.1.01.07.000010,-1.2002
11/2024,7,5.1.01.07.000015,-2.2
11/2024,7,5.1.01.07.000021,-0.24899
11/2024,7,5.1.01.09.000003,-2.0
11/2024,7,5.1.01.09.000008,-15.52901
11/2024,7,5.1.01.11.000001,-5.96266
11/2024,7,5.1.01.11.000005,0.0
11/2024,7,5.1.01.11.000006,-3.64138
11/2024,7,5.1.01.11.000007,-1.07265
11/2024,7,5.1.01.11.000008,-0.29362
11/2024,7,5.1.01.11.000016,-1.3365
11/2024,7,5.1.01.11.000017,-6.156
11/2024,7,5.1.01.11.000027,-0.1573
11/2024,7,5.1.01.13.000001,-5.0
11/2024,7,5.1.02.01.000009,0.0
11/2024,7,5.1.02.01.000010,0.0
11/2024,7,5.1.02.01.000011,0.0
11/2024,7,5.1.04.01.000001,-36.8807
11/2024,7,5.1.04.01.000002,-0.02585
11/2024,7,5.1.04.01.000003,-224.08914
11/2024,7,5.1.04.01.000004,-82.71188
11/2024,7,5.1.04.01.000005,-4.83935
11/2024,7,5.1.04.01.000006,-3.18183
11/2024,7,5.1.04.01.000014,-28.52429
11/2024,7,5.1.04.02.000001,0.13465
11/2024,7,5.1.04.02.000002,30.87033
11/2024,7,5.1.04.02.000003,0.24766
11/2024,7,5.2.01.01.000001,62.51829
11/2024,7,5.9.01.01.000001,0.0
11/2024,7,5.9.01.02.000001,0.0
11/2024,999,3.1.01.01.000002,0.0
11/2024,999,3.1.01.01.000003,105.78233
11/2024,999,3.1.01.01.000004,43.84026
11/2024,999,3.1.01.01.000006,7.07935
11/2024,999,3.1.01.01.000008,0.0
11/2024,999,3.1.01.01.000009,0.0
11/2024,999,3.1.01.01.000010,0.0
11/2024,999,3.1.01.01.000011,0.0
11/2024,999,3.1.01.01.000012,0.0
11/2024,999,3.1.01.01.000013,93541.31148
11/2024,999,3.1.02.01.000001,-82.5
11/2024,999,3.1.02.02.000004,0.0
11/2024,999,3.1.02.02.000005,0.0
11/2024,999,3.1.02.02.000008,0.0
11/2024,999,3.1.02.02.000010,-2.26757
11/2024,999,3.1.02.02.000011,0.0
11/2024,999,3.1.02.02.000012,0.0
11/2024,999,3.1.02.02.000013,-4.27419
11/2024,999,3.1.02.02.000014,-2.13711
11/2024,999,3.1.03.01.000007,0.0
11/2024,999,3.1.03.01.000011,0.0
11/2024,999,3.1.03.02.000003,0.0
11/2024,999,3.2.01.01.000001,9015.5
11/2024,999,3.2.01.01.000005,16.663
11/2024,999,3.2.01.02.000001,0.0
11/2024,999,3.2.01.02.000002,189.39292
11/2024,999,3.2.01.02.000003,340.17081
11/2024,999,3.2.01.02.000004,145.71957
11/2024,999,3.2.01.02.000006,52.0
11/2024,999,3.2.01.03.000001,0.0
11/2024,999,4.1.01.01.000001,-1427.36376
11/2024,999,4.1.01.01.000002,-1.0
11/2024,999,4.1.01.01.000003,-146.97412
11/2024,999,4.1.01.01.000006,0.0
11/2024,999,4.1.01.01.000007,0.0
11/2024,999,4.1.01.01.000009,-154.06097
11/2024,999,4.1.01.01.000010,0.0
11/2024,999,4.1.01.02.000001,-422.99097
11/2024,999,4.1.01.02.000002,-135.82614
11/2024,999,4.1.01.02.000003,-40.79244
11/2024,999,4.1.01.02.000004,0.0
11/2024,999,4.1.01.02.000005,0.0
11/2024,999,4.1.01.02.000007,-8.37628
11/2024,999,4.1.01.03.000001,-152.09309
11/2024,999,4.1.01.03.000003,0.0
11/2024,999,4.1.01.03.000004,-104.20044
11/2024,999,4.1.01.03.000005,-531.62524
11/2024,999,4.1.01.03.000006,-13.41799
11/2024,999,4.1.01.03.000008,-0.56848
11/2024,999,4.1.01.03.000009,-261.88853
11/2024,999,4.1.01.03.000010,-1.50141
11/2024,999,4.1.01.03.000013,0.0
11/2024,999,4.1.01.04.000002,-1.38445
11/2024,999,4.1.01.04.000004,-266.1085
11/2024,999,4.1.01.05.000001,-17.43532
11/2024,999,4.1.01.05.000002,-25.98814
11/2024,999,4.1.01.05.000003,-1.30691
11/2024,999,4.1.01.05.000004,-24.7655
11/2024,999,4.1.01.05.000005,-11.76219
11/2024,999,4.1.01.05.000006,-846.85256
11/2024,999,4.1.01.05.000007,-85.36064
11/2024,999,4.1.01.05.000008,-0.0899
11/2024,999,4.1.01.05.000009,0.0
11/2024,999,4.1.01.06.000001,-184.58562
11/2024,999,4.1.01.06.000002,-123.89313
11/2024,999,4.1.01.06.000003,0.0
11/2024,999,4.1.01.06.000004,-440.13392
11/2024,999,4.1.01.07.000001,-2.99421
11/2024,999,4.1.01.07.000002,-1.43559
11/2024,999,4.1.01.07.000003,-216.66868
11/2024,999,4.1.01.07.000004,-106.68941
11/2024,999,4.1.01.07.000005,-263.99895
11/2024,999,4.1.01.07.000006,-27.0
11/2024,999,4.1.01.07.000007,-76.02699
11/2024,999,4.1.01.07.000008,-2.74878
11/2024,999,4.1.01.07.000009,0.0
11/2024,999,4.1.01.07.000010,-67.69661
11/2024,999,4.1.01.07.000011,0.0
11/2024,999,4.1.01.07.000012,-63.37729
11/2024,999,4.1.01.07.000013,-115.32167
11/2024,999,4.1.01.07.000014,-571.09104
11/2024,999,4.1.01.07.000015,0.0
11/2024,999,4.1.01.07.000016,-143.0
11/2024,999,4.1.01.07.000017,0.0
11/2024,999,4.1.01.07.000018,-0.75
11/2024,999,4.1.01.07.000019,-5.397
11/2024,999,4.1.01.07.000020,0.0
11/2024,999,4.1.01.08.000001,-39.15619
11/2024,999,4.1.01.08.000002,0.0
11/2024,999,4.1.01.08.000003,-0.52899
11/2024,999,4.1.01.08.000004,-6274.77184
11/2024,999,4.1.01.08.000005,-51.47067
11/2024,999,4.1.01.08.000007,0.0
11/2024,999,4.1.01.09.000004,-229.45788
11/2024,999,4.1.01.09.000006,-0.76989
11/2024,999,4.1.01.10.000001,0.0
11/2024,999,4.1.01.10.000003,0.0
11/2024,999,4.1.01.10.000004,0.0
11/2024,999,4.1.01.10.000005,0.0
11/2024,999,4.1.01.11.000002,-1566.64902
11/2024,999,4.1.01.11.000003,0.0
11/2024,999,4.1.01.11.000004,0.0
11/2024,999,4.1.01.11.000007,0.0
11/2024,999,4.1.01.11.000009,-398.01502
11/2024,999,4.1.01.11.000010,0.0
11/2024,999,4.1.01.11.000017,0.0
11/2024,999,4.1.01.11.000019,-8.14085
11/2024,999,4.1.01.11.000020,-7.31408
11/2024,999,4.1.01.11.000021,0.0
11/2024,999,4.1.01.11.000025,-4.97653
11/2024,999,4.1.01.11.000026,0.0
11/2024,999,4.1.01.12.000001,-182.28409
11/2024,999,4.1.01.12.000002,-45.04793
11/2024,999,4.1.01.13.000001,0.0
11/2024,999,4.1.01.13.000002,0.0
11/2024,999,4.1.01.13.000003,0.0
11/2024,999,4.1.01.13.000004,0.0
11/2024,999,4.1.01.13.000005,0.0
11/2024,999,5.1.01.01.000001,-1115.03462
11/2024,999,5.1.01.01.000003,0.0
11/2024,999,5.1.01.01.000004,-84.55197
11/2024,999,5.1.01.01.000008,0.0
11/2024,999,5.1.01.01.000012,-15.53456
11/2024,999,5.1.01.01.000020,0.0
11/2024,999,5.1.01.01.000021,0.0
11/2024,999,5.1.01.01.000022,0.0
11/2024,999,5.1.01.01.000023,-94.35037
11/2024,999,5.1.01.01.000024,0.0
11/2024,999,5.1.01.02.000001,-333.37826
11/2024,999,5.1.01.02.000002,-105.56331
11/2024,999,5.1.01.02.000003,-24.72296
11/2024,999,5.1.01.02.000006,0.0
11/2024,999,5.1.01.02.000007,0.0
11/2024,999,5.1.01.02.000020,0.0
11/2024,999,5.1.01.02.000021,0.0
11/2024,999,5.1.01.02.000022,0.0
11/2024,999,5.1.01.03.000001,-101.92846
11/2024,999,5.1.01.03.000004,-47.97017
11/2024,999,5.1.01.03.000006,-3.995
11/2024,999,5.1.01.03.000008,-5.16983
11/2024,999,5.1.01.03.000009,-154.36621
11/2024,999,5.1.01.03.000010,-94.08933
11/2024,999,5.1.01.03.000012,0.0
11/2024,999,5.1.01.03.000013,0.0
11/2024,999,5.1.01.03.000014,0.0
11/2024,999,5.1.01.04.000001,0.0
11/2024,999,5.1.01.04.000002,-0.12314
11/2024,999,5.1.01.04.000003,0.0
11/2024,999,5.1.01.04.000004,-241.02909
11/2024,999,5.1.01.05.000001,-51.52761
11/2024,999,5.1.01.05.000002,-1.41035
11/2024,999,5.1.01.05.000003,-1.72026
11/2024,999,5.1.01.05.000004,-9.70517
11/2024,999,5.1.01.05.000005,-4.84038
11/2024,999,5.1.01.05.000006,-69.87469
11/2024,999,5.1.01.05.000007,-3602.91542
11/2024,999,5.1.01.05.000009,-2.02933
11/2024,999,5.1.01.06.000001,-300.7869
11/2024,999,5.1.01.06.000002,0.0
11/2024,999,5.1.01.06.000003,0.0
11/2024,999,5.1.01.06.000004,-163.19499
11/2024,999,5.1.01.06.000005,0.0
11/2024,999,5.1.01.06.000006,-182.8061
11/2024,999,5.1.01.06.000008,0.0
11/2024,999,5.1.01.07.000001,0.0
11/2024,999,5.1.01.07.000002,0.0
11/2024,999,5.1.01.07.000003,0.0
11/2024,999,5.1.01.07.000004,0.0
11/2024,999,5.1.01.07.000005,-6.75836
11/2024,999,5.1.01.07.000007,0.0
11/2024,999,5.1.01.07.000008,0.0
11/2024,999,5.1.01.07.000010,-216.33702
11/2024,999,5.1.01.07.000014,0.0
11/2024,999,5.1.01.07.000015,-3.96
11/2024,999,5.1.01.07.000020,0.0
11/2024,999,5.1.01.07.000021,-2.1124
11/2024,999,5.1.01.08.000001,-6.87679
11/2024,999,5.1.01.08.000002,-1.59
11/2024,999,5.1.01.08.000003,0.0
11/2024,999,5.1.01.08.000004,-12.0855
11/2024,999,5.1.01.08.000005,-13591.47738
11/2024,999,5.1.01.09.000001,0.0
11/2024,999,5.1.01.09.000003,-41.4028
11/2024,999,5.1.01.09.000005,0.0
11/2024,999,5.1.01.09.000008,-1.36455
11/2024,999,5.1.01.10.000002,0.0
11/2024,999,5.1.01.10.000003,0.0
11/2024,999,5.1.01.10.000004,0.0
11/2024,999,5.1.01.11.000001,-6.17541
11/2024,999,5.1.01.11.000003,0.0
11/2024,999,5.1.01.11.000004,0.0
11/2024,999,5.1.01.11.000006,-68.02426
11/2024,999,5.1.01.11.000007,-28.18697
11/2024,999,5.1.01.11.000008,-12.10185
11/2024,999,5.1.01.11.000010,-38.96846
11/2024,999,5.1.01.11.000012,0.0
11/2024,999,5.1.01.11.000013,0.0
11/2024,999,5.1.01.11.000014,0.0
11/2024,999,5.1.01.11.000015,0.0
11/2024,999,5.1.01.11.000021,0.0
11/2024,999,5.1.01.11.000022,0.0
11/2024,999,5.1.01.11.000025,0.0
11/2024,999,5.1.01.11.000026,0.0
11/2024,999,5.1.01.11.000027,-0.62445
11/2024,999,5.1.01.11.000031,0.0
11/2024,999,5.1.01.12.000003,0.0
11/2024,999,5.1.01.12.000008,0.0
11/2024,999,5.1.01.12.000009,0.0
11/2024,999,5.1.01.12.000019,0.0
11/2024,999,5.1.01.13.000001,-18.04195
11/2024,999,5.1.01.14.000001,0.0
11/2024,999,5.1.01.14.000002,0.0
11/2024,999,5.1.01.14.000003,-905.50032
11/2024,999,5.1.02.01.000006,0.0
11/2024,999,5.1.02.01.000009,0.0
11/2024,999,5.1.02.01.000010,-427.18015
11/2024,999,5.1.02.01.000011,0.0
11/2024,999,5.1.02.01.000012,18.0
11/2024,999,5.1.03.01.000001,-83.0216
11/2024,999,5.1.03.01.000002,-10.08771
11/2024,999,5.1.03.01.000003,-345.30467
11/2024,999,5.1.03.01.000004,-29285.50109
11/2024,999,5.1.03.01.000005,-36.31533
11/2024,999,5.1.03.01.000007,-2.56156
11/2024,999,5.1.03.02.000001,-42.87098
11/2024,999,5.1.04.01.000001,-113.70196
11/2024,999,5.1.04.01.000002,0.0
11/2024,999,5.1.04.01.000004,-2567.0671
11/2024,999,5.1.04.01.000005,-24.1662
11/2024,999,5.1.04.01.000006,-447.42754
11/2024,999,5.1.04.01.000007,0.0
11/2024,999,5.1.04.01.000009,0.0
11/2024,999,5.1.04.01.000010,0.0
11/2024,999,5.1.04.01.000011,0.0
11/2024,999,5.1.04.01.000014,-10276.71399
11/2024,999,5.1.04.01.000015,-7.90195
11/2024,999,5.1.04.01.000016,-1.2685
11/2024,999,5.1.04.01.000017,-850.20312
11/2024,999,5.1.04.02.000001,296.84706
11/2024,999,5.1.04.02.000002,20.47141
11/2024,999,5.1.04.02.000003,0.16344
11/2024,999,5.2.01.01.000001,579.35475
11/2024,999,5.9.01.01.000001,0.0
11/2024,999,5.9.01.01.000002,0.0
11/2024,999,5.9.01.02.000001,0.0
11/2024,999,5.9.01.02.000002,0.0
11/2025,6,3.1.01.01.000002,4656.45391
11/2025,6,3.1.01.01.000003,0.0
11/2025,6,3.1.01.01.000013,678.32891
11/2025,6,3.1.02.02.000002,0.0
11/2025,6,3.1.02.02.000003,0.0
11/2025,6,3.1.02.02.000004,0.0
11/2025,6,3.1.02.02.000009,0.0
11/2025,6,3.1.02.02.000010,-90.54639
11/2025,6,3.1.03.02.000003,0.0
11/2025,6,3.1.03.03.000001,0.0
11/2025,6,3.2.01.01.000001,0.0
11/2025,6,3.2.01.02.000002,1.9094
11/2025,6,4.1.01.01.000001,-782.5002
11/2025,6,4.1.01.01.000002,-39.5
11/2025,6,4.1.01.01.000003,-289.3856
11/2025,6,4.1.01.01.000006,-6.00551
11/2025,6,4.1.01.01.000008,0.0
11/2025,6,4.1.01.01.000009,-56.80063
11/2025,6,4.1.01.01.000010,-17.35406
11/2025,6,4.1.01.02.000001,-217.82646
11/2025,6,4.1.01.02.000002,-93.11224
11/2025,6,4.1.01.02.000003,-68.54563
11/2025,6,4.1.01.02.000004,0.0
11/2025,6,4.1.01.02.000006,0.0
11/2025,6,4.1.01.02.000007,0.0
11/2025,6,4.1.01.03.000001,-52.62765
11/2025,6,4.1.01.03.000003,-3.521
11/2025,6,4.1.01.03.000004,-5.56174
11/2025,6,4.1.01.03.000006,-22.607
11/2025,6,4.1.01.03.000009,-100.39218
11/2025,6,4.1.01.03.000010,-5.22
11/2025,6,4.1.01.04.000004,-18.39944
11/2025,6,4.1.01.05.000001,0.0
11/2025,6,4.1.01.05.000002,0.0
11/2025,6,4.1.01.05.000003,0.0
11/2025,6,4.1.01.05.000006,-1451.3276
11/2025,6,4.1.01.06.000001,-6.752
11/2025,6,4.1.01.06.000002,-0.678
11/2025,6,4.1.01.06.000004,-19.93218
11/2025,6,4.1.01.07.000007,-7.26652
11/2025,6,4.1.01.07.000012,-4.3418
11/2025,6,4.1.01.07.000013,0.0
11/2025,6,4.1.01.07.000014,0.0
11/2025,6,4.1.01.07.000018,0.0
11/2025,6,4.1.01.08.000001,0.0
11/2025,6,4.1.01.08.000004,-462.11009
11/2025,6,4.1.01.08.000005,0.0
11/2025,6,4.1.01.08.000006,0.0
11/2025,6,4.1.01.11.000002,-306.56889
11/2025,6,4.1.01.11.000007,0.0
11/2025,6,4.1.01.11.000008,0.0
11/2025,6,4.1.01.11.000009,-6.22947
11/2025,6,4.1.01.11.000025,0.0
11/2025,6,5.1.01.01.000001,-3.85289
11/2025,6,5.1.01.01.000003,0.0
11/2025,6,5.1.01.01.000004,0.0
11/2025,6,5.1.01.01.000023,0.0
11/2025,6,5.1.01.01.000024,0.0
11/2025,6,5.1.01.02.000001,0.0
11/2025,6,5.1.01.02.000002,0.0
11/2025,6,5.1.01.02.000003,0.0
11/2025,6,5.1.01.02.000004,0.0
11/2025,6,5.1.01.02.000005,0.0
11/2025,6,5.1.01.02.000007,0.0
11/2025,6,5.1.01.03.000001,0.0
11/2025,6,5.1.01.03.000004,0.0
11/2025,6,5.1.01.03.000006,0.0
11/2025,6,5.1.01.03.000009,0.0
11/2025,6,5.1.01.03.000010,0.0
11/2025,6,5.1.01.04.000001,0.0
11/2025,6,5.1.01.04.000002,0.0
11/2025,6,5.1.01.04.000004,0.0
11/2025,6,5.1.01.05.000001,-0.06
11/2025,6,5.1.01.05.000002,0.0
11/2025,6,5.1.01.05.000006,0.0
11/2025,6,5.1.01.05.000009,-0.235
11/2025,6,5.1.01.06.000001,0.0
11/2025,6,5.1.01.06.000004,0.0
11/2025,6,5.1.01.06.000007,0.0
11/2025,6,5.1.01.07.000007,0.0
11/2025,6,5.1.01.07.000012,0.0
11/2025,6,5.1.01.08.000001,0.0
11/2025,6,5.1.01.08.000004,0.0
11/2025,6,5.1.01.08.000005,0.0
11/2025,6,5.1.01.11.000001,0.0
11/2025,6,5.1.01.11.000002,0.0
11/2025,6,5.1.01.11.000005,0.0
11/2025,6,5.1.01.11.000006,0.0
11/2025,6,5.1.01.11.000007,-2.5314
11/2025,6,5.1.01.11.000008,-46.72614
11/2025,6,5.1.01.11.000009,0.0
11/2025,6,5.1.01.11.000012,0.0
11/2025,6,5.1.01.11.000014,0.0
11/2025,6,5.1.01.11.000015,0.0
11/2025,6,5.1.01.11.000016,-24.03397
11/2025,6,5.1.01.11.000017,-110.70192
11/2025,6,5.1.01.11.000021,0.0
11/2025,6,5.1.01.11.000022,0.0
11/2025,6,5.1.01.11.000025,0.0
11/2025,6,5.1.01.11.000026,-8.89731
11/2025,6,5.1.01.11.000027,-0.16354
11/2025,6,5.1.01.12.000001,0.0
11/2025,6,5.1.01.12.000009,0.0
11/2025,6,5.1.01.12.000011,0.0
11/2025,6,5.1.01.12.000020,0.0
11/2025,6,5.1.01.13.000001,0.0
11/2025,6,5.1.03.01.000001,-0.57574
11/2025,6,5.1.03.01.000002,-0.10043
11/2025,6,5.1.03.01.000004,-33.0
11/2025,6,5.1.03.01.000007,-0.15851
11/2025,6,5.1.04.01.000001,-11.38879
11/2025,6,5.1.04.01.000004,-339.25325
11/2025,6,5.1.04.01.000005,0.0
11/2025,6,5.1.04.01.000006,-0.06411
11/2025,6,5.1.04.01.000011,-160.0
11/2025,6,5.1.04.01.000013,0.0
11/2025,6,5.1.04.01.000014,-183.25301
11/2025,6,5.1.04.02.000001,0.09716
11/2025,6,5.1.04.02.000002,0.27767
11/2025,6,5.1.04.02.000003,55.70942
11/2025,6,5.2.01.01.000001,2.95483
11/2025,7,3.1.01.01.000005,20434.66817
11/2025,7,3.1.02.01.000001,0.0
11/2025,7,3.2.01.01.000003,80.0
11/2025,7,3.2.01.02.000002,18.45503
11/2025,7,3.2.01.02.000003,0.0
11/2025,7,4.1.01.08.000005,-6.6
11/2025,7,4.1.02.01.000001,-209.16773
11/2025,7,4.1.02.01.000003,0.0
11/2025,7,4.1.02.01.000008,0.0
11/2025,7,4.1.02.01.000009,-26.12533
11/2025,7,4.1.02.01.000010,-35.78484
11/2025,7,4.1.02.02.000001,-65.56448
11/2025,7,4.1.02.02.000002,-23.10056
11/2025,7,4.1.02.02.000003,0.0
11/2025,7,4.1.02.02.000005,0.0
11/2025,7,4.1.02.02.000006,-10.6091
11/2025,7,4.1.02.02.000007,-2.2
11/2025,7,4.1.02.02.000008,0.0
11/2025,7,4.1.02.03.000001,0.0
11/2025,7,4.1.02.03.000004,-21.09864
11/2025,7,4.1.02.03.000005,0.0
11/2025,7,4.1.02.03.000006,-6.22
11/2025,7,4.1.02.03.000009,-35.869
11/2025,7,4.1.02.03.000010,0.0
11/2025,7,4.1.02.03.000013,0.0
11/2025,7,4.1.02.04.000003,-42.15268
11/2025,7,4.1.02.04.000004,0.0
11/2025,7,4.1.02.05.000001,-7.66783
11/2025,7,4.1.02.05.000002,-3.77821
11/2025,7,4.1.02.05.000003,-2.9895
11/2025,7,4.1.02.05.000004,-1.078
11/2025,7,4.1.02.05.000005,-3.00085
11/2025,7,4.1.02.05.000006,-15216.2001
11/2025,7,4.1.02.05.000007,0.0
11/2025,7,4.1.02.05.000009,-12.12093
11/2025,7,4.1.02.05.000010,0.0
11/2025,7,4.1.02.06.000001,-21.83085
11/2025,7,4.1.02.06.000004,0.0
11/2025,7,4.1.02.07.000003,-66.36733
11/2025,7,4.1.02.07.000004,-1.53145
11/2025,7,4.1.02.07.000006,-7.12
11/2025,7,4.1.02.07.000007,0.0
11/2025,7,4.1.02.07.000010,0.0
11/2025,7,4.1.02.07.000016,-138.45565
11/2025,7,4.1.02.08.000001,-28.38913
11/2025,7,4.1.02.08.000002,-0.15
11/2025,7,4.1.02.08.000005,-37.08476
11/2025,7,5.1.01.04.000002,-0.179
11/2025,7,5.1.01.04.000003,0.0
11/2025,7,5.1.01.05.000001,-0.0717
11/2025,7,5.1.01.05.000003,-0.18
11/2025,7,5.1.01.05.000005,0.0
11/2025,7,5.1.01.05.000009,-0.3555
11/2025,7,5.1.01.07.000007,0.0
11/2025,7,5.1.01.07.000010,-15.0922
11/2025,7,5.1.01.07.000015,-2.0
11/2025,7,5.1.01.07.000021,-0.5
11/2025,7,5.1.01.08.000005,0.0
11/2025,7,5.1.01.09.000003,-0.718
11/2025,7,5.1.01.09.000008,0.0
11/2025,7,5.1.01.11.000001,-6.41208
11/2025,7,5.1.01.11.000005,0.0
11/2025,7,5.1.01.11.000006,-3.08278
11/2025,7,5.1.01.11.000007,-0.72693
11/2025,7,5.1.01.11.000008,-0.72282
11/2025,7,5.1.01.11.000016,-1.32
11/2025,7,5.1.01.11.000017,-6.08
11/2025,7,5.1.01.11.000027,-0.16354
11/2025,7,5.1.01.13.000001,0.0
11/2025,7,5.1.01.14.000003,0.0
11/2025,7,5.1.02.01.000009,0.0
11/2025,7,5.1.02.01.000010,0.0
11/2025,7,5.1.02.01.000011,0.0
11/2025,7,5.1.04.01.000001,-40.08092
11/2025,7,5.1.04.01.000002,-401.52846
11/2025,7,5.1.04.01.000003,0.0
11/2025,7,5.1.04.01.000004,-72.18736
11/2025,7,5.1.04.01.000005,-0.86557
11/2025,7,5.1.04.01.000006,-0.10328
11/2025,7,5.1.04.01.000014,0.0
11/2025,7,5.1.04.02.000001,0.11929
11/2025,7,5.1.04.02.000002,0.13167
11/2025,7,5.1.04.02.000003,0.17699
11/2025,7,5.2.01.01.000001,0.0
11/2025,7,5.9.01.01.000001,0.0
11/2025,7,5.9.01.02.000001,0.0
11/2025,999,3.1.01.01.000002,0.0
11/2025,999,3.1.01.01.000003,495.7963
11/2025,999,3.1.01.01.000004,511.03772
11/2025,999,3.1.01.01.000006,25.37226
11/2025,999,3.1.01.01.000008,0.0
11/2025,999,3.1.01.01.000009,0.0
11/2025,999,3.1.01.01.000010,0.0
11/2025,999,3.1.01.01.000011,0.0
11/2025,999,3.1.01.01.000012,0.0
11/2025,999,3.1.01.01.000013,86481.80052
11/2025,999,3.1.02.01.000001,-100.5022
11/2025,999,3.1.02.02.000004,0.0
11/2025,999,3.1.02.02.000005,0.0
11/2025,999,3.1.02.02.000008,0.0
11/2025,999,3.1.02.02.000010,-0.99983
11/2025,999,3.1.02.02.000011,0.0
11/2025,999,3.1.02.02.000012,0.0
11/2025,999,3.1.02.02.000013,-3.07875
11/2025,999,3.1.02.02.000014,-1.53937
11/2025,999,3.1.03.01.000007,0.0
11/2025,999,3.1.03.01.000011,0.0
11/2025,999,3.1.03.02.000001,0.0
11/2025,999,3.1.03.02.000003,0.0
11/2025,999,3.1.03.02.000004,0.0
11/2025,999,3.1.03.03.000001,0.0
11/2025,999,3.2.01.01.000001,17870.98399
11/2025,999,3.2.01.01.000005,9.29475
11/2025,999,3.2.01.02.000001,0.0
11/2025,999,3.2.01.02.000002,53.07118
11/2025,999,3.2.01.02.000003,0.3
11/2025,999,3.2.01.02.000004,0.0
11/2025,999,3.2.01.02.000005,267.405
11/2025,999,3.2.01.02.000006,1625.12947
11/2025,999,3.2.01.03.000001,0.0
11/2025,999,4.1.01.01.000001,-1411.26658
11/2025,999,4.1.01.01.000002,-19.24381
11/2025,999,4.1.01.01.000003,-99.46131
11/2025,999,4.1.01.01.000004,0.0
11/2025,999,4.1.01.01.000006,-0.27324
11/2025,999,4.1.01.01.000007,0.0
11/2025,999,4.1.01.01.000009,-119.46808
11/2025,999,4.1.01.01.000010,0.0
11/2025,999,4.1.01.02.000001,-425.04195
11/2025,999,4.1.01.02.000002,-132.1591
11/2025,999,4.1.01.02.000003,-34.51146
11/2025,999,4.1.01.02.000004,0.0
11/2025,999,4.1.01.02.000005,0.0
11/2025,999,4.1.01.02.000007,-8.55517
11/2025,999,4.1.01.03.000001,-203.55837
11/2025,999,4.1.01.03.000003,0.0
11/2025,999,4.1.01.03.000004,-129.63539
11/2025,999,4.1.01.03.000005,0.0
11/2025,999,4.1.01.03.000006,-23.2311
11/2025,999,4.1.01.03.000008,-2.27745
11/2025,999,4.1.01.03.000009,-260.3491
11/2025,999,4.1.01.03.000010,-1.12461
11/2025,999,4.1.01.03.000013,0.0
11/2025,999,4.1.01.04.000002,0.0
11/2025,999,4.1.01.04.000004,-280.68308
11/2025,999,4.1.01.05.000001,-4.7327
11/2025,999,4.1.01.05.000002,-24.09801
11/2025,999,4.1.01.05.000003,-2.62218
11/2025,999,4.1.01.05.000004,-12.22592
11/2025,999,4.1.01.05.000005,-10.05595
11/2025,999,4.1.01.05.000006,-1163.27563
11/2025,999,4.1.01.05.000007,-17.11909
11/2025,999,4.1.01.05.000008,0.0
11/2025,999,4.1.01.05.000009,-8.03451
11/2025,999,4.1.01.06.000001,-374.97093
11/2025,999,4.1.01.06.000002,-218.73188
11/2025,999,4.1.01.06.000003,0.0
11/2025,999,4.1.01.06.000004,-998.40263
11/2025,999,4.1.01.06.000007,-0.65693
11/2025,999,4.1.01.07.000001,-4.16816
11/2025,999,4.1.01.07.000002,-0.84554
11/2025,999,4.1.01.07.000003,-177.88705
11/2025,999,4.1.01.07.000004,-360.24328
11/2025,999,4.1.01.07.000005,-27.76666
11/2025,999,4.1.01.07.000006,-29.93
11/2025,999,4.1.01.07.000007,-31.01707
11/2025,999,4.1.01.07.000008,-1.619
11/2025,999,4.1.01.07.000009,0.0
11/2025,999,4.1.01.07.000010,-11.142
11/2025,999,4.1.01.07.000011,0.0
11/2025,999,4.1.01.07.000012,-49.81826
11/2025,999,4.1.01.07.000013,-174.15323
11/2025,999,4.1.01.07.000014,-402.34998
11/2025,999,4.1.01.07.000015,-16.34814
11/2025,999,4.1.01.07.000016,-149.0
11/2025,999,4.1.01.07.000017,-0.5
11/2025,999,4.1.01.07.000018,-1.925
11/2025,999,4.1.01.07.000019,-51.64889
11/2025,999,4.1.01.07.000020,0.0
11/2025,999,4.1.01.08.000001,-150.90569
11/2025,999,4.1.01.08.000002,-0.385
11/2025,999,4.1.01.08.000003,-8.819
11/2025,999,4.1.01.08.000004,-7060.86142
11/2025,999,4.1.01.08.000005,-88.57617
11/2025,999,4.1.01.08.000007,-4.464
11/2025,999,4.1.01.08.000008,-1.6
11/2025,999,4.1.01.09.000004,-355.47231
11/2025,999,4.1.01.09.000006,0.0
11/2025,999,4.1.01.10.000001,-0.2705
11/2025,999,4.1.01.10.000003,0.0
11/2025,999,4.1.01.10.000004,0.0
11/2025,999,4.1.01.10.000005,0.0
11/2025,999,4.1.01.11.000002,-1347.19625
11/2025,999,4.1.01.11.000003,0.0
11/2025,999,4.1.01.11.000004,-23.8735
11/2025,999,4.1.01.11.000007,0.0
11/2025,999,4.1.01.11.000009,-470.12174
11/2025,999,4.1.01.11.000010,0.0
11/2025,999,4.1.01.11.000017,0.0
11/2025,999,4.1.01.11.000019,0.0
11/2025,999,4.1.01.11.000020,-48.43114
11/2025,999,4.1.01.11.000021,0.0
11/2025,999,4.1.01.11.000025,0.0
11/2025,999,4.1.01.11.000026,0.0
11/2025,999,4.1.01.12.000001,-230.67001
11/2025,999,4.1.01.12.000002,-4.59314
11/2025,999,4.1.01.13.000001,-0.35476
11/2025,999,4.1.01.13.000002,0.0
11/2025,999,4.1.01.13.000003,0.0
11/2025,999,4.1.01.13.000004,0.0
11/2025,999,4.1.01.13.000005,0.0
11/2025,999,5.1.01.01.000001,-864.82817
11/2025,999,5.1.01.01.000003,0.0
11/2025,999,5.1.01.01.000004,-91.80164
11/2025,999,5.1.01.01.000005,0.0
11/2025,999,5.1.01.01.000008,0.0
11/2025,999,5.1.01.01.000012,-10.6324
11/2025,999,5.1.01.01.000020,0.0
11/2025,999,5.1.01.01.000021,0.0
11/2025,999,5.1.01.01.000022,0.0
11/2025,999,5.1.01.01.000023,-71.08716
11/2025,999,5.1.01.01.000024,0.0
11/2025,999,5.1.01.02.000001,-244.08656
11/2025,999,5.1.01.02.000002,-77.20201
11/2025,999,5.1.01.02.000003,-32.63562
11/2025,999,5.1.01.02.000005,0.0
11/2025,999,5.1.01.02.000006,0.0
11/2025,999,5.1.01.02.000007,0.0
11/2025,999,5.1.01.02.000020,0.0
11/2025,999,5.1.01.02.000021,0.0
11/2025,999,5.1.01.02.000022,0.0
11/2025,999,5.1.01.03.000001,-104.22846
11/2025,999,5.1.01.03.000004,0.31202
11/2025,999,5.1.01.03.000006,-2.759
11/2025,999,5.1.01.03.000008,-19.97931
11/2025,999,5.1.01.03.000009,-46.812
11/2025,999,5.1.01.03.000010,-7.125
11/2025,999,5.1.01.03.000012,0.0
11/2025,999,5.1.01.03.000013,-0.10958
11/2025,999,5.1.01.03.000014,0.0
11/2025,999,5.1.01.04.000001,-3.6
11/2025,999,5.1.01.04.000002,-1.07179
11/2025,999,5.1.01.04.000003,0.0
11/2025,999,5.1.01.04.000004,-68.06807
11/2025,999,5.1.01.05.000001,-9.55443
11/2025,999,5.1.01.05.000002,-3.91165
11/2025,999,5.1.01.05.000003,0.0
11/2025,999,5.1.01.05.000004,-15.377
11/2025,999,5.1.01.05.000005,-1.60211
11/2025,999,5.1.01.05.000006,-118.15077
11/2025,999,5.1.01.05.000007,0.0
11/2025,999,5.1.01.05.000009,-2.06912
11/2025,999,5.1.01.05.000010,-0.36
11/2025,999,5.1.01.06.000001,-54.59709
11/2025,999,5.1.01.06.000002,0.0
11/2025,999,5.1.01.06.000003,0.0
11/2025,999,5.1.01.06.000004,-324.72714
11/2025,999,5.1.01.06.000005,0.0
11/2025,999,5.1.01.06.000006,-178.4268
11/2025,999,5.1.01.06.000008,0.0
11/2025,999,5.1.01.07.000001,0.0
11/2025,999,5.1.01.07.000002,0.0
11/2025,999,5.1.01.07.000003,-37.92738
11/2025,999,5.1.01.07.000004,0.0
11/2025,999,5.1.01.07.000005,-0.53311
11/2025,999,5.1.01.07.000007,0.0
11/2025,999,5.1.01.07.000008,0.0
11/2025,999,5.1.01.07.000010,-172.16275
11/2025,999,5.1.01.07.000014,0.0
11/2025,999,5.1.01.07.000015,-3.96
11/2025,999,5.1.01.07.000020,-17.9738
11/2025,999,5.1.01.07.000021,-0.07074
11/2025,999,5.1.01.08.000001,-10.38
11/2025,999,5.1.01.08.000002,0.0
11/2025,999,5.1.01.08.000003,0.0
11/2025,999,5.1.01.08.000004,-19.67675
11/2025,999,5.1.01.08.000005,-195.92724
11/2025,999,5.1.01.09.000001,0.0
11/2025,999,5.1.01.09.000003,-24.0
11/2025,999,5.1.01.09.000005,0.0
11/2025,999,5.1.01.09.000007,0.0
11/2025,999,5.1.01.09.000008,0.0
11/2025,999,5.1.01.10.000002,0.0
11/2025,999,5.1.01.10.000003,0.0
11/2025,999,5.1.01.10.000004,0.0
11/2025,999,5.1.01.11.000001,-19.58305
11/2025,999,5.1.01.11.000003,0.0
11/2025,999,5.1.01.11.000004,0.0
11/2025,999,5.1.01.11.000006,-26.68662
11/2025,999,5.1.01.11.000007,-627.59264
11/2025,999,5.1.01.11.000008,-63.62257
11/2025,999,5.1.01.11.000010,-13.6419
11/2025,999,5.1.01.11.000012,0.0
11/2025,999,5.1.01.11.000013,0.0
11/2025,999,5.1.01.11.000014,0.0
11/2025,999,5.1.01.11.000015,0.0
11/2025,999,5.1.01.11.000021,-4.08973
11/2025,999,5.1.01.11.000022,0.0
11/2025,999,5.1.01.11.000025,0.0
11/2025,999,5.1.01.11.000026,0.0
11/2025,999,5.1.01.11.000027,-4.60604
11/2025,999,5.1.01.11.000030,-8.54405
11/2025,999,5.1.01.11.000031,-154.69676
11/2025,999,5.1.01.12.000003,0.0
11/2025,999,5.1.01.12.000008,0.0
11/2025,999,5.1.01.12.000009,0.0
11/2025,999,5.1.01.12.000019,0.0
11/2025,999,5.1.01.12.000021,-118.99649
11/2025,999,5.1.01.13.000001,0.0
11/2025,999,5.1.01.14.000001,0.0
11/2025,999,5.1.01.14.000002,0.0
11/2025,999,5.1.01.14.000003,-12780.88066
11/2025,999,5.1.02.01.000006,0.0
11/2025,999,5.1.02.01.000009,-14881.16536
11/2025,999,5.1.02.01.000010,0.0
11/2025,999,5.1.02.01.000011,0.0
11/2025,999,5.1.02.01.000012,150.0
11/2025,999,5.1.03.01.000001,-84.84272
11/2025,999,5.1.03.01.000002,-11.27169
11/2025,999,5.1.03.01.000003,-345.30472
11/2025,999,5.1.03.01.000004,-35551.50714
11/2025,999,5.1.03.01.000005,-38.21334
11/2025,999,5.1.03.01.000007,-3.30494
11/2025,999,5.1.03.02.000001,-73.15413
11/2025,999,5.1.04.01.000001,-120.47509
11/2025,999,5.1.04.01.000002,0.0
11/2025,999,5.1.04.01.000004,-3494.79036
11/2025,999,5.1.04.01.000005,-31.16637
11/2025,999,5.1.04.01.000006,-84.85355
11/2025,999,5.1.04.01.000007,0.0
11/2025,999,5.1.04.01.000009,-3.5
11/2025,999,5.1.04.01.000010,0.0
11/2025,999,5.1.04.01.000011,0.0
11/2025,999,5.1.04.01.000014,-8514.22554
11/2025,999,5.1.04.01.000015,-0.59942
11/2025,999,5.1.04.01.000016,-1.5325
11/2025,999,5.1.04.01.000017,-642.50376
11/2025,999,5.1.04.02.000001,270.82024
11/2025,999,5.1.04.02.000002,355.99402
11/2025,999,5.1.04.02.000003,11.59236
11/2025,999,5.2.01.01.000001,1061.89078
11/2025,999,5.9.01.01.000001,0.0
11/2025,999,5.9.01.01.000002,0.0
11/2025,999,5.9.01.02.000001,0.0
11/2025,999,5.9.01.02.000002,0.0
12/2022,6,3.1.01.01.000002,7125.02231
12/2022,6,3.1.01.01.000003,0.0
12/2022,6,3.1.02.02.000002,-142.50046
12/2022,6,3.1.02.02.000003,-117.5656
12/2022,6,3.1.02.02.000004,-541.51423
12/2022,6,3.1.02.02.000009,-0.0
12/2022,6,3.1.02.02.000010,0.0
12/2022,6,3.1.03.02.000003,0.0
12/2022,6,4.1.01.01.000001,-1190.58535
12/2022,6,4.1.01.01.000002,-17.0
12/2022,6,4.1.01.01.000003,-13.09052
12/2022,6,4.1.01.01.000009,0.0
12/2022,6,4.1.01.02.000001,-353.13746
12/2022,6,4.1.01.02.000002,-96.44395
12/2022,6,4.1.01.02.000003,-9.16449
12/2022,6,4.1.01.02.000004,-0.36462
12/2022,6,4.1.01.02.000006,-82.71594
12/2022,6,4.1.01.02.000007,-10.0
12/2022,6,4.1.01.03.000001,-95.28947
12/2022,6,4.1.01.03.000003,0.0
12/2022,6,4.1.01.03.000004,0.0
12/2022,6,4.1.01.03.000006,-8.00087
12/2022,6,4.1.01.03.000009,-182.00322
12/2022,6,4.1.01.03.000010,-1.228
12/2022,6,4.1.01.04.000004,-3.86577
12/2022,6,4.1.01.05.000001,0.0
12/2022,6,4.1.01.05.000002,-0.9374
12/2022,6,4.1.01.05.000003,-0.75336
12/2022,6,4.1.01.05.000006,-2482.53942
12/2022,6,4.1.01.06.000001,-1.02
12/2022,6,4.1.01.06.000002,-0.99
12/2022,6,4.1.01.06.000004,-139.35
12/2022,6,4.1.01.07.000007,-0.17061
12/2022,6,4.1.01.07.000012,0.0
12/2022,6,4.1.01.07.000013,0.0
12/2022,6,4.1.01.07.000014,-0.42
12/2022,6,4.1.01.08.000001,0.0
12/2022,6,4.1.01.08.000004,-464.71475
12/2022,6,4.1.01.08.000005,0.0
12/2022,6,4.1.01.08.000006,0.0
12/2022,6,4.1.01.11.000002,-103.1971
12/2022,6,4.1.01.11.000008,0.0
12/2022,6,4.1.01.11.000009,-14.33648
12/2022,6,4.1.01.11.000025,0.0
12/2022,6,5.1.01.01.000001,0.0
12/2022,6,5.1.01.01.000003,0.0
12/2022,6,5.1.01.01.000004,0.0
12/2022,6,5.1.01.02.000001,0.0
12/2022,6,5.1.01.02.000002,0.0
12/2022,6,5.1.01.02.000004,-0.39817
12/2022,6,5.1.01.02.000005,0.0
12/2022,6,5.1.01.02.000007,0.0
12/2022,6,5.1.01.03.000001,0.0
12/2022,6,5.1.01.03.000004,-4.2864
12/2022,6,5.1.01.03.000006,0.0
12/2022,6,5.1.01.03.000009,0.0
12/2022,6,5.1.01.03.000010,-7.0058
12/2022,6,5.1.01.04.000001,-0.3
12/2022,6,5.1.01.04.000002,-3.315
12/2022,6,5.1.01.04.000004,-4.428
12/2022,6,5.1.01.05.000001,-0.69336
12/2022,6,5.1.01.05.000002,-0.2145
12/2022,6,5.1.01.05.000006,0.0
12/2022,6,5.1.01.06.000004,0.0
12/2022,6,5.1.01.06.000007,-0.355
12/2022,6,5.1.01.07.000007,0.0
12/2022,6,5.1.01.07.000012,-0.44031
12/2022,6,5.1.01.08.000001,0.0
12/2022,6,5.1.01.08.000004,0.0
12/2022,6,5.1.01.08.000005,-0.59
12/2022,6,5.1.01.11.000001,-0.14306
12/2022,6,5.1.01.11.000002,0.0
12/2022,6,5.1.01.11.000005,-2.0
12/2022,6,5.1.01.11.000006,-1.91468
12/2022,6,5.1.01.11.000007,-4.8693
12/2022,6,5.1.01.11.000008,-11.76304
12/2022,6,5.1.01.11.000009,0.0
12/2022,6,5.1.01.11.000012,0.0
12/2022,6,5.1.01.11.000014,0.0
12/2022,6,5.1.01.11.000015,0.0
12/2022,6,5.1.01.11.000016,0.0
12/2022,6,5.1.01.11.000017,0.0
12/2022,6,5.1.01.11.000021,-0.12396
12/2022,6,5.1.01.11.000022,-0.22881
12/2022,6,5.1.01.11.000025,0.0
12/2022,6,5.1.01.11.000027,0.0
12/2022,6,5.1.01.12.000001,-9.63234
12/2022,6,5.1.01.12.000009,-338.40782
12/2022,6,5.1.01.12.000011,-0.5182
12/2022,6,5.1.01.12.000020,-0.00797
12/2022,6,5.1.03.01.000004,-3138.67766
12/2022,6,5.1.04.01.000001,-4.16862
12/2022,6,5.1.04.01.000004,-72.34304
12/2022,6,5.1.04.01.000005,0.0
12/2022,6,5.1.04.01.000006,-0.1777
12/2022,6,5.1.04.01.000013,0.0
12/2022,6,5.1.04.01.000014,0.0
12/2022,6,5.1.04.02.000001,0.16498
12/2022,6,5.1.04.02.000002,1e-05
12/2022,7,3.1.01.01.000005,0.0
12/2022,7,3.1.02.01.000001,0.0
12/2022,7,3.2.01.01.000003,0.0
12/2022,7,3.2.01.02.000003,0.0
12/2022,7,4.1.02.01.000001,0.0
12/2022,7,4.1.02.01.000003,0.0
12/2022,7,4.1.02.01.000009,0.0
12/2022,7,4.1.02.01.000010,0.0
12/2022,7,4.1.02.02.000001,0.0
12/2022,7,4.1.02.02.000002,0.0
12/2022,7,4.1.02.02.000003,0.0
12/2022,7,4.1.02.02.000005,0.0
12/2022,7,4.1.02.02.000006,0.0
12/2022,7,4.1.02.02.000008,0.0
12/2022,7,4.1.02.03.000004,0.0
12/2022,7,4.1.02.03.000006,0.0
12/2022,7,4.1.02.03.000009,0.0
12/2022,7,4.1.02.03.000010,0.0
12/2022,7,4.1.02.03.000013,0.0
12/2022,7,4.1.02.05.000001,0.0
12/2022,7,4.1.02.05.000002,0.0
12/2022,7,4.1.02.05.000003,0.0
12/2022,7,4.1.02.05.000004,0.0
12/2022,7,4.1.02.05.000005,0.0
12/2022,7,4.1.02.05.000006,0.0
12/2022,7,4.1.02.05.000007,0.0
12/2022,7,4.1.02.05.000009,0.0
12/2022,7,4.1.02.06.000001,0.0
12/2022,7,4.1.02.06.000004,0.0
12/2022,7,4.1.02.07.000003,0.0
12/2022,7,4.1.02.07.000004,0.0
12/2022,7,4.1.02.07.000007,0.0
12/2022,7,4.1.02.07.000010,0.0
12/2022,7,4.1.02.07.000016,0.0
12/2022,7,4.1.02.08.000001,0.0
12/2022,7,4.1.02.08.000005,0.0
12/2022,7,5.1.01.05.000005,0.0
12/2022,7,5.1.01.05.000009,0.0
12/2022,7,5.1.01.07.000007,0.0
12/2022,7,5.1.01.11.000005,0.0
12/2022,7,5.1.01.11.000006,0.0
12/2022,7,5.1.01.11.000007,0.0
12/2022,7,5.1.01.11.000008,0.0
12/2022,7,5.1.01.11.000016,0.0
12/2022,7,5.1.01.11.000017,0.0
12/2022,7,5.1.01.13.000001,0.0
12/2022,7,5.1.04.01.000001,0.0
12/2022,7,5.1.04.01.000002,0.0
12/2022,7,5.1.04.01.000004,0.0
12/2022,7,5.1.04.01.000005,0.0
12/2022,7,5.1.04.01.000006,0.0
12/2022,7,5.1.04.01.000014,0.0
12/2022,7,5.1.04.02.000001,0.0
12/2022,7,5.1.04.02.000002,0.0
12/2022,7,5.1.04.02.000003,0.0
12/2022,7,5.2.01.01.000001,0.0
12/2022,7,5.9.01.01.000001,0.0
12/2022,7,5.9.01.02.000001,0.0
12/2022,999,3.1.01.01.000002,1975.51325
12/2022,999,3.1.01.01.000003,98.89668
12/2022,999,3.1.01.01.000004,245.61508
12/2022,999,3.1.01.01.000006,60.50236
12/2022,999,3.1.01.01.000008,0.0
12/2022,999,3.1.01.01.000009,75.0
12/2022,999,3.1.01.01.000010,120.0
12/2022,999,3.1.01.01.000011,1473.66
12/2022,999,3.1.01.01.000012,835.31011
12/2022,999,3.1.01.01.000013,93499.25887
12/2022,999,3.1.02.01.000001,-101.11693
12/2022,999,3.1.02.02.000005,-39.43516
12/2022,999,3.1.02.02.000008,-189.28648
12/2022,999,3.1.02.02.000010,-103.30951
12/2022,999,3.1.02.02.000011,-28.35496
12/2022,999,3.1.02.02.000012,-139.4073
12/2022,999,3.1.02.02.000013,-3.40911
12/2022,999,3.1.02.02.000014,-1.70455
12/2022,999,3.1.03.01.000007,0.0
12/2022,999,3.1.03.01.000011,0.0
12/2022,999,3.1.03.02.000003,0.0
12/2022,999,3.2.01.01.000001,8739.54163
12/2022,999,3.2.01.01.000005,24.911
12/2022,999,3.2.01.02.000001,3551.10075
12/2022,999,3.2.01.02.000002,40.5484
12/2022,999,3.2.01.02.000003,23.14382
12/2022,999,3.2.01.02.000004,48.57619
12/2022,999,4.1.01.01.000001,-1642.2258
12/2022,999,4.1.01.01.000003,-109.66432
12/2022,999,4.1.01.01.000007,-4.41366
12/2022,999,4.1.01.02.000001,-535.19454
12/2022,999,4.1.01.02.000002,-153.50852
12/2022,999,4.1.01.02.000003,-16.34821
12/2022,999,4.1.01.02.000004,0.0
12/2022,999,4.1.01.02.000005,-169.81069
12/2022,999,4.1.01.02.000007,-15.92521
12/2022,999,4.1.01.03.000001,0.0
12/2022,999,4.1.01.03.000003,-6.84
12/2022,999,4.1.01.03.000004,-3.20829
12/2022,999,4.1.01.03.000005,-35.17992
12/2022,999,4.1.01.03.000006,-0.31
12/2022,999,4.1.01.03.000008,0.0
12/2022,999,4.1.01.03.000009,-314.06736
12/2022,999,4.1.01.03.000010,-1.593
12/2022,999,4.1.01.03.000013,0.0
12/2022,999,4.1.01.04.000002,0.0
12/2022,999,4.1.01.04.000004,-61.42573
12/2022,999,4.1.01.05.000001,-11.41129
12/2022,999,4.1.01.05.000002,-22.39363
12/2022,999,4.1.01.05.000003,-4.68115
12/2022,999,4.1.01.05.000004,-52.57099
12/2022,999,4.1.01.05.000005,-0.30474
12/2022,999,4.1.01.05.000006,-15432.5441
12/2022,999,4.1.01.05.000007,-1235.47469
12/2022,999,4.1.01.06.000001,-25.5084
12/2022,999,4.1.01.06.000002,-174.31221
12/2022,999,4.1.01.06.000003,-8.05432
12/2022,999,4.1.01.06.000004,-657.31486
12/2022,999,4.1.01.07.000001,-2.88488
12/2022,999,4.1.01.07.000002,-0.19206
12/2022,999,4.1.01.07.000003,-246.95574
12/2022,999,4.1.01.07.000004,-221.395
12/2022,999,4.1.01.07.000005,-181.703
12/2022,999,4.1.01.07.000006,-26.4
12/2022,999,4.1.01.07.000007,-4.69127
12/2022,999,4.1.01.07.000008,0.0
12/2022,999,4.1.01.07.000009,-2.1964
12/2022,999,4.1.01.07.000010,-116.01235
12/2022,999,4.1.01.07.000011,-2.1144
12/2022,999,4.1.01.07.000012,-13.64553
12/2022,999,4.1.01.07.000013,-40.76727
12/2022,999,4.1.01.07.000014,-723.13938
12/2022,999,4.1.01.07.000015,-20.3205
12/2022,999,4.1.01.07.000016,-126.0
12/2022,999,4.1.01.07.000017,-9.91567
12/2022,999,4.1.01.07.000018,0.0
12/2022,999,4.1.01.07.000019,-137.16096
12/2022,999,4.1.01.08.000001,-12.52208
12/2022,999,4.1.01.08.000002,-16.54535
12/2022,999,4.1.01.08.000003,-0.204
12/2022,999,4.1.01.08.000004,-8153.98218
12/2022,999,4.1.01.08.000005,-115.90521
12/2022,999,4.1.01.09.000004,-575.50885
12/2022,999,4.1.01.10.000001,0.0
12/2022,999,4.1.01.10.000003,-0.93
12/2022,999,4.1.01.10.000004,-0.74279
12/2022,999,4.1.01.10.000005,0.0
12/2022,999,4.1.01.11.000002,-6188.89439
12/2022,999,4.1.01.11.000003,-0.1775
12/2022,999,4.1.01.11.000004,-15.47764
12/2022,999,4.1.01.11.000009,-463.92109
12/2022,999,4.1.01.11.000010,-48.28594
12/2022,999,4.1.01.11.000017,-139.85297
12/2022,999,4.1.01.11.000019,-15.31874
12/2022,999,4.1.01.11.000020,-110.00517
12/2022,999,4.1.01.11.000021,0.0
12/2022,999,4.1.01.11.000025,-0.57799
12/2022,999,4.1.01.11.000026,-0.2
12/2022,999,4.1.01.12.000001,-3020.37337
12/2022,999,4.1.01.12.000002,-2267.00845
12/2022,999,4.1.01.13.000001,-1198.9973
12/2022,999,4.1.01.13.000002,-306.43042
12/2022,999,4.1.01.13.000003,-636.10592
12/2022,999,4.1.01.13.000004,-8.07508
12/2022,999,4.1.01.13.000005,-316.0773
12/2022,999,5.1.01.01.000003,-30.0
12/2022,999,5.1.01.01.000008,-23.09679
12/2022,999,5.1.01.01.000020,-895.12818
12/2022,999,5.1.01.01.000021,-14.544
12/2022,999,5.1.01.01.000022,-62.87235
12/2022,999,5.1.01.02.000003,-9.3727
12/2022,999,5.1.01.02.000006,-226.65423
12/2022,999,5.1.01.02.000007,-4.65344
12/2022,999,5.1.01.02.000020,-306.90998
12/2022,999,5.1.01.02.000021,-88.00303
12/2022,999,5.1.01.02.000022,-103.97365
12/2022,999,5.1.01.03.000001,-215.32451
12/2022,999,5.1.01.03.000004,-0.08228
12/2022,999,5.1.01.03.000006,-12.26467
12/2022,999,5.1.01.03.000008,-4.5
12/2022,999,5.1.01.03.000009,-365.25908
12/2022,999,5.1.01.03.000010,-21.92658
12/2022,999,5.1.01.03.000012,-0.453
12/2022,999,5.1.01.03.000013,0.0
12/2022,999,5.1.01.03.000014,-84.59025
12/2022,999,5.1.01.04.000001,0.0
12/2022,999,5.1.01.04.000002,-26.88013
12/2022,999,5.1.01.04.000003,-2.29468
12/2022,999,5.1.01.04.000004,-240.54874
12/2022,999,5.1.01.05.000001,-37.73962
12/2022,999,5.1.01.05.000002,-21.57666
12/2022,999,5.1.01.05.000003,-14.861
12/2022,999,5.1.01.05.000004,-69.2006
12/2022,999,5.1.01.05.000005,-0.89203
12/2022,999,5.1.01.05.000006,-0.3376
12/2022,999,5.1.01.05.000007,-7.75211
12/2022,999,5.1.01.05.000009,-0.75
12/2022,999,5.1.01.06.000001,-168.20676
12/2022,999,5.1.01.06.000002,-2.85211
12/2022,999,5.1.01.06.000003,-4.486
12/2022,999,5.1.01.06.000004,-202.66819
12/2022,999,5.1.01.06.000005,-63.11672
12/2022,999,5.1.01.06.000006,-163.695
12/2022,999,5.1.01.06.000008,-20.26933
12/2022,999,5.1.01.07.000001,-1.32738
12/2022,999,5.1.01.07.000002,-0.48732
12/2022,999,5.1.01.07.000003,-49.11522
12/2022,999,5.1.01.07.000004,-3.63809
12/2022,999,5.1.01.07.000005,-2.53682
12/2022,999,5.1.01.07.000007,-1.01733
12/2022,999,5.1.01.07.000008,-0.064
12/2022,999,5.1.01.07.000010,-227.75733
12/2022,999,5.1.01.07.000014,0.0
12/2022,999,5.1.01.07.000015,-4.60566
12/2022,999,5.1.01.07.000020,0.0
12/2022,999,5.1.01.07.000021,0.0
12/2022,999,5.1.01.08.000001,-15.1946
12/2022,999,5.1.01.08.000002,-6.6
12/2022,999,5.1.01.08.000003,-73.02526
12/2022,999,5.1.01.08.000004,-2.07
12/2022,999,5.1.01.08.000005,-169.00914
12/2022,999,5.1.01.09.000001,-6.0
12/2022,999,5.1.01.09.000003,-63.321
12/2022,999,5.1.01.09.000008,-3.3
12/2022,999,5.1.01.10.000002,-0.022
12/2022,999,5.1.01.10.000003,-1.53
12/2022,999,5.1.01.10.000004,-1.56403
12/2022,999,5.1.01.11.000001,-10.87196
12/2022,999,5.1.01.11.000003,-39.68641
12/2022,999,5.1.01.11.000004,-11.36989
12/2022,999,5.1.01.11.000006,-73.51351
12/2022,999,5.1.01.11.000007,-344.01971
12/2022,999,5.1.01.11.000008,-2.33325
12/2022,999,5.1.01.11.000012,-326.18772
12/2022,999,5.1.01.11.000013,0.0
12/2022,999,5.1.01.11.000014,-37.04461
12/2022,999,5.1.01.11.000015,-126.06758
12/2022,999,5.1.01.11.000021,-6.97276
12/2022,999,5.1.01.11.000022,-17.71032
12/2022,999,5.1.01.11.000026,-0.45679
12/2022,999,5.1.01.11.000027,-0.17821
12/2022,999,5.1.01.11.000031,-3651.38444
12/2022,999,5.1.01.12.000003,567.40949
12/2022,999,5.1.01.12.000008,-0.66683
12/2022,999,5.1.01.12.000009,-12200.49669
12/2022,999,5.1.01.12.000019,-116.49704
12/2022,999,5.1.02.01.000006,-10.3289
12/2022,999,5.1.03.01.000001,-3.22572
12/2022,999,5.1.03.01.000002,-4.3548
12/2022,999,5.1.03.01.000004,-35688.92156
12/2022,999,5.1.03.01.000005,-2.10624
12/2022,999,5.1.04.01.000001,-117.42627
12/2022,999,5.1.04.01.000002,-0.165
12/2022,999,5.1.04.01.000004,-5106.31253
12/2022,999,5.1.04.01.000005,-1.1038
12/2022,999,5.1.04.01.000006,-934.39797
12/2022,999,5.1.04.01.000007,-5.37173
12/2022,999,5.1.04.01.000010,-19.72607
12/2022,999,5.1.04.01.000011,-1036.30633
12/2022,999,5.1.04.02.000001,269.45842
12/2022,999,5.1.04.02.000002,132.97911
12/2022,999,5.1.04.02.000003,0.12
12/2022,999,5.2.01.01.000001,0.0
12/2023,6,3.1.01.01.000002,7379.22881
12/2023,6,3.1.01.01.000003,0.0
12/2023,6,3.1.02.02.000002,0.0
12/2023,6,3.1.02.02.000003,0.0
12/2023,6,3.1.02.02.000004,0.0
12/2023,6,3.1.02.02.000009,0.0
12/2023,6,3.1.02.02.000010,-147.5086
12/2023,6,3.1.03.02.000003,1.0
12/2023,6,3.2.01.01.000001,2560.0
12/2023,6,4.1.01.01.000001,-1189.75233
12/2023,6,4.1.01.01.000002,0.0
12/2023,6,4.1.01.01.000003,-97.96058
12/2023,6,4.1.01.01.000009,-86.28203
12/2023,6,4.1.01.01.000010,-93.60249
12/2023,6,4.1.01.02.000001,-387.84979
12/2023,6,4.1.01.02.000002,-131.28717
12/2023,6,4.1.01.02.000003,-14.44806
12/2023,6,4.1.01.02.000004,0.0
12/2023,6,4.1.01.02.000006,0.0
12/2023,6,4.1.01.02.000007,0.0
12/2023,6,4.1.01.03.000001,-59.892
12/2023,6,4.1.01.03.000003,-71.27766
12/2023,6,4.1.01.03.000004,-5.23185
12/2023,6,4.1.01.03.000006,-9.421
12/2023,6,4.1.01.03.000009,-128.66071
12/2023,6,4.1.01.03.000010,-21.73625
12/2023,6,4.1.01.04.000004,-18.71175
12/2023,6,4.1.01.05.000001,-0.03905
12/2023,6,4.1.01.05.000002,-1.3278
12/2023,6,4.1.01.05.000003,0.0
12/2023,6,4.1.01.05.000006,-2239.74035
12/2023,6,4.1.01.06.000001,-2.29
12/2023,6,4.1.01.06.000002,0.0
12/2023,6,4.1.01.06.000004,-115.34
12/2023,6,4.1.01.07.000007,-1.60184
12/2023,6,4.1.01.07.000012,-3.17934
12/2023,6,4.1.01.07.000013,-0.6
12/2023,6,4.1.01.07.000014,0.0
12/2023,6,4.1.01.08.000001,0.0
12/2023,6,4.1.01.08.000004,-902.30562
12/2023,6,4.1.01.08.000005,-0.362
12/2023,6,4.1.01.08.000006,4.9
12/2023,6,4.1.01.11.000002,-202.59025
12/2023,6,4.1.01.11.000008,-28.61
12/2023,6,4.1.01.11.000009,-6.34092
12/2023,6,4.1.01.11.000025,-1.2834
12/2023,6,5.1.01.01.000001,-70.1143
12/2023,6,5.1.01.01.000003,0.0
12/2023,6,5.1.01.01.000004,-2.27276
12/2023,6,5.1.01.01.000023,-8.41953
12/2023,6,5.1.01.01.000024,-6.37937
12/2023,6,5.1.01.02.000001,-23.57393
12/2023,6,5.1.01.02.000002,-6.85082
12/2023,6,5.1.01.02.000004,0.0
12/2023,6,5.1.01.02.000005,0.0
12/2023,6,5.1.01.02.000007,-0.09662
12/2023,6,5.1.01.03.000001,0.0
12/2023,6,5.1.01.03.000004,-0.90856
12/2023,6,5.1.01.03.000006,0.0
12/2023,6,5.1.01.03.000009,-2.876
12/2023,6,5.1.01.03.000010,0.0
12/2023,6,5.1.01.04.000001,0.0
12/2023,6,5.1.01.04.000002,0.0
12/2023,6,5.1.01.04.000004,0.0
12/2023,6,5.1.01.05.000001,-0.12199
12/2023,6,5.1.01.05.000002,0.0
12/2023,6,5.1.01.05.000006,0.0
12/2023,6,5.1.01.05.000009,-0.235
12/2023,6,5.1.01.06.000004,0.0
12/2023,6,5.1.01.06.000007,0.0
12/2023,6,5.1.01.07.000007,-0.43278
12/2023,6,5.1.01.07.000012,0.0
12/2023,6,5.1.01.08.000001,0.0
12/2023,6,5.1.01.08.000004,0.0
12/2023,6,5.1.01.08.000005,0.0
12/2023,6,5.1.01.11.000001,0.0
12/2023,6,5.1.01.11.000002,0.0
12/2023,6,5.1.01.11.000005,0.0
12/2023,6,5.1.01.11.000006,-0.18671
12/2023,6,5.1.01.11.000007,-0.85765
12/2023,6,5.1.01.11.000008,-15.36264
12/2023,6,5.1.01.11.000009,0.0
12/2023,6,5.1.01.11.000012,0.0
12/2023,6,5.1.01.11.000014,-0.0001
12/2023,6,5.1.01.11.000015,0.0
12/2023,6,5.1.01.11.000016,-99.00214
12/2023,6,5.1.01.11.000017,-304.15166
12/2023,6,5.1.01.11.000021,-0.1065
12/2023,6,5.1.01.11.000022,0.0
12/2023,6,5.1.01.11.000025,-0.33535
12/2023,6,5.1.01.11.000027,-0.15161
12/2023,6,5.1.01.12.000001,0.0
12/2023,6,5.1.01.12.000009,0.0
12/2023,6,5.1.01.12.000011,0.0
12/2023,6,5.1.01.12.000020,0.0
12/2023,6,5.1.03.01.000004,-1163.46906
12/2023,6,5.1.04.01.000001,-17.78977
12/2023,6,5.1.04.01.000004,-216.50262
12/2023,6,5.1.04.01.000005,-1e-05
12/2023,6,5.1.04.01.000006,-0.05598
12/2023,6,5.1.04.01.000013,0.0
12/2023,6,5.1.04.01.000014,-426.51595
12/2023,6,5.1.04.02.000001,0.07335
12/2023,6,5.1.04.02.000002,0.40101
12/2023,6,5.2.01.01.000001,-376.99781
12/2023,7,3.1.01.01.000005,15007.44157
12/2023,7,3.1.02.01.000001,-2.42954
12/2023,7,3.2.01.01.000003,52.0
12/2023,7,3.2.01.02.000003,4.07456
12/2023,7,4.1.02.01.000001,-192.95878
12/2023,7,4.1.02.01.000003,-2.32268
12/2023,7,4.1.02.01.000009,-8.66528
12/2023,7,4.1.02.01.000010,-19.06687
12/2023,7,4.1.02.02.000001,-68.88107
12/2023,7,4.1.02.02.000002,-19.14495
12/2023,7,4.1.02.02.000003,-0.94739
12/2023,7,4.1.02.02.000005,-13.48175
12/2023,7,4.1.02.02.000006,-18.62555
12/2023,7,4.1.02.02.000008,-1.2
12/2023,7,4.1.02.03.000004,-11.47453
12/2023,7,4.1.02.03.000006,-4.221
12/2023,7,4.1.02.03.000009,-42.4775
12/2023,7,4.1.02.03.000010,-5.16257
12/2023,7,4.1.02.03.000013,-0.3024
12/2023,7,4.1.02.05.000001,-11.19182
12/2023,7,4.1.02.05.000002,-3.9353
12/2023,7,4.1.02.05.000003,-2.77163
12/2023,7,4.1.02.05.000004,-0.63
12/2023,7,4.1.02.05.000005,-0.9403
12/2023,7,4.1.02.05.000006,-12334.53109
12/2023,7,4.1.02.05.000007,-0.89066
12/2023,7,4.1.02.05.000009,-22.08197
12/2023,7,4.1.02.06.000001,-9.5
12/2023,7,4.1.02.06.000004,-279.78187
12/2023,7,4.1.02.07.000003,-50.9895
12/2023,7,4.1.02.07.000004,-1.67347
12/2023,7,4.1.02.07.000007,-0.45112
12/2023,7,4.1.02.07.000010,-23.21445
12/2023,7,4.1.02.07.000016,-146.2301
12/2023,7,4.1.02.08.000001,-10.69985
12/2023,7,4.1.02.08.000005,-36.75181
12/2023,7,5.1.01.05.000005,-0.12
12/2023,7,5.1.01.05.000009,-0.345
12/2023,7,5.1.01.07.000007,-3.20879
12/2023,7,5.1.01.11.000005,-0.9
12/2023,7,5.1.01.11.000006,-5.57946
12/2023,7,5.1.01.11.000007,-1.24526
12/2023,7,5.1.01.11.000008,-5.33771
12/2023,7,5.1.01.11.000016,-0.858
12/2023,7,5.1.01.11.000017,-3.952
12/2023,7,5.1.01.13.000001,-11.94444
12/2023,7,5.1.04.01.000001,-26.03482
12/2023,7,5.1.04.01.000002,-153.46516
12/2023,7,5.1.04.01.000004,-204.18527
12/2023,7,5.1.04.01.000005,-18.35629
12/2023,7,5.1.04.01.000006,-7.86394
12/2023,7,5.1.04.01.000014,-106.24827
12/2023,7,5.1.04.02.000001,0.08877
12/2023,7,5.1.04.02.000002,1.09585
12/2023,7,5.1.04.02.000003,0.32101
12/2023,7,5.2.01.01.000001,-103.82337
12/2023,7,5.9.01.01.000001,-100.6458
12/2023,7,5.9.01.02.000001,-255.57168
12/2023,999,3.1.01.01.000002,989.97262
12/2023,999,3.1.01.01.000003,15.985
12/2023,999,3.1.01.01.000004,237.1551
12/2023,999,3.1.01.01.000006,28.36956
12/2023,999,3.1.01.01.000008,0.0
12/2023,999,3.1.01.01.000009,0.0
12/2023,999,3.1.01.01.000010,0.0
12/2023,999,3.1.01.01.000011,0.0
12/2023,999,3.1.01.01.000012,0.0
12/2023,999,3.1.01.01.000013,113915.22587
12/2023,999,3.1.02.01.000001,0.0
12/2023,999,3.1.02.02.000005,0.0
12/2023,999,3.1.02.02.000008,0.0
12/2023,999,3.1.02.02.000010,-50.29787
12/2023,999,3.1.02.02.000011,0.0
12/2023,999,3.1.02.02.000012,0.0
12/2023,999,3.1.02.02.000013,-5.68563
12/2023,999,3.1.02.02.000014,-3.05491
12/2023,999,3.1.03.01.000007,0.0
12/2023,999,3.1.03.01.000011,0.0
12/2023,999,3.1.03.02.000003,0.0
12/2023,999,3.2.01.01.000001,8873.9
12/2023,999,3.2.01.01.000005,23.512
12/2023,999,3.2.01.02.000001,1164.09084
12/2023,999,3.2.01.02.000002,0.0
12/2023,999,3.2.01.02.000003,119.625
12/2023,999,3.2.01.02.000004,0.0
12/2023,999,4.1.01.01.000001,-1748.23832
12/2023,999,4.1.01.01.000002,-12.29638
12/2023,999,4.1.01.01.000003,-172.95081
12/2023,999,4.1.01.01.000007,0.0
12/2023,999,4.1.01.01.000009,-153.02609
12/2023,999,4.1.01.01.000010,-139.63772
12/2023,999,4.1.01.02.000001,-558.25242
12/2023,999,4.1.01.02.000002,-165.40407
12/2023,999,4.1.01.02.000003,-52.41904
12/2023,999,4.1.01.02.000004,0.0
12/2023,999,4.1.01.02.000005,0.0
12/2023,999,4.1.01.02.000007,-5.946
12/2023,999,4.1.01.03.000001,-225.71563
12/2023,999,4.1.01.03.000003,0.0
12/2023,999,4.1.01.03.000004,-74.16558
12/2023,999,4.1.01.03.000005,-63.35008
12/2023,999,4.1.01.03.000006,-17.891
12/2023,999,4.1.01.03.000008,-7.198
12/2023,999,4.1.01.03.000009,-270.17775
12/2023,999,4.1.01.03.000010,-28.50153
12/2023,999,4.1.01.03.000013,-0.05353
12/2023,999,4.1.01.04.000002,-2.16493
12/2023,999,4.1.01.04.000004,-224.82531
12/2023,999,4.1.01.05.000001,-20.67631
12/2023,999,4.1.01.05.000002,-24.59904
12/2023,999,4.1.01.05.000003,-7.05292
12/2023,999,4.1.01.05.000004,-42.37558
12/2023,999,4.1.01.05.000005,-11.21656
12/2023,999,4.1.01.05.000006,-2114.97757
12/2023,999,4.1.01.05.000007,-473.787
12/2023,999,4.1.01.05.000008,0.0
12/2023,999,4.1.01.06.000001,-163.54744
12/2023,999,4.1.01.06.000002,-108.20553
12/2023,999,4.1.01.06.000003,0.0
12/2023,999,4.1.01.06.000004,-515.78026
12/2023,999,4.1.01.07.000001,-3.71483
12/2023,999,4.1.01.07.000002,-0.57148
12/2023,999,4.1.01.07.000003,-235.25904
12/2023,999,4.1.01.07.000004,-385.73573
12/2023,999,4.1.01.07.000005,-72.10545
12/2023,999,4.1.01.07.000006,-34.2
12/2023,999,4.1.01.07.000007,-15.58606
12/2023,999,4.1.01.07.000008,-2.71791
12/2023,999,4.1.01.07.000009,0.0
12/2023,999,4.1.01.07.000010,0.0
12/2023,999,4.1.01.07.000011,-68.80376
12/2023,999,4.1.01.07.000012,-24.55639
12/2023,999,4.1.01.07.000013,-133.87734
12/2023,999,4.1.01.07.000014,-650.51342
12/2023,999,4.1.01.07.000015,0.0
12/2023,999,4.1.01.07.000016,-87.0
12/2023,999,4.1.01.07.000017,-8.5
12/2023,999,4.1.01.07.000018,0.0
12/2023,999,4.1.01.07.000019,-1.18468
12/2023,999,4.1.01.07.000020,-10.32
12/2023,999,4.1.01.08.000001,-66.54384
12/2023,999,4.1.01.08.000002,-27.47579
12/2023,999,4.1.01.08.000003,-2.60116
12/2023,999,4.1.01.08.000004,-7769.05268
12/2023,999,4.1.01.08.000005,-132.25639
12/2023,999,4.1.01.09.000004,-204.20039
12/2023,999,4.1.01.10.000001,-2.738
12/2023,999,4.1.01.10.000003,0.0
12/2023,999,4.1.01.10.000004,-0.583
12/2023,999,4.1.01.10.000005,-0.66
12/2023,999,4.1.01.11.000002,-1528.11057
12/2023,999,4.1.01.11.000003,0.0
12/2023,999,4.1.01.11.000004,0.0
12/2023,999,4.1.01.11.000007,-0.06286
12/2023,999,4.1.01.11.000009,-201.9695
12/2023,999,4.1.01.11.000010,-20.7
12/2023,999,4.1.01.11.000017,0.0
12/2023,999,4.1.01.11.000019,0.0
12/2023,999,4.1.01.11.000020,-85.69837
12/2023,999,4.1.01.11.000021,0.0
12/2023,999,4.1.01.11.000025,-14.563
12/2023,999,4.1.01.11.000026,0.0
12/2023,999,4.1.01.12.000001,-73.47707
12/2023,999,4.1.01.12.000002,-10.9021
12/2023,999,4.1.01.13.000001,-1.57223
12/2023,999,4.1.01.13.000002,0.0
12/2023,999,4.1.01.13.000003,0.0
12/2023,999,4.1.01.13.000004,0.0
12/2023,999,4.1.01.13.000005,0.0
12/2023,999,5.1.01.01.000001,-1066.00679
12/2023,999,5.1.01.01.000003,0.0
12/2023,999,5.1.01.01.000004,-72.25252
12/2023,999,5.1.01.01.000008,-1.72071
12/2023,999,5.1.01.01.000012,0.0
12/2023,999,5.1.01.01.000020,0.0
12/2023,999,5.1.01.01.000021,0.0
12/2023,999,5.1.01.01.000022,0.0
12/2023,999,5.1.01.01.000023,-91.67491
12/2023,999,5.1.01.01.000024,-75.27387
12/2023,999,5.1.01.02.000001,-364.32075
12/2023,999,5.1.01.02.000002,-93.36959
12/2023,999,5.1.01.02.000003,-10.61307
12/2023,999,5.1.01.02.000006,0.0
12/2023,999,5.1.01.02.000007,-5.9775
12/2023,999,5.1.01.02.000020,0.0
12/2023,999,5.1.01.02.000021,0.0
12/2023,999,5.1.01.02.000022,0.0
12/2023,999,5.1.01.03.000001,-8.77945
12/2023,999,5.1.01.03.000004,-41.09375
12/2023,999,5.1.01.03.000006,0.0
12/2023,999,5.1.01.03.000008,0.0
12/2023,999,5.1.01.03.000009,-111.32967
12/2023,999,5.1.01.03.000010,-35.08815
12/2023,999,5.1.01.03.000012,0.0
12/2023,999,5.1.01.03.000013,-0.13991
12/2023,999,5.1.01.03.000014,0.0
12/2023,999,5.1.01.04.000001,-0.8
12/2023,999,5.1.01.04.000002,-30.0038
12/2023,999,5.1.01.04.000003,0.0
12/2023,999,5.1.01.04.000004,-180.58861
12/2023,999,5.1.01.05.000001,-30.0267
12/2023,999,5.1.01.05.000002,-1.90238
12/2023,999,5.1.01.05.000003,0.0
12/2023,999,5.1.01.05.000004,-5.25622
12/2023,999,5.1.01.05.000005,-1.29058
12/2023,999,5.1.01.05.000006,-8.09187
12/2023,999,5.1.01.05.000007,-4.47219
12/2023,999,5.1.01.05.000009,-1.68975
12/2023,999,5.1.01.06.000001,-30.54127
12/2023,999,5.1.01.06.000002,0.0
12/2023,999,5.1.01.06.000003,0.0
12/2023,999,5.1.01.06.000004,0.0
12/2023,999,5.1.01.06.000005,-4.557
12/2023,999,5.1.01.06.000006,-173.39499
12/2023,999,5.1.01.06.000008,0.0
12/2023,999,5.1.01.07.000001,0.0
12/2023,999,5.1.01.07.000002,-0.09493
12/2023,999,5.1.01.07.000003,0.0
12/2023,999,5.1.01.07.000004,-1.77159
12/2023,999,5.1.01.07.000005,0.0
12/2023,999,5.1.01.07.000007,-2.41558
12/2023,999,5.1.01.07.000008,0.0
12/2023,999,5.1.01.07.000010,-1377.67474
12/2023,999,5.1.01.07.000014,0.0
12/2023,999,5.1.01.07.000015,-3.96
12/2023,999,5.1.01.07.000020,0.0
12/2023,999,5.1.01.07.000021,0.0
12/2023,999,5.1.01.08.000001,-0.134
12/2023,999,5.1.01.08.000002,0.0
12/2023,999,5.1.01.08.000003,0.0
12/2023,999,5.1.01.08.000004,0.0
12/2023,999,5.1.01.08.000005,0.0
12/2023,999,5.1.01.09.000001,0.0
12/2023,999,5.1.01.09.000003,-38.0
12/2023,999,5.1.01.09.000008,0.0
12/2023,999,5.1.01.10.000002,0.0
12/2023,999,5.1.01.10.000003,0.0
12/2023,999,5.1.01.10.000004,0.0
12/2023,999,5.1.01.11.000001,0.0
12/2023,999,5.1.01.11.000003,-12.6935
12/2023,999,5.1.01.11.000004,0.0
12/2023,999,5.1.01.11.000006,-42.02798
12/2023,999,5.1.01.11.000007,-148.84787
12/2023,999,5.1.01.11.000008,-22.09418
12/2023,999,5.1.01.11.000012,0.0
12/2023,999,5.1.01.11.000013,0.0
12/2023,999,5.1.01.11.000014,0.0
12/2023,999,5.1.01.11.000015,0.0
12/2023,999,5.1.01.11.000021,-68.67864
12/2023,999,5.1.01.11.000022,0.0
12/2023,999,5.1.01.11.000025,-0.175
12/2023,999,5.1.01.11.000026,0.0
12/2023,999,5.1.01.11.000027,0.0
12/2023,999,5.1.01.11.000031,0.0
12/2023,999,5.1.01.12.000003,0.0
12/2023,999,5.1.01.12.000008,0.0
12/2023,999,5.1.01.12.000009,0.0
12/2023,999,5.1.01.12.000019,0.0
12/2023,999,5.1.01.13.000001,-29.18692
12/2023,999,5.1.01.14.000001,-1744.14434
12/2023,999,5.1.01.14.000002,-5722.78285
12/2023,999,5.1.02.01.000006,0.0
12/2023,999,5.1.02.01.000009,-2613.0349
12/2023,999,5.1.02.01.000010,-1926.83646
12/2023,999,5.1.02.01.000011,0.0
12/2023,999,5.1.03.01.000001,-141.90742
12/2023,999,5.1.03.01.000002,-7.99056
12/2023,999,5.1.03.01.000003,-157.56588
12/2023,999,5.1.03.01.000004,-47536.1638
12/2023,999,5.1.03.01.000005,-69.75696
12/2023,999,5.1.03.01.000007,-0.62658
12/2023,999,5.1.03.02.000001,-29.77932
12/2023,999,5.1.04.01.000001,-72.94802
12/2023,999,5.1.04.01.000002,0.0
12/2023,999,5.1.04.01.000004,-6233.38968
12/2023,999,5.1.04.01.000005,-1.87974
12/2023,999,5.1.04.01.000006,-102.88479
12/2023,999,5.1.04.01.000007,0.0
12/2023,999,5.1.04.01.000010,0.0
12/2023,999,5.1.04.01.000011,-656.171
12/2023,999,5.1.04.01.000014,-13386.00206
12/2023,999,5.1.04.01.000015,-72.47413
12/2023,999,5.1.04.01.000016,-50.4
12/2023,999,5.1.04.01.000017,-48.29977
12/2023,999,5.1.04.02.000001,342.40343
12/2023,999,5.1.04.02.000002,61.12382
12/2023,999,5.1.04.02.000003,2.91396
12/2023,999,5.2.01.01.000001,-0.0
12/2023,999,5.9.01.01.000001,-230.17834
12/2023,999,5.9.01.01.000002,-1892.63191
12/2023,999,5.9.01.02.000001,-615.38428
12/2023,999,5.9.01.02.000002,-5233.31087
12/2024,6,3.1.01.01.000002,6989.26519
12/2024,6,3.1.01.01.000003,0.0
12/2024,6,3.1.02.02.000002,0.0
12/2024,6,3.1.02.02.000003,0.0
12/2024,6,3.1.02.02.000004,0.0
12/2024,6,3.1.02.02.000009,0.0
12/2024,6,3.1.02.02.000010,-139.78531
12/2024,6,3.1.03.02.000003,0.0
12/2024,6,3.2.01.01.000001,0.0
12/2024,6,4.1.01.01.000001,-1145.43151
12/2024,6,4.1.01.01.000002,-21.0205
12/2024,6,4.1.01.01.000003,-36.1506
12/2024,6,4.1.01.01.000008,-0.0322
12/2024,6,4.1.01.01.000009,-105.04153
12/2024,6,4.1.01.01.000010,-41.75901
12/2024,6,4.1.01.02.000001,-364.96621
12/2024,6,4.1.01.02.000002,-113.47158
12/2024,6,4.1.01.02.000003,0.0
12/2024,6,4.1.01.02.000004,0.0
12/2024,6,4.1.01.02.000006,-49.16628
12/2024,6,4.1.01.02.000007,0.0
12/2024,6,4.1.01.03.000001,-69.38791
12/2024,6,4.1.01.03.000003,-87.33966
12/2024,6,4.1.01.03.000004,-2.46758
12/2024,6,4.1.01.03.000006,-13.44
12/2024,6,4.1.01.03.000009,-89.78257
12/2024,6,4.1.01.03.000010,-6.972
12/2024,6,4.1.01.04.000004,-14.94666
12/2024,6,4.1.01.05.000001,-1.20195
12/2024,6,4.1.01.05.000002,0.0
12/2024,6,4.1.01.05.000003,-3.60884
12/2024,6,4.1.01.05.000006,-2289.87513
12/2024,6,4.1.01.06.000001,-4.752
12/2024,6,4.1.01.06.000002,0.0
12/2024,6,4.1.01.06.000004,0.0
12/2024,6,4.1.01.07.000007,-1.00619
12/2024,6,4.1.01.07.000012,-1.37186
12/2024,6,4.1.01.07.000013,-0.6
12/2024,6,4.1.01.07.000014,0.0
12/2024,6,4.1.01.07.000018,-1.3
12/2024,6,4.1.01.08.000001,0.0
12/2024,6,4.1.01.08.000004,-435.58535
12/2024,6,4.1.01.08.000005,0.0
12/2024,6,4.1.01.08.000006,0.0
12/2024,6,4.1.01.11.000002,-8.99547
12/2024,6,4.1.01.11.000007,-0.66592
12/2024,6,4.1.01.11.000008,0.0
12/2024,6,4.1.01.11.000009,-2.97258
12/2024,6,4.1.01.11.000025,0.0
12/2024,6,5.1.01.01.000001,-59.43708
12/2024,6,5.1.01.01.000003,0.0
12/2024,6,5.1.01.01.000004,-30.94259
12/2024,6,5.1.01.01.000023,-6.36887
12/2024,6,5.1.01.01.000024,-2.38833
12/2024,6,5.1.01.02.000001,-21.28005
12/2024,6,5.1.01.02.000002,-6.84684
12/2024,6,5.1.01.02.000003,-11.69009
12/2024,6,5.1.01.02.000004,0.0
12/2024,6,5.1.01.02.000005,0.0
12/2024,6,5.1.01.02.000007,0.0
12/2024,6,5.1.01.03.000001,-5.08877
12/2024,6,5.1.01.03.000004,-3.78975
12/2024,6,5.1.01.03.000006,0.0
12/2024,6,5.1.01.03.000009,-7.25393
12/2024,6,5.1.01.03.000010,-6.44971
12/2024,6,5.1.01.04.000001,0.0
12/2024,6,5.1.01.04.000002,0.0
12/2024,6,5.1.01.04.000004,-2.38832
12/2024,6,5.1.01.05.000001,-1.2296
12/2024,6,5.1.01.05.000002,0.0
12/2024,6,5.1.01.05.000006,-1.01217
12/2024,6,5.1.01.05.000009,-0.2115
12/2024,6,5.1.01.06.000001,-11.03472
12/2024,6,5.1.01.06.000004,0.0
12/2024,6,5.1.01.06.000007,0.0
12/2024,6,5.1.01.07.000007,0.0
12/2024,6,5.1.01.07.000012,0.0
12/2024,6,5.1.01.08.000001,0.0
12/2024,6,5.1.01.08.000004,0.0
12/2024,6,5.1.01.08.000005,0.0
12/2024,6,5.1.01.11.000001,0.0
12/2024,6,5.1.01.11.000002,0.0
12/2024,6,5.1.01.11.000005,0.0
12/2024,6,5.1.01.11.000006,-7.5654
12/2024,6,5.1.01.11.000007,-0.28913
12/2024,6,5.1.01.11.000008,-17.11443
12/2024,6,5.1.01.11.000009,0.0
12/2024,6,5.1.01.11.000012,0.0
12/2024,6,5.1.01.11.000014,0.0
12/2024,6,5.1.01.11.000015,0.0
12/2024,6,5.1.01.11.000016,-17.45393
12/2024,6,5.1.01.11.000017,-80.39383
12/2024,6,5.1.01.11.000021,0.0
12/2024,6,5.1.01.11.000022,0.0
12/2024,6,5.1.01.11.000025,0.0
12/2024,6,5.1.01.11.000026,-0.31107
12/2024,6,5.1.01.11.000027,-0.17478
12/2024,6,5.1.01.12.000001,0.0
12/2024,6,5.1.01.12.000009,0.0
12/2024,6,5.1.01.12.000011,0.0
12/2024,6,5.1.01.12.000020,0.0
12/2024,6,5.1.01.13.000001,-9.53941
12/2024,6,5.1.03.01.000001,-0.62801
12/2024,6,5.1.03.01.000002,-0.10959
12/2024,6,5.1.03.01.000004,-410.24649
12/2024,6,5.1.03.01.000007,-0.09817
12/2024,6,5.1.04.01.000001,-38.58862
12/2024,6,5.1.04.01.000004,-163.54821
12/2024,6,5.1.04.01.000005,0.0
12/2024,6,5.1.04.01.000006,-0.01592
12/2024,6,5.1.04.01.000013,0.0
12/2024,6,5.1.04.01.000014,-393.70692
12/2024,6,5.1.04.02.000001,0.02578
12/2024,6,5.1.04.02.000002,2.74528
12/2024,6,5.2.01.01.000001,-0.0
12/2024,7,3.1.01.01.000005,16789.23343
12/2024,7,3.1.02.01.000001,0.0
12/2024,7,3.2.01.01.000003,88.0
12/2024,7,3.2.01.02.000002,17.32065
12/2024,7,3.2.01.02.000003,0.0
12/2024,7,4.1.02.01.000001,-225.66031
12/2024,7,4.1.02.01.000003,-0.8249
12/2024,7,4.1.02.01.000008,1.97084
12/2024,7,4.1.02.01.000009,-26.78086
12/2024,7,4.1.02.01.000010,-65.52996
12/2024,7,4.1.02.02.000001,-76.29239
12/2024,7,4.1.02.02.000002,-20.20229
12/2024,7,4.1.02.02.000003,0.0
12/2024,7,4.1.02.02.000005,0.0
12/2024,7,4.1.02.02.000006,0.0
12/2024,7,4.1.02.02.000007,-3.04
12/2024,7,4.1.02.02.000008,0.0
12/2024,7,4.1.02.03.000001,-0.59535
12/2024,7,4.1.02.03.000004,-24.896
12/2024,7,4.1.02.03.000005,-58.86603
12/2024,7,4.1.02.03.000006,-4.588
12/2024,7,4.1.02.03.000009,-50.3381
12/2024,7,4.1.02.03.000010,-11.61206
12/2024,7,4.1.02.03.000013,0.0
12/2024,7,4.1.02.04.000003,-1.71525
12/2024,7,4.1.02.04.000004,-3.32996
12/2024,7,4.1.02.05.000001,-12.65405
12/2024,7,4.1.02.05.000002,-4.84435
12/2024,7,4.1.02.05.000003,-0.051
12/2024,7,4.1.02.05.000004,-0.999
12/2024,7,4.1.02.05.000005,-1.9784
12/2024,7,4.1.02.05.000006,-13302.00526
12/2024,7,4.1.02.05.000007,0.0
12/2024,7,4.1.02.05.000009,-12.26676
12/2024,7,4.1.02.05.000010,-4.4786
12/2024,7,4.1.02.06.000001,-15.13085
12/2024,7,4.1.02.06.000004,0.0
12/2024,7,4.1.02.07.000003,-63.99314
12/2024,7,4.1.02.07.000004,-1.68375
12/2024,7,4.1.02.07.000006,-1.92
12/2024,7,4.1.02.07.000007,-0.50207
12/2024,7,4.1.02.07.000010,-11.9085
12/2024,7,4.1.02.07.000016,-142.08232
12/2024,7,4.1.02.08.000001,-23.8801
12/2024,7,4.1.02.08.000002,-1.202
12/2024,7,4.1.02.08.000005,-18.84371
12/2024,7,5.1.01.04.000002,-0.345
12/2024,7,5.1.01.04.000003,-0.1785
12/2024,7,5.1.01.05.000005,0.0
12/2024,7,5.1.01.05.000009,-0.37063
12/2024,7,5.1.01.07.000007,0.0
12/2024,7,5.1.01.07.000010,-2.4004
12/2024,7,5.1.01.07.000015,-2.4
12/2024,7,5.1.01.07.000021,-0.24899
12/2024,7,5.1.01.09.000003,-2.0
12/2024,7,5.1.01.09.000008,-15.74351
12/2024,7,5.1.01.11.000001,-5.96266
12/2024,7,5.1.01.11.000005,0.0
12/2024,7,5.1.01.11.000006,-3.64138
12/2024,7,5.1.01.11.000007,-1.07265
12/2024,7,5.1.01.11.000008,-0.29362
12/2024,7,5.1.01.11.000016,-1.452
12/2024,7,5.1.01.11.000017,-6.688
12/2024,7,5.1.01.11.000027,-0.1573
12/2024,7,5.1.01.13.000001,-5.0
12/2024,7,5.1.02.01.000009,-2162.0
12/2024,7,5.1.02.01.000010,-2162.0
12/2024,7,5.1.02.01.000011,2162.0
12/2024,7,5.1.04.01.000001,-41.56244
12/2024,7,5.1.04.01.000002,-0.22003
12/2024,7,5.1.04.01.000003,-261.25227
12/2024,7,5.1.04.01.000004,-91.91145
12/2024,7,5.1.04.01.000005,-5.02635
12/2024,7,5.1.04.01.000006,-3.18466
12/2024,7,5.1.04.01.000014,-28.52429
12/2024,7,5.1.04.02.000001,0.13799
12/2024,7,5.1.04.02.000002,30.87033
12/2024,7,5.1.04.02.000003,0.25264
12/2024,7,5.2.01.01.000001,0.0
12/2024,7,5.9.01.01.000001,0.0
12/2024,7,5.9.01.02.000001,0.0
12/2024,999,3.1.01.01.000002,0.0
12/2024,999,3.1.01.01.000003,106.50233
12/2024,999,3.1.01.01.000004,46.86187
12/2024,999,3.1.01.01.000006,7.57935
12/2024,999,3.1.01.01.000008,0.0
12/2024,999,3.1.01.01.000009,0.0
12/2024,999,3.1.01.01.000010,0.0
12/2024,999,3.1.01.01.000011,0.0
12/2024,999,3.1.01.01.000012,0.0
12/2024,999,3.1.01.01.000013,104046.58411
12/2024,999,3.1.02.01.000001,-187.5
12/2024,999,3.1.02.02.000004,0.0
12/2024,999,3.1.02.02.000005,0.0
12/2024,999,3.1.02.02.000008,0.0
12/2024,999,3.1.02.02.000010,-2.30357
12/2024,999,3.1.02.02.000011,0.0
12/2024,999,3.1.02.02.000012,0.0
12/2024,999,3.1.02.02.000013,-4.6625
12/2024,999,3.1.02.02.000014,-2.33127
12/2024,999,3.1.03.01.000007,0.0
12/2024,999,3.1.03.01.000011,0.0
12/2024,999,3.1.03.02.000001,0.0
12/2024,999,3.1.03.02.000003,0.0
12/2024,999,3.1.03.02.000004,0.0
12/2024,999,3.2.01.01.000001,11180.5
12/2024,999,3.2.01.01.000005,16.834
12/2024,999,3.2.01.02.000001,0.0
12/2024,999,3.2.01.02.000002,361.9646
12/2024,999,3.2.01.02.000003,340.21623
12/2024,999,3.2.01.02.000004,159.27169
12/2024,999,3.2.01.02.000005,0.0
12/2024,999,3.2.01.02.000006,52.0
12/2024,999,3.2.01.03.000001,-0.0
12/2024,999,4.1.01.01.000001,-1561.21307
12/2024,999,4.1.01.01.000002,-3.2
12/2024,999,4.1.01.01.000003,-154.65531
12/2024,999,4.1.01.01.000004,0.0
12/2024,999,4.1.01.01.000006,0.0
12/2024,999,4.1.01.01.000007,0.0
12/2024,999,4.1.01.01.000009,-164.44303
12/2024,999,4.1.01.01.000010,-128.40536
12/2024,999,4.1.01.02.000001,-497.12695
12/2024,999,4.1.01.02.000002,-153.02149
12/2024,999,4.1.01.02.000003,-42.08271
12/2024,999,4.1.01.02.000004,0.0
12/2024,999,4.1.01.02.000005,0.0
12/2024,999,4.1.01.02.000007,-9.14008
12/2024,999,4.1.01.03.000001,-182.08954
12/2024,999,4.1.01.03.000003,0.0
12/2024,999,4.1.01.03.000004,-114.38252
12/2024,999,4.1.01.03.000005,-531.62524
12/2024,999,4.1.01.03.000006,-15.31749
12/2024,999,4.1.01.03.000008,-0.56848
12/2024,999,4.1.01.03.000009,-284.7162
12/2024,999,4.1.01.03.000010,-1.50141
12/2024,999,4.1.01.03.000013,0.0
12/2024,999,4.1.01.04.000002,-1.38445
12/2024,999,4.1.01.04.000004,-296.76724
12/2024,999,4.1.01.05.000001,-18.86572
12/2024,999,4.1.01.05.000002,-29.09234
12/2024,999,4.1.01.05.000003,-1.30691
12/2024,999,4.1.01.05.000004,-24.7655
12/2024,999,4.1.01.05.000005,-12.69601
12/2024,999,4.1.01.05.000006,-1265.55908
12/2024,999,4.1.01.05.000007,-92.49839
12/2024,999,4.1.01.05.000008,-0.0899
12/2024,999,4.1.01.05.000009,0.0
12/2024,999,4.1.01.06.000001,-189.58562
12/2024,999,4.1.01.06.000002,-124.64313
12/2024,999,4.1.01.06.000003,0.0
12/2024,999,4.1.01.06.000004,-511.9437
12/2024,999,4.1.01.06.000007,0.0
12/2024,999,4.1.01.07.000001,-3.2758
12/2024,999,4.1.01.07.000002,-1.67795
12/2024,999,4.1.01.07.000003,-235.19619
12/2024,999,4.1.01.07.000004,-182.8697
12/2024,999,4.1.01.07.000005,-266.49895
12/2024,999,4.1.01.07.000006,-31.15
12/2024,999,4.1.01.07.000007,-77.7713
12/2024,999,4.1.01.07.000008,-2.78978
12/2024,999,4.1.01.07.000009,0.0
12/2024,999,4.1.01.07.000010,-73.9154
12/2024,999,4.1.01.07.000011,0.0
12/2024,999,4.1.01.07.000012,-69.86505
12/2024,999,4.1.01.07.000013,-122.16167
12/2024,999,4.1.01.07.000014,-618.23496
12/2024,999,4.1.01.07.000015,0.0
12/2024,999,4.1.01.07.000016,-156.0
12/2024,999,4.1.01.07.000017,0.0
12/2024,999,4.1.01.07.000018,-0.75
12/2024,999,4.1.01.07.000019,-9.32911
12/2024,999,4.1.01.07.000020,0.0
12/2024,999,4.1.01.08.000001,-42.11219
12/2024,999,4.1.01.08.000002,0.0
12/2024,999,4.1.01.08.000003,-0.52899
12/2024,999,4.1.01.08.000004,-6901.57649
12/2024,999,4.1.01.08.000005,-101.54617
12/2024,999,4.1.01.08.000007,0.0
12/2024,999,4.1.01.08.000008,0.0
12/2024,999,4.1.01.09.000004,-269.58588
12/2024,999,4.1.01.09.000006,-0.76989
12/2024,999,4.1.01.10.000001,0.0
12/2024,999,4.1.01.10.000003,0.0
12/2024,999,4.1.01.10.000004,0.0
12/2024,999,4.1.01.10.000005,0.0
12/2024,999,4.1.01.11.000002,-1615.61891
12/2024,999,4.1.01.11.000003,0.0
12/2024,999,4.1.01.11.000004,0.0
12/2024,999,4.1.01.11.000007,0.0
12/2024,999,4.1.01.11.000009,-424.80116
12/2024,999,4.1.01.11.000010,0.0
12/2024,999,4.1.01.11.000017,0.0
12/2024,999,4.1.01.11.000019,-8.14085
12/2024,999,4.1.01.11.000020,-7.31408
12/2024,999,4.1.01.11.000021,0.0
12/2024,999,4.1.01.11.000025,-10.73549
12/2024,999,4.1.01.11.000026,0.0
12/2024,999,4.1.01.12.000001,-182.28409
12/2024,999,4.1.01.12.000002,-45.04793
12/2024,999,4.1.01.13.000001,0.0
12/2024,999,4.1.01.13.000002,0.0
12/2024,999,4.1.01.13.000003,0.0
12/2024,999,4.1.01.13.000004,0.0
12/2024,999,4.1.01.13.000005,0.0
12/2024,999,5.1.01.01.000001,-1222.51383
12/2024,999,5.1.01.01.000003,0.0
12/2024,999,5.1.01.01.000004,-89.37373
12/2024,999,5.1.01.01.000005,0.0
12/2024,999,5.1.01.01.000008,0.0
12/2024,999,5.1.01.01.000012,-15.53456
12/2024,999,5.1.01.01.000020,0.0
12/2024,999,5.1.01.01.000021,0.0
12/2024,999,5.1.01.01.000022,0.0
12/2024,999,5.1.01.01.000023,-110.12135
12/2024,999,5.1.01.01.000024,-94.34624
12/2024,999,5.1.01.02.000001,-390.13269
12/2024,999,5.1.01.02.000002,-118.46436
12/2024,999,5.1.01.02.000003,-24.87722
12/2024,999,5.1.01.02.000005,0.0
12/2024,999,5.1.01.02.000006,0.0
12/2024,999,5.1.01.02.000007,0.0
12/2024,999,5.1.01.02.000020,0.0
12/2024,999,5.1.01.02.000021,0.0
12/2024,999,5.1.01.02.000022,0.0
12/2024,999,5.1.01.03.000001,-106.61818
12/2024,999,5.1.01.03.000004,-51.39175
12/2024,999,5.1.01.03.000006,-3.995
12/2024,999,5.1.01.03.000008,-5.48369
12/2024,999,5.1.01.03.000009,-167.37721
12/2024,999,5.1.01.03.000010,-94.08933
12/2024,999,5.1.01.03.000012,0.0
12/2024,999,5.1.01.03.000013,0.0
12/2024,999,5.1.01.03.000014,0.0
12/2024,999,5.1.01.04.000001,0.0
12/2024,999,5.1.01.04.000002,-19.64012
12/2024,999,5.1.01.04.000003,0.0
12/2024,999,5.1.01.04.000004,-266.77909
12/2024,999,5.1.01.05.000001,-51.60174
12/2024,999,5.1.01.05.000002,-1.55469
12/2024,999,5.1.01.05.000003,-1.72026
12/2024,999,5.1.01.05.000004,-12.70517
12/2024,999,5.1.01.05.000005,-8.24928
12/2024,999,5.1.01.05.000006,-77.7309
12/2024,999,5.1.01.05.000007,-3602.91542
12/2024,999,5.1.01.05.000009,-2.02933
12/2024,999,5.1.01.05.000010,0.0
12/2024,999,5.1.01.06.000001,-313.85071
12/2024,999,5.1.01.06.000002,0.0
12/2024,999,5.1.01.06.000003,0.0
12/2024,999,5.1.01.06.000004,-183.089
12/2024,999,5.1.01.06.000005,0.0
12/2024,999,5.1.01.06.000006,-198.0612
12/2024,999,5.1.01.06.000008,0.0
12/2024,999,5.1.01.07.000001,0.0
12/2024,999,5.1.01.07.000002,0.0
12/2024,999,5.1.01.07.000003,0.0
12/2024,999,5.1.01.07.000004,0.0
12/2024,999,5.1.01.07.000005,-6.92665
12/2024,999,5.1.01.07.000007,0.0
12/2024,999,5.1.01.07.000008,0.0
12/2024,999,5.1.01.07.000010,-217.14302
12/2024,999,5.1.01.07.000014,0.0
12/2024,999,5.1.01.07.000015,-4.32
12/2024,999,5.1.01.07.000020,0.0
12/2024,999,5.1.01.07.000021,-2.1124
12/2024,999,5.1.01.08.000001,-6.87679
12/2024,999,5.1.01.08.000002,-1.59
12/2024,999,5.1.01.08.000003,0.0
12/2024,999,5.1.01.08.000004,-40.0785
12/2024,999,5.1.01.08.000005,-13619.64414
12/2024,999,5.1.01.09.000001,0.0
12/2024,999,5.1.01.09.000003,-44.4028
12/2024,999,5.1.01.09.000005,0.0
12/2024,999,5.1.01.09.000007,0.0
12/2024,999,5.1.01.09.000008,-1.36455
12/2024,999,5.1.01.10.000002,0.0
12/2024,999,5.1.01.10.000003,0.0
12/2024,999,5.1.01.10.000004,0.0
12/2024,999,5.1.01.11.000001,-6.17541
12/2024,999,5.1.01.11.000003,0.0
12/2024,999,5.1.01.11.000004,0.0
12/2024,999,5.1.01.11.000006,-68.33539
12/2024,999,5.1.01.11.000007,-28.18697
12/2024,999,5.1.01.11.000008,-12.59747
12/2024,999,5.1.01.11.000010,-38.96846
12/2024,999,5.1.01.11.000012,0.0
12/2024,999,5.1.01.11.000013,0.0
12/2024,999,5.1.01.11.000014,0.0
12/2024,999,5.1.01.11.000015,0.0
12/2024,999,5.1.01.11.000021,0.0
12/2024,999,5.1.01.11.000022,0.0
12/2024,999,5.1.01.11.000025,0.0
12/2024,999,5.1.01.11.000026,0.0
12/2024,999,5.1.01.11.000027,-0.62445
12/2024,999,5.1.01.11.000030,0.0
12/2024,999,5.1.01.11.000031,-268.59754
12/2024,999,5.1.01.12.000003,0.0
12/2024,999,5.1.01.12.000008,0.0
12/2024,999,5.1.01.12.000009,0.0
12/2024,999,5.1.01.12.000019,0.0
12/2024,999,5.1.01.13.000001,-18.04195
12/2024,999,5.1.01.14.000001,0.0
12/2024,999,5.1.01.14.000002,0.0
12/2024,999,5.1.01.14.000003,-939.33823
12/2024,999,5.1.02.01.000006,0.0
12/2024,999,5.1.02.01.000009,-18192.06149
12/2024,999,5.1.02.01.000010,-674.31519
12/2024,999,5.1.02.01.000011,0.0
12/2024,999,5.1.02.01.000012,18.0
12/2024,999,5.1.03.01.000001,-90.73267
12/2024,999,5.1.03.01.000002,-11.06861
12/2024,999,5.1.03.01.000003,-376.696
12/2024,999,5.1.03.01.000004,-31101.98223
12/2024,999,5.1.03.01.000005,-39.74211
12/2024,999,5.1.03.01.000007,-2.85674
12/2024,999,5.1.03.02.000001,-48.21017
12/2024,999,5.1.04.01.000001,-127.28989
12/2024,999,5.1.04.01.000002,0.0
12/2024,999,5.1.04.01.000004,-2795.62325
12/2024,999,5.1.04.01.000005,-24.47476
12/2024,999,5.1.04.01.000006,-467.79023
12/2024,999,5.1.04.01.000007,0.0
12/2024,999,5.1.04.01.000009,0.0
12/2024,999,5.1.04.01.000010,0.0
12/2024,999,5.1.04.01.000011,0.0
12/2024,999,5.1.04.01.000014,-11006.75267
12/2024,999,5.1.04.01.000015,-7.90195
12/2024,999,5.1.04.01.000016,-1.4485
12/2024,999,5.1.04.01.000017,-916.37467
12/2024,999,5.1.04.02.000001,314.46966
12/2024,999,5.1.04.02.000002,25.68124
12/2024,999,5.1.04.02.000003,0.16344
12/2024,999,5.2.01.01.000001,0.0
12/2024,999,5.9.01.01.000001,-71.13919
12/2024,999,5.9.01.01.000002,-904.13539
12/2024,999,5.9.01.02.000001,-197.60886
12/2024,999,5.9.01.02.000002,-2487.48718
12/2025,6,3.1.01.01.000002,4730.55515
12/2025,6,3.1.01.01.000003,0.0
12/2025,6,3.1.01.01.000013,756.11224
12/2025,6,3.1.02.02.000002,0.0
12/2025,6,3.1.02.02.000003,0.0
12/2025,6,3.1.02.02.000004,0.0
12/2025,6,3.1.02.02.000009,0.0
12/2025,6,3.1.02.02.000010,-92.02841
12/2025,6,3.1.03.02.000003,0.0
12/2025,6,3.1.03.03.000001,66.5649
12/2025,6,3.2.01.01.000001,0.0
12/2025,6,3.2.01.02.000002,1.9094
12/2025,6,4.1.01.01.000001,-814.60748
12/2025,6,4.1.01.01.000002,-39.5
12/2025,6,4.1.01.01.000003,-289.3856
12/2025,6,4.1.01.01.000006,-6.00551
12/2025,6,4.1.01.01.000008,0.0
12/2025,6,4.1.01.01.000009,-56.80063
12/2025,6,4.1.01.01.000010,-31.36203
12/2025,6,4.1.01.02.000001,-238.06856
12/2025,6,4.1.01.02.000002,-97.50717
12/2025,6,4.1.01.02.000003,-68.54563
12/2025,6,4.1.01.02.000004,0.0
12/2025,6,4.1.01.02.000006,0.0
12/2025,6,4.1.01.02.000007,0.0
12/2025,6,4.1.01.03.000001,-54.90657
12/2025,6,4.1.01.03.000003,-8.01447
12/2025,6,4.1.01.03.000004,-6.35439
12/2025,6,4.1.01.03.000006,-23.107
12/2025,6,4.1.01.03.000009,-100.33246
12/2025,6,4.1.01.03.000010,-5.22
12/2025,6,4.1.01.04.000004,-21.19944
12/2025,6,4.1.01.05.000001,0.0
12/2025,6,4.1.01.05.000002,0.0
12/2025,6,4.1.01.05.000003,0.0
12/2025,6,4.1.01.05.000006,-1487.97486
12/2025,6,4.1.01.06.000001,-23.39323
12/2025,6,4.1.01.06.000002,-0.678
12/2025,6,4.1.01.06.000004,-19.93218
12/2025,6,4.1.01.07.000007,-7.26652
12/2025,6,4.1.01.07.000012,-4.3418
12/2025,6,4.1.01.07.000013,0.0
12/2025,6,4.1.01.07.000014,0.0
12/2025,6,4.1.01.07.000018,0.0
12/2025,6,4.1.01.08.000001,0.0
12/2025,6,4.1.01.08.000004,-479.33683
12/2025,6,4.1.01.08.000005,0.0
12/2025,6,4.1.01.08.000006,0.0
12/2025,6,4.1.01.11.000002,-306.56889
12/2025,6,4.1.01.11.000007,0.0
12/2025,6,4.1.01.11.000008,0.0
12/2025,6,4.1.01.11.000009,-6.22947
12/2025,6,4.1.01.11.000025,0.0
12/2025,6,5.1.01.01.000001,-3.85289
12/2025,6,5.1.01.01.000003,0.0
12/2025,6,5.1.01.01.000004,0.0
12/2025,6,5.1.01.01.000023,0.0
12/2025,6,5.1.01.01.000024,0.0
12/2025,6,5.1.01.02.000001,0.0
12/2025,6,5.1.01.02.000002,0.0
12/2025,6,5.1.01.02.000003,0.0
12/2025,6,5.1.01.02.000004,0.0
12/2025,6,5.1.01.02.000005,0.0
12/2025,6,5.1.01.02.000007,0.0
12/2025,6,5.1.01.03.000001,0.0
12/2025,6,5.1.01.03.000004,0.0
12/2025,6,5.1.01.03.000006,0.0
12/2025,6,5.1.01.03.000009,0.0
12/2025,6,5.1.01.03.000010,0.0
12/2025,6,5.1.01.04.000001,0.0
12/2025,6,5.1.01.04.000002,0.0
12/2025,6,5.1.01.04.000004,0.0
12/2025,6,5.1.01.05.000001,-0.06
12/2025,6,5.1.01.05.000002,0.0
12/2025,6,5.1.01.05.000006,0.0
12/2025,6,5.1.01.05.000009,-0.235
12/2025,6,5.1.01.06.000001,0.0
12/2025,6,5.1.01.06.000004,0.0
12/2025,6,5.1.01.06.000007,0.0
12/2025,6,5.1.01.07.000007,0.0
12/2025,6,5.1.01.07.000012,0.0
12/2025,6,5.1.01.08.000001,0.0
12/2025,6,5.1.01.08.000004,0.0
12/2025,6,5.1.01.08.000005,0.0
12/2025,6,5.1.01.11.000001,0.0
12/2025,6,5.1.01.11.000002,0.0
12/2025,6,5.1.01.11.000005,0.0
12/2025,6,5.1.01.11.000006,0.0
12/2025,6,5.1.01.11.000007,-2.5314
12/2025,6,5.1.01.11.000008,-47.53014
12/2025,6,5.1.01.11.000009,0.0
12/2025,6,5.1.01.11.000012,0.0
12/2025,6,5.1.01.11.000014,0.0
12/2025,6,5.1.01.11.000015,0.0
12/2025,6,5.1.01.11.000016,-24.03397
12/2025,6,5.1.01.11.000017,-110.70192
12/2025,6,5.1.01.11.000021,0.0
12/2025,6,5.1.01.11.000022,0.0
12/2025,6,5.1.01.11.000025,0.0
12/2025,6,5.1.01.11.000026,-8.89731
12/2025,6,5.1.01.11.000027,-0.16354
12/2025,6,5.1.01.12.000001,0.0
12/2025,6,5.1.01.12.000009,0.0
12/2025,6,5.1.01.12.000011,0.0
12/2025,6,5.1.01.12.000020,0.0
12/2025,6,5.1.01.13.000001,0.0
12/2025,6,5.1.03.01.000001,-0.62808
12/2025,6,5.1.03.01.000002,-0.10956
12/2025,6,5.1.03.01.000004,-36.0
12/2025,6,5.1.03.01.000007,-0.17292
12/2025,6,5.1.04.01.000001,-11.80155
12/2025,6,5.1.04.01.000004,-306.62616
12/2025,6,5.1.04.01.000005,0.0
12/2025,6,5.1.04.01.000006,-0.06597
12/2025,6,5.1.04.01.000011,-160.0
12/2025,6,5.1.04.01.000013,0.0
12/2025,6,5.1.04.01.000014,-184.35778
12/2025,6,5.1.04.02.000001,0.09937
12/2025,6,5.1.04.02.000002,0.27777
12/2025,6,5.1.04.02.000003,55.70942
12/2025,6,5.2.01.01.000001,0.0
12/2025,7,3.1.01.01.000005,22549.86828
12/2025,7,3.1.02.01.000001,0.0
12/2025,7,3.2.01.01.000003,87.0
12/2025,7,3.2.01.02.000002,19.73962
12/2025,7,3.2.01.02.000003,0.0
12/2025,7,4.1.01.08.000005,-6.83661
12/2025,7,4.1.02.01.000001,-237.7441
12/2025,7,4.1.02.01.000003,0.0
12/2025,7,4.1.02.01.000008,0.0
12/2025,7,4.1.02.01.000009,-29.34514
12/2025,7,4.1.02.01.000010,-35.78484
12/2025,7,4.1.02.02.000001,-78.31957
12/2025,7,4.1.02.02.000002,-27.68101
12/2025,7,4.1.02.02.000003,0.0
12/2025,7,4.1.02.02.000005,0.0
12/2025,7,4.1.02.02.000006,-10.6091
12/2025,7,4.1.02.02.000007,-2.4
12/2025,7,4.1.02.02.000008,0.0
12/2025,7,4.1.02.03.000001,0.0
12/2025,7,4.1.02.03.000004,-22.98564
12/2025,7,4.1.02.03.000005,0.0
12/2025,7,4.1.02.03.000006,-6.62
12/2025,7,4.1.02.03.000009,-38.876
12/2025,7,4.1.02.03.000010,0.0
12/2025,7,4.1.02.03.000013,0.0
12/2025,7,4.1.02.04.000003,-45.52539
12/2025,7,4.1.02.04.000004,0.0
12/2025,7,4.1.02.05.000001,-7.66783
12/2025,7,4.1.02.05.000002,-3.77821
12/2025,7,4.1.02.05.000003,-2.9895
12/2025,7,4.1.02.05.000004,-1.337
12/2025,7,4.1.02.05.000005,-3.14955
12/2025,7,4.1.02.05.000006,-16666.51215
12/2025,7,4.1.02.05.000007,0.0
12/2025,7,4.1.02.05.000009,-13.68002
12/2025,7,4.1.02.05.000010,0.0
12/2025,7,4.1.02.06.000001,-23.9882
12/2025,7,4.1.02.06.000004,0.0
12/2025,7,4.1.02.07.000003,-72.79028
12/2025,7,4.1.02.07.000004,-1.67135
12/2025,7,4.1.02.07.000006,-7.12
12/2025,7,4.1.02.07.000007,0.0
12/2025,7,4.1.02.07.000010,0.0
12/2025,7,4.1.02.07.000016,-151.21218
12/2025,7,4.1.02.08.000001,-28.38913
12/2025,7,4.1.02.08.000002,-0.15
12/2025,7,4.1.02.08.000005,-37.08476
12/2025,7,5.1.01.04.000002,-0.179
12/2025,7,5.1.01.04.000003,0.0
12/2025,7,5.1.01.05.000001,-0.0717
12/2025,7,5.1.01.05.000003,-0.18
12/2025,7,5.1.01.05.000005,0.0
12/2025,7,5.1.01.05.000009,-0.3555
12/2025,7,5.1.01.07.000007,0.0
12/2025,7,5.1.01.07.000010,-17.1715
12/2025,7,5.1.01.07.000015,-2.4
12/2025,7,5.1.01.07.000021,-0.5
12/2025,7,5.1.01.08.000005,-0.75
12/2025,7,5.1.01.09.000003,-1.581
12/2025,7,5.1.01.09.000008,0.0
12/2025,7,5.1.01.11.000001,-6.41208
12/2025,7,5.1.01.11.000005,0.0
12/2025,7,5.1.01.11.000006,-3.08278
12/2025,7,5.1.01.11.000007,-0.72693
12/2025,7,5.1.01.11.000008,-0.72282
12/2025,7,5.1.01.11.000016,-1.4355
12/2025,7,5.1.01.11.000017,-6.612
12/2025,7,5.1.01.11.000027,-0.16354
12/2025,7,5.1.01.13.000001,0.0
12/2025,7,5.1.01.14.000003,-3910.18876
12/2025,7,5.1.02.01.000009,-255.31351
12/2025,7,5.1.02.01.000010,0.0
12/2025,7,5.1.02.01.000011,0.0
12/2025,7,5.1.04.01.000001,-40.68813
12/2025,7,5.1.04.01.000002,-404.22676
12/2025,7,5.1.04.01.000003,0.0
12/2025,7,5.1.04.01.000004,-81.39611
12/2025,7,5.1.04.01.000005,-0.86557
12/2025,7,5.1.04.01.000006,-0.11323
12/2025,7,5.1.04.01.000014,0.0
12/2025,7,5.1.04.02.000001,0.13284
12/2025,7,5.1.04.02.000002,0.14178
12/2025,7,5.1.04.02.000003,7.17706
12/2025,7,5.2.01.01.000001,0.0
12/2025,7,5.9.01.01.000001,0.0
12/2025,7,5.9.01.02.000001,0.0
12/2025,999,3.1.01.01.000002,0.0
12/2025,999,3.1.01.01.000003,495.7963
12/2025,999,3.1.01.01.000004,511.03772
12/2025,999,3.1.01.01.000006,25.37226
12/2025,999,3.1.01.01.000008,0.0
12/2025,999,3.1.01.01.000009,0.0
12/2025,999,3.1.01.01.000010,0.0
12/2025,999,3.1.01.01.000011,0.0
12/2025,999,3.1.01.01.000012,0.0
12/2025,999,3.1.01.01.000013,96826.24836
12/2025,999,3.1.02.01.000001,-100.5022
12/2025,999,3.1.02.02.000004,0.0
12/2025,999,3.1.02.02.000005,0.0
12/2025,999,3.1.02.02.000008,0.0
12/2025,999,3.1.02.02.000010,-0.99983
12/2025,999,3.1.02.02.000011,0.0
12/2025,999,3.1.02.02.000012,0.0
12/2025,999,3.1.02.02.000013,-3.25155
12/2025,999,3.1.02.02.000014,-1.62577
12/2025,999,3.1.03.01.000007,0.0
12/2025,999,3.1.03.01.000011,0.0
12/2025,999,3.1.03.02.000001,0.0
12/2025,999,3.1.03.02.000003,0.0
12/2025,999,3.1.03.02.000004,0.0
12/2025,999,3.1.03.03.000001,297.73229
12/2025,999,3.2.01.01.000001,20911.98399
12/2025,999,3.2.01.01.000005,14.07375
12/2025,999,3.2.01.02.000001,0.0
12/2025,999,3.2.01.02.000002,55.33788
12/2025,999,3.2.01.02.000003,0.3
12/2025,999,3.2.01.02.000004,0.0
12/2025,999,3.2.01.02.000005,267.405
12/2025,999,3.2.01.02.000006,2567.03572
12/2025,999,3.2.01.03.000001,0.0
12/2025,999,4.1.01.01.000001,-1537.54913
12/2025,999,4.1.01.01.000002,-19.24381
12/2025,999,4.1.01.01.000003,-203.07467
12/2025,999,4.1.01.01.000004,0.0
12/2025,999,4.1.01.01.000006,-0.27324
12/2025,999,4.1.01.01.000007,0.0
12/2025,999,4.1.01.01.000009,-147.43392
12/2025,999,4.1.01.01.000010,-116.64639
12/2025,999,4.1.01.02.000001,-515.03394
12/2025,999,4.1.01.02.000002,-143.49658
12/2025,999,4.1.01.02.000003,-73.33236
12/2025,999,4.1.01.02.000004,0.0
12/2025,999,4.1.01.02.000005,0.0
12/2025,999,4.1.01.02.000007,-8.94907
12/2025,999,4.1.01.03.000001,-241.35256
12/2025,999,4.1.01.03.000003,0.0
12/2025,999,4.1.01.03.000004,-143.47499
12/2025,999,4.1.01.03.000005,0.0
12/2025,999,4.1.01.03.000006,-25.0591
12/2025,999,4.1.01.03.000008,-3.53225
12/2025,999,4.1.01.03.000009,-290.90755
12/2025,999,4.1.01.03.000010,-1.12461
12/2025,999,4.1.01.03.000013,0.0
12/2025,999,4.1.01.04.000002,0.0
12/2025,999,4.1.01.04.000004,-304.817
12/2025,999,4.1.01.05.000001,-4.7327
12/2025,999,4.1.01.05.000002,-24.09801
12/2025,999,4.1.01.05.000003,-2.62218
12/2025,999,4.1.01.05.000004,-13.23435
12/2025,999,4.1.01.05.000005,-15.51094
12/2025,999,4.1.01.05.000006,-1240.30843
12/2025,999,4.1.01.05.000007,-20.39909
12/2025,999,4.1.01.05.000008,0.0
12/2025,999,4.1.01.05.000009,-8.44501
12/2025,999,4.1.01.06.000001,-464.11855
12/2025,999,4.1.01.06.000002,-225.68588
12/2025,999,4.1.01.06.000003,0.0
12/2025,999,4.1.01.06.000004,-1222.14876
12/2025,999,4.1.01.06.000007,-0.65693
12/2025,999,4.1.01.07.000001,-4.46334
12/2025,999,4.1.01.07.000002,-1.94599
12/2025,999,4.1.01.07.000003,-191.94013
12/2025,999,4.1.01.07.000004,-413.87742
12/2025,999,4.1.01.07.000005,-30.53332
12/2025,999,4.1.01.07.000006,-30.93
12/2025,999,4.1.01.07.000007,-32.92778
12/2025,999,4.1.01.07.000008,-1.619
12/2025,999,4.1.01.07.000009,0.0
12/2025,999,4.1.01.07.000010,-13.424
12/2025,999,4.1.01.07.000011,0.0
12/2025,999,4.1.01.07.000012,-54.77397
12/2025,999,4.1.01.07.000013,-178.74523
12/2025,999,4.1.01.07.000014,-404.66698
12/2025,999,4.1.01.07.000015,-16.34814
12/2025,999,4.1.01.07.000016,-165.0
12/2025,999,4.1.01.07.000017,-0.5
12/2025,999,4.1.01.07.000018,-2.535
12/2025,999,4.1.01.07.000019,-51.64889
12/2025,999,4.1.01.07.000020,0.0
12/2025,999,4.1.01.08.000001,-151.70569
12/2025,999,4.1.01.08.000002,-0.385
12/2025,999,4.1.01.08.000003,-8.819
12/2025,999,4.1.01.08.000004,-10399.15191
12/2025,999,4.1.01.08.000005,-103.86243
12/2025,999,4.1.01.08.000007,-4.464
12/2025,999,4.1.01.08.000008,-1.6
12/2025,999,4.1.01.09.000004,-366.22231
12/2025,999,4.1.01.09.000006,0.0
12/2025,999,4.1.01.10.000001,-0.2705
12/2025,999,4.1.01.10.000003,0.0
12/2025,999,4.1.01.10.000004,0.0
12/2025,999,4.1.01.10.000005,0.0
12/2025,999,4.1.01.11.000002,-1500.26147
12/2025,999,4.1.01.11.000003,0.0
12/2025,999,4.1.01.11.000004,-23.8735
12/2025,999,4.1.01.11.000007,0.0
12/2025,999,4.1.01.11.000009,-521.10655
12/2025,999,4.1.01.11.000010,0.0
12/2025,999,4.1.01.11.000017,0.0
12/2025,999,4.1.01.11.000019,0.0
12/2025,999,4.1.01.11.000020,-48.43114
12/2025,999,4.1.01.11.000021,0.0
12/2025,999,4.1.01.11.000025,0.0
12/2025,999,4.1.01.11.000026,0.0
12/2025,999,4.1.01.12.000001,-241.49351
12/2025,999,4.1.01.12.000002,-4.59314
12/2025,999,4.1.01.13.000001,-0.35476
12/2025,999,4.1.01.13.000002,0.0
12/2025,999,4.1.01.13.000003,0.0
12/2025,999,4.1.01.13.000004,0.0
12/2025,999,4.1.01.13.000005,0.0
12/2025,999,5.1.01.01.000001,-938.16539
12/2025,999,5.1.01.01.000003,0.0
12/2025,999,5.1.01.01.000004,-101.45668
12/2025,999,5.1.01.01.000005,0.0
12/2025,999,5.1.01.01.000008,0.0
12/2025,999,5.1.01.01.000012,-10.6324
12/2025,999,5.1.01.01.000020,0.0
12/2025,999,5.1.01.01.000021,0.0
12/2025,999,5.1.01.01.000022,0.0
12/2025,999,5.1.01.01.000023,-74.25564
12/2025,999,5.1.01.01.000024,-65.12105
12/2025,999,5.1.01.02.000001,-285.1642
12/2025,999,5.1.01.02.000002,-89.01517
12/2025,999,5.1.01.02.000003,-32.63562
12/2025,999,5.1.01.02.000005,0.0
12/2025,999,5.1.01.02.000006,0.0
12/2025,999,5.1.01.02.000007,0.0
12/2025,999,5.1.01.02.000020,0.0
12/2025,999,5.1.01.02.000021,0.0
12/2025,999,5.1.01.02.000022,0.0
12/2025,999,5.1.01.03.000001,-104.22846
12/2025,999,5.1.01.03.000004,0.46239
12/2025,999,5.1.01.03.000006,-2.759
12/2025,999,5.1.01.03.000008,-19.97931
12/2025,999,5.1.01.03.000009,-46.812
12/2025,999,5.1.01.03.000010,-7.125
12/2025,999,5.1.01.03.000012,0.0
12/2025,999,5.1.01.03.000013,-0.10958
12/2025,999,5.1.01.03.000014,0.0
12/2025,999,5.1.01.04.000001,-3.6
12/2025,999,5.1.01.04.000002,-16.90219
12/2025,999,5.1.01.04.000003,0.0
12/2025,999,5.1.01.04.000004,-68.06807
12/2025,999,5.1.01.05.000001,-9.55443
12/2025,999,5.1.01.05.000002,-3.91165
12/2025,999,5.1.01.05.000003,0.0
12/2025,999,5.1.01.05.000004,-15.377
12/2025,999,5.1.01.05.000005,-1.60211
12/2025,999,5.1.01.05.000006,-119.24639
12/2025,999,5.1.01.05.000007,0.0
12/2025,999,5.1.01.05.000009,-2.06912
12/2025,999,5.1.01.05.000010,-0.36
12/2025,999,5.1.01.06.000001,-57.13485
12/2025,999,5.1.01.06.000002,0.0
12/2025,999,5.1.01.06.000003,0.0
12/2025,999,5.1.01.06.000004,-324.72714
12/2025,999,5.1.01.06.000005,0.0
12/2025,999,5.1.01.06.000006,-194.74397
12/2025,999,5.1.01.06.000008,0.0
12/2025,999,5.1.01.07.000001,0.0
12/2025,999,5.1.01.07.000002,0.0
12/2025,999,5.1.01.07.000003,-45.08605
12/2025,999,5.1.01.07.000004,0.0
12/2025,999,5.1.01.07.000005,-0.53311
12/2025,999,5.1.01.07.000007,0.0
12/2025,999,5.1.01.07.000008,0.0
12/2025,999,5.1.01.07.000010,-198.37789
12/2025,999,5.1.01.07.000014,0.0
12/2025,999,5.1.01.07.000015,-4.32
12/2025,999,5.1.01.07.000020,-17.9738
12/2025,999,5.1.01.07.000021,-0.07074
12/2025,999,5.1.01.08.000001,-10.38
12/2025,999,5.1.01.08.000002,0.0
12/2025,999,5.1.01.08.000003,0.0
12/2025,999,5.1.01.08.000004,-19.67675
12/2025,999,5.1.01.08.000005,-7295.92724
12/2025,999,5.1.01.09.000001,0.0
12/2025,999,5.1.01.09.000003,-24.0
12/2025,999,5.1.01.09.000005,0.0
12/2025,999,5.1.01.09.000007,0.0
12/2025,999,5.1.01.09.000008,0.0
12/2025,999,5.1.01.10.000002,0.0
12/2025,999,5.1.01.10.000003,0.0
12/2025,999,5.1.01.10.000004,0.0
12/2025,999,5.1.01.11.000001,-19.58305
12/2025,999,5.1.01.11.000003,0.0
12/2025,999,5.1.01.11.000004,0.0
12/2025,999,5.1.01.11.000006,-44.48966
12/2025,999,5.1.01.11.000007,-629.64875
12/2025,999,5.1.01.11.000008,-63.98597
12/2025,999,5.1.01.11.000010,-14.81698
12/2025,999,5.1.01.11.000012,0.0
12/2025,999,5.1.01.11.000013,0.0
12/2025,999,5.1.01.11.000014,0.0
12/2025,999,5.1.01.11.000015,0.0
12/2025,999,5.1.01.11.000021,-4.08973
12/2025,999,5.1.01.11.000022,0.0
12/2025,999,5.1.01.11.000025,0.0
12/2025,999,5.1.01.11.000026,0.0
12/2025,999,5.1.01.11.000027,-4.60604
12/2025,999,5.1.01.11.000030,-8.54405
12/2025,999,5.1.01.11.000031,-154.69676
12/2025,999,5.1.01.12.000003,0.0
12/2025,999,5.1.01.12.000008,0.0
12/2025,999,5.1.01.12.000009,0.0
12/2025,999,5.1.01.12.000019,0.0
12/2025,999,5.1.01.12.000021,-118.99649
12/2025,999,5.1.01.13.000001,0.0
12/2025,999,5.1.01.14.000001,0.0
12/2025,999,5.1.01.14.000002,0.0
12/2025,999,5.1.01.14.000003,-14185.88066
12/2025,999,5.1.02.01.000006,0.0
12/2025,999,5.1.02.01.000009,-16932.48589
12/2025,999,5.1.02.01.000010,-959.59622
12/2025,999,5.1.02.01.000011,0.0
12/2025,999,5.1.02.01.000012,186.14086
12/2025,999,5.1.03.01.000001,-92.55904
12/2025,999,5.1.03.01.000002,-12.30077
12/2025,999,5.1.03.01.000003,-376.69606
12/2025,999,5.1.03.01.000004,-41073.78687
12/2025,999,5.1.03.01.000005,-41.68728
12/2025,999,5.1.03.01.000007,-3.61948
12/2025,999,5.1.03.02.000001,-80.31237
12/2025,999,5.1.04.01.000001,-132.99157
12/2025,999,5.1.04.01.000002,-988.72283
12/2025,999,5.1.04.01.000004,-4220.77858
12/2025,999,5.1.04.01.000005,-4.27786
12/2025,999,5.1.04.01.000006,-85.69467
12/2025,999,5.1.04.01.000007,0.0
12/2025,999,5.1.04.01.000009,-3.5
12/2025,999,5.1.04.01.000010,0.0
12/2025,999,5.1.04.01.000011,0.0
12/2025,999,5.1.04.01.000014,-8808.69538
12/2025,999,5.1.04.01.000015,-0.59942
12/2025,999,5.1.04.01.000016,-1.5325
12/2025,999,5.1.04.01.000017,-642.50376
12/2025,999,5.1.04.02.000001,294.23293
12/2025,999,5.1.04.02.000002,969.02426
12/2025,999,5.1.04.02.000003,435.44494
12/2025,999,5.2.01.01.000001,0.0
12/2025,999,5.9.01.01.000001,-150.49678
12/2025,999,5.9.01.01.000002,-101.3528
12/2025,999,5.9.01.02.000001,-418.04663
12/2025,999,5.9.01.02.000002,-257.53556
